cluster,restaurant,branch,review_text,rating,distance_to_centroid
0,A2B,Mylapore,"thumb-up-fill negative pani puri platter 0 votes for helpful , 1 comment thumb-up helpful chat comment share share savia pereira 0 reviews 29 followers follow 4 star-fill dining jul 31, 2022 thumb-up-fill positive customer service price sambar quality seating arrangement management very affordable thumb-up-fill negative staff hygiene meals sweets 0 votes for helpful , 1 comment thumb-up helpful chat comment share share nancy maya 0 reviews 1 followers follow 5 star-fill dining nov 06, 2019 thumb-up-fill positive young crowd parking space available",,0.024837501
0,Saravana Bhavan,Vadapalani,thumb-up-fill negative unhygienic spicy,,0.079058185
0,Geetham,Navallur,"thumb-up-fill positive good and fast service good food, fast service, very respectfully staff. the staff who serviced us mahendran was very good and well mannered",,0.094585024
0,Sree Annapoorna,Chromepet,thumb-up-fill negative too spicy very oily,,0.1011638
0,Namma Veedu Vasanta Bhavan,Anna Nagar East,thumb-up-fill negative chilli parotta paneer chilli parotta,,0.1197543
0,Saravana Bhavan,Vadapalani,thumb-up-fill positive my favorite restaurant,,0.12046278
0,Saravana Bhavan,Santhome,thumb-up-fill positive chilli parotta,,0.1259661
0,A2B,T. Nagar,thumb-up-fill positive papadam thumb-up-fill negative paneer chilli post our office meeting we stoped by the ananda bhavan for lunch. a well known veg thali restaurant. good food but quantity is too less. and too much of rice. we tried paneer chilly as side but the paneer was little chewee. had to change the taste with a strong fliter coffee. good place for a quick meal.,,0.13930249
0,Namma Veedu Vasanta Bhavan,Chromepet,thumb-up-fill positive delivery fast please prefer ms.maheshwari as your delivery person for the quickest delivery to get your food on time.,,0.14098826
0,Geetham,Navallur,"thumb-up-fill positive fresh food good serve with happy face , immediately response by mahendra 🤟thanks for making the dinner good 👍👍",,0.14841966
0,Sangeetha,Velachery,thumb-up-fill positive taste,,0.15251525
0,Saravana Bhavan,Vadapalani,"thumb-up-fill negative price vs portion size un... once i ordered a mini tiffin, which would contain masala dosa,rava kitchadi and 6 mini idlies. and i got 1 idly instead of 6 mini sized ones. that is okay, some how one big idly will make up that quantity. but i got rava kitchadi in a small chutney box, which is just a handfull. and for the price they charge this is absolutely unfair to give such small quantities of food.",,0.1555082
0,A2B,Tambaram,thumb-up-fill negative family restaurant,,0.15712841
0,A2B,Tambaram,thumb-up-fill positive sweets mini tiffin veg,,0.16045107
0,Sree Annapoorna,Alandur,thumb-up-fill negative intrusive staff i couldn't even give 1star for this restaurant due there behavior and disrespectful ..they have set of combos in swiggy pop in that half the items r missing. if we ask them in loud voice they r saying this much olyv can provide and u can complain where ever u want... i had attached the photo of there combo and i got oly 3items in that... i won't recommend any of u to order in this restaurant.. thank you,,0.16359356
1,Sree Annapoorna,ANNAPURNA HOTEL & RESTAURANT,good service. you will feel like family here. all bengali dishes are available here. room rent not so high.,,0.017250068
1,Sree Annapoorna,ANNAPURNA HOTEL & RESTAURANT,"this restaurant is very good, this restaurant have all type of bengali meal. their foods are very tasty and i'll definitely recommend you to visit and eat here, they also provide quick service and you'll definitely like their service. and the behaviour of the staff is also very nice and formal.",,0.01887012
1,Sree Annapoorna,ANNAPURNA HOTEL & RESTAURANT,best banggali food available here. they maintain hygiene an quality.,,0.02681168
1,Sree Annapoorna,ANNAPURNA HOTEL & RESTAURANT,best bengali food to get 🔥 must have a try. ₹50 for rice thali (unlimited) and management and behaviour is also good. and above all its tidy. …,,0.02782812
1,Sree Annapoorna,ANNAPURNA HOTEL & RESTAURANT,"good bengali foods in vellore, rolls and moglai is also available in the evening.",,0.02914537
1,Sree Annapoorna,ANNAPURNA HOTEL & RESTAURANT,the bengali style food in the region. but the manager is not well behaved man he is rude .but all other stuff are friendly.,,0.03335781
1,Sree Annapoorna,ANNAPURNA HOTEL & RESTAURANT,"authentic bengali food available. prices are quite economical. the quality and quantity of food is also satisfactory. only problem is too much rush, so you probably have to wait and have patience for your food to get served.",,0.036631703
1,Sree Annapoorna,ANNAPURNA HOTEL & RESTAURANT,"you can find most of bengali food.price are reasonable.rice-fish-vegatable -ruti-tarka famous in this hotel.stuffs behave are not good,be aware from before doing any mistake.lot of menus there try to select first then order otherwise they don't change it.",,0.037650958
1,Sree Annapoorna,Shree Annapoorna Mess,good food quality in vellor for bengali peoples. cook and stuff are aslo fromm west bengal,,0.041970327
1,Sree Annapoorna,ANNAPURNA HOTEL & RESTAURANT,they have very hygienic and clean place to eat. food here is very tasty and healthy. a full bengali menu. …,,0.042659868
1,Sree Annapoorna,ANNAPURNA HOTEL & RESTAURANT,"far from home and bengali culture, you will get native test here as a bangali. that was two year back. but now they know business and how to cheat their …",,0.04333572
1,Sree Annapoorna,ANNAPURNA HOTEL & RESTAURANT,if you are fan of bengali food this is the place where u want to be. they have excellent food with reasonable price. veg and non veg options. highly recommended.,,0.050317448
1,Sree Annapoorna,ANNAPURNA HOTEL & RESTAURANT,"for an bangladeshi it's the best hotel in vellore. since it's close to cmc, you can visit it just by walking for 5 minutes. there are very varietys of bangladeshi food there, such as different types of vorta,sidol,puri etc. i will definitely recommend it.",,0.05117885
1,Sree Annapoorna,ANNAPURNA HOTEL & RESTAURANT,it is best bengali hotel near cmc hospital. food isn't that spicy and very much good for people with weak digestion. though the number of items available is small quality of food is good than other restaurant nearby especially better than rimpa hotel. giving 4 stars due to clumsy look of the restaurant.,,0.052211184
1,Sree Annapoorna,ANNAPURNA HOTEL & RESTAURANT,"authentic bengali flavors at their best! this place truly captures the essence of bengali cuisine with its fresh ingredients, perfectly balanced spices, and traditional cooking methods.",,0.052283324
2,Saravana Bhavan,Chennai,"excellent vegetarian fare and reasonable price. good location, near egmore station (kennet lane opp hotel victoria). superb mini breakfast and filter coffee. table service in ac or non ac and courteous service. clean food. carry your own water or buy a sealed water bottle, as a precaution for the location.",,0.029889507
2,Namma Veedu Vasanta Bhavan,Restaurant_Review-g304556-d1109756-Reviews-Vasantha_Bhavan-Chennai_Madras_Chennai_District_Tamil_Nadu.html,"it is located exactly opposite to egmore railway station, main place for having good south indian food at nominal money.",,0.030947248
2,Namma Veedu Vasanta Bhavan,Restaurant_Review-g304556-d1109756-Reviews-Vasantha_Bhavan-Chennai_Madras_Chennai_District_Tamil_Nadu.html,the restaurant is very much near to the egmore railway station. just opposite to station. provides optimum range of varities and good for south-indian.,,0.049180053
2,Namma Veedu Vasanta Bhavan,Namma Veedu Vasanta Bhavan,rathi good service best restaurant for nearby egmore station,,0.050045516
2,Namma Veedu Vasanta Bhavan,Egmore,"guess, reviewing about the restaurant that as branches spread all over the city is never so interesting. in and around egmore railway station you could find many prominent restaurant brands that is crowded with regular visitors and travelers all the time. and there is two vasantha bhavan, the old one and the new namma veedu vb. located just opposite to the egmore local train station is the old vb. we dropped there for a quick breakfast on a sunday. the restaurant was small as most of the space is occupied by their sweet stall and kitchen area. the place is most often crowded and the least you should expect is a pleasant service. as everyone knows the restaurant expertise in south indian... read more",,0.0525967
2,Namma Veedu Vasanta Bhavan,Namma Veedu Vasanta Bhavan,located just opposite to egmore railway station. neat and clean restaurant with plenty of vegetarian menu options. special call out for mr.pushparaj who helped serve food during our visit. we will visit again.,,0.052710515
2,Namma Veedu Vasanta Bhavan,Restaurant_Review-g304556-d1109756-Reviews-Vasantha_Bhavan-Chennai_Madras_Chennai_District_Tamil_Nadu.html,tasty food just located opp to egmore station. had variety of food to order round the clock. service is quick and courteous.,,0.05466864
2,Namma Veedu Vasanta Bhavan,Restaurant_Review-g304556-d1109756-Reviews-Vasantha_Bhavan-Chennai_Madras_Chennai_District_Tamil_Nadu.html,"due to its location just opposite the egmore railway station, this eatery is always crowded. very reasonably priced items , snacks , lunch or dinner , with authentic south indian taste. service is prompt and efficient. place needs more modernisation, and better maintenance as far as cleanlines is considered.",,0.055644356
2,Namma Veedu Vasanta Bhavan,Namma Veedu Vasanta Bhavan,yesterday morning i had visited this hotel opp to egmore railway station. food quality is very bad. there is no one to take order. will never visit this hotel in my life.,,0.05751771
2,Saravana Bhavan,Chennai,this is one of the hotels in their group it is situated just opp to egmore railway station. neat and tasty food available of all south indian and north indian varieties. they will accept cash or card and even paytm is ok only negative is lill costlier than budget hotels,,0.06003494
2,Namma Veedu Vasanta Bhavan,Restaurant_Review-g304556-d1109756-Reviews-Vasantha_Bhavan-Chennai_Madras_Chennai_District_Tamil_Nadu.html,"bang opposite to egmore railway station.. serves hot and fresh south indian breakfast items like idly, dosa and pongal and tea/coffee. don't try anything adventurous. service is quick and efficient.",,0.06247712
2,Saravana Bhavan,Chennai,"its well renowned eatery near egmore railway station. food tastes good here and the service is quick, gets crowded during lunch hours.",,0.06457803
2,Namma Veedu Vasanta Bhavan,Restaurant_Review-g304556-d1109756-Reviews-Vasantha_Bhavan-Chennai_Madras_Chennai_District_Tamil_Nadu.html,"this food place is just oppiste egmore railway station, they serve indian food is cheaper than other same outlets at this area. the staff is clean & polite they top up curry without having to ask for it. & explain menu too.thank you",,0.07408434
2,Namma Veedu Vasanta Bhavan,Restaurant_Review-g304556-d1109756-Reviews-Vasantha_Bhavan-Chennai_Madras_Chennai_District_Tamil_Nadu.html,just opposite to egmore station. good food and worth of money. i found chinese here very good. have been here many times.,,0.07610384
2,Namma Veedu Vasanta Bhavan,Restaurant_Review-g304556-d1109756-Reviews-Vasantha_Bhavan-Chennai_Madras_Chennai_District_Tamil_Nadu.html,"had dinner along with a friend in march during a business trip. the restaurant is located just opposite egmore station. it has a good menu of south indian vegetarian fare which is also reasonably priced. excellent taste and very attentive, courteous and efficient service. highly recommended for vegetarians.",,0.07797635
3,A2B,Adyar+Ananda+Bhavan+ +A2B,"i went to adyar ananda bhavan recently and loved the ambiance. the food was top-notch! i tried their masala dosa, which was delicious, especially when paired with their chutney and sambar. the restaurant was clean, hygienic, and provided a wonderful dining experience for all of us.",,0.016791536
3,A2B,Adyar+Ananda+Bhavan+ +A2B,adyar ananda bhavan is located near avadi check post it has car parking and bike parking facilities and it has mini party hall above the restaurant the food quality and taste are awesome we have tried various item all the items are good but …,,0.029525438
3,A2B,Adyar+Ananda+Bhavan+ +A2B,"visited adyar ananda bhavan (a2b) after a couple of months, and honestly, the experience has slipped compared to earlier visits. the place didn’t feel as clean and tidy as it used to be—flies around and used plates/trolleys left unattended …",,0.03203981
3,A2B,Adyar+Ananda+Bhavan+ +A2B,"i recently visited adyar ananda bhavan for lunch, planning to have meals. due to heavy crowd, the waiting time for fine dining was around 30 minutes, so we decided to sit on the ground floor instead. …",,0.033718035
3,A2B,Adyar+Ananda+Bhavan+ +A2B,"i visited the adyar ananda bhavan outlet in gandhipuram last night.the quantity and quality of the food were reasonably good, but the prices were on the higher side. however, the service style and the staff's demeanor were somewhat …",,0.03937778
3,A2B,Adyar+Ananda+Bhavan+ +A2B,"ananda bhavan hotel in annamalai nagar, trichy, offers a decent dining experience but leaves room for improvement. the service here is commendable; the staff is attentive and courteous, making you feel welcome from the moment you step in. …",,0.03972808
3,A2B,Adyar+Ananda+Bhavan+ +A2B,"i recently visited adyar ananda bhavan (a2b) and had an overall okay experience. the place itself is quite appealing—well-maintained and the ambience is pleasant, making it a comfortable spot to enjoy a meal. the decor and seating …",,0.040793184
3,A2B,Adyar+Ananda+Bhavan+ +A2B,adyar ananda bhavan in coimbatore is an absolute gem for those seeking authentic and delicious south indian cuisine. …,,0.042395692
3,A2B,Adyar+Ananda+Bhavan+ +A2B,"this adyar ananda bhavan situated in nh 45 near vikravandi toll gate before villupram, is a decent restaurant for travellers. the rates are also reasonable for all items.",,0.04338775
3,A2B,Adyar+Ananda+Bhavan+ +A2B,"if you are in trichy and looking for a perfect spot to enjoy authentic south indian vegetarian food with a modern touch, adyar ananda bhavan (a2b) is without doubt one of the best places to visit. the moment you step into the restaurant, …",,0.043811504
3,A2B,Adyar+Ananda+Bhavan+ +A2B,"adyar ananda bhavan is a reliable go-to spot for classic south indian sweets, snacks, and quick meals ( breakfast, lunch, tiffin, dinner ) in the heart of adyar. …",,0.04400163
3,A2B,Adyar+Ananda+Bhavan+ +A2B,"a2b adyar anand bhavan is a great stop for authentic south indian food, whether you’re with family, friends, or dining alone. conveniently located on the coimbatore–bangalore highway, it’s ideal for both quick snacks and a proper meal. the …",,0.04630387
3,A2B,Adyar+Ananda+Bhavan+ +A2B,"hotel adyar ananda bhavan is a well-known vegetarian restaurant chain in india. they have a branch in villupuram, which is conveniently located on the chennai-tiruchy highway. the restaurant has ample parking space for cars and is easily …",,0.048042424
3,A2B,Adyar+Ananda+Bhavan+ +A2B,"a2b - adyar ananda bhavan is my go-to place for sweets and tiffin. the sweets are always fresh, rich in taste, and consistently good, while the tiffin items are hygienic, satisfying, and perfect any time of the day. a reliable spot for classic south indian food and traditional treats!",,0.05036762
3,A2B,Adyar+Ananda+Bhavan+ +A2B,adyar ananda bhavan - a2b nh thoppur vegetarian hotel at national highway …,,0.051588725
4,A2B,Adyar+Ananda+Bhavan+ +A2B,"i recently ordered from a2b and was very happy with the experience. the variety of snacks was really good, and everything was neatly packed and fresh on arrival. the poli and appam were outstanding perfectly made with just the right amount …",,0.04816258
4,A2B,Adyar+Ananda+Bhavan+ +A2B,"visited the newly opened a2b recently. the ambience was amazing, and the food quality was really good, especially the schezwan noodles and coffee, which we enjoyed a lot. …",,0.058373325
4,A2B,T. Nagar,"taste,packaging,vfm can never go wrong when it is a2b.as the place was quite crowded i had to take away them.everything seemed normal regarding the spice",,0.059687793
4,A2B,Adyar+Ananda+Bhavan+ +A2B,"we wanted to choose a good place for a lunch break on the highway and a2b was a unanimous choice for everyone in our car! we got hot and tasty meals with a variety of curries, curd, appalam, payasam and …",,0.059893496
4,A2B,Adyar+Ananda+Bhavan+ +A2B,"as always a2b stands firm with their quality & also its service, cos the welcoming was so warm when we stepped inside early morning for breakfast at 6.30am offcourse it was served hot & with warm gesture …",,0.060779687
4,A2B,Adyar+Ananda+Bhavan+ +A2B,"while the quantity and pricing were upto a2b standards, i’d sadly say that this is the worst i have tasted in my history of visits to any a2b outlet. the gobi manchurian was bland and had too much of kadipatta and mysore masala …",,0.06357728
4,A2B,Potheri,stopped at a2b on the way back to city after a long drive. wanted to have some evening snack and cup of tea. ordered a plate of onion pakodas and tea. i was bit disappointed to notice that the pakodas were a little stale. probably made in the morning. also the service was not good.,,0.07030259
4,A2B,Adyar+Ananda+Bhavan+ +A2B,i am the top eater of a2b. today i had very worst exp at this outlet. idly was like cricket ball. poori was like rubber. sambar was lunch sambar. got stomach pain. worst quality. i think it may a duplicate a2b.,,0.07741901
4,A2B,Mylapore,"the thing that pops out when a2b is visited is dahi chats. they have reduced their quantity in the recent months, but taste is really good.(though slightly deviating from the norms sometimes). hardly 25-30 people can be seated at a time. my favourites are chilli parotta, chilly baby corn, dahi based chats.",,0.0822737
4,A2B,Mylapore,for lunch we came here. it is a small place when compared to other a2b. the cleaning cloth used by the cleaning guy was stinking and i had to go to another table after he cleaned the table. we ordered... curry leaf rice -> good mini meals -> not worth the price. chapati was very dry and brittle. dahi puri -> not that great.,,0.08238871
4,A2B,Adyar+Ananda+Bhavan+ +A2B,a conveniently located joint for both passengers and general public. the food was classical like any other a2b joint. them operating only limited seats at the ground floor at peak morning hours despite having a first floor dining was something questionable.,,0.08486024
4,A2B,Adyar+Ananda+Bhavan+ +A2B,"the taste was poor. even the local road side shop taste is better than this a2b. it's just the brand but the taste is just zero. the place was heavily crowded though, just bec of the brand value and there is not hotels nearby. but no one …",,0.085211694
4,A2B,Adyar+Ananda+Bhavan+ +A2B,"we stopped at a2b for lunch mainly because the ambience looked very nice and we trust the a2b brand. however, our experience was disappointing. …",,0.08659938
4,A2B,Adyar+Ananda+Bhavan+ +A2B,"a pleasant spot for a coffee i recently visited a2b and had a coffee, which was truly delicious. the taste was rich and satisfying, definitely one of the highlights of my visit. …",,0.08776943
4,A2B,Adyar+Ananda+Bhavan+ +A2B,"the food at a2b is tasty and reliable as always. one concern is the seating arrangement—the distance between the table and chair is too narrow, making it difficult to sit and eat comfortably.",,0.08875161
5,Namma Veedu Vasanta Bhavan,Namma Veedu Vasanta Bhavan,"over the last five years, we've been visiting vasantha bhavan, and each time has been a great experience. yesterday, we ordered the veg chukka, and it was absolutely fantastic! the food was delicious, and the customer service, especially from mr. dinakaran, was excellent. the quality and taste of the food were top-notch.",,0.04317604
5,Namma Veedu Vasanta Bhavan,"VB World By Namma Veedu Vasanta Bhavan - Velachery, Chennai","had a wonderful experience at vasantha bhavan. the food was absolutely awesome – fresh, tasty, and perfectly served. a special mention to mr. dhana for the excellent service. he was very polite, attentive, and made sure we were comfortable throughout. really happy with the overall experience. highly recommended! 😊 …",,0.045044076
5,Namma Veedu Vasanta Bhavan,Namma Veedu Vasanta Bhavan - Hosur,"i recently visited hotel vasanta bhavan and had a wonderful experience. the food was absolutely delicious, especially the crispy dosa and flavorful sambar. every dish tasted fresh and authentic, just like homemade south indian food. …",,0.048212033
5,Namma Veedu Vasanta Bhavan,Namma Veedu Vasanta Bhavan - Hosur,"had a wonderful breakfast experience at vasantha bhavan. the food was truly authentic, comforting, and tasted just like a wholesome home-style south indian meal. …",,0.051280946
5,Namma Veedu Vasanta Bhavan,VB World by Namma Veedu Vasanta Bhavan,"had a wonderful experience at vasantha bhavan veg. the food was fresh, delicious, and served hot. the taste was authentic, and the quality was excellent. a special thanks to deepa for her friendly attitude and excellent service. she handled …",,0.05128707
5,Namma Veedu Vasanta Bhavan,Namma Veedu Vasanta Bhavan,"i had a wonderful experience at vasantha bhavan. the food was delicious, fresh, and served on time, making the whole dining experience very satisfying. …",,0.06015173
5,Namma Veedu Vasanta Bhavan,Namma Veedu Vasanta Bhavan - Hosur,"visited vasantha bhavan recently and had a really pleasant experience. the food was fresh, tasty, and served hot — classic south indian flavours done right. dosa, idli, and coffee were all spot on. …",,0.062871106
5,Namma Veedu Vasanta Bhavan,"VB World By Namma Veedu Vasanta Bhavan - Velachery, Chennai","really this place is awesome , such a lovely and tasty food , specially ambience is outstanding, completely changed my view of vasanth bhavan , quick service must try , even though weekend crowd , well managed , surely visit again , see you guys 👍🏻👍🏻👍🏻👍🏻👍🏻👍🏻👍🏻 …",,0.06464915
5,Namma Veedu Vasanta Bhavan,Namma Veedu Vasanta Bhavan,"every time i come to phoenix for seeing cinema, i invariably visit vasanta bhavan. yesterday on 6 november 2025, i came to phoenix with my wife for seeing the movie kanthara that started at 2 pm. we arrived at phoenix at around 1.15 pm. we …",,0.06884726
5,Namma Veedu Vasanta Bhavan,"VB World By Namma Veedu Vasanta Bhavan - Velachery, Chennai","improvised version of normal vasantha bhavan. quick service. good ambience and seating.valet parking available. kids friendly place. has wide range of cuisines starting with south indian, …",,0.07079078
5,Namma Veedu Vasanta Bhavan,Namma Veedu Vasanta Bhavan,"vasanta bhavan is an all vegetarian south indian food restaurant at phoenix mall at the heart of city. located at second floor, this place is one of the prominent visiting and dining place. their snacks and food is indeed good. they serve …",,0.074853286
5,Namma Veedu Vasanta Bhavan,Namma Veedu Vasanta Bhavan,staying at ginger vadapalani vasantha bhavan was our eat stop for 3 days. we had nice experience here 3-4 times we visited for both breakfast and dinner. the price were reasonable and the quality/quantity/taste were up to the mark. they …,,0.0768992
5,Namma Veedu Vasanta Bhavan,Namma Veedu Vasanta Bhavan - Hosur,"excellent breakfast and wonderful service had our breakfast today at vasantha bhavan – hosur branch, and the experience …",,0.07723969
5,Namma Veedu Vasanta Bhavan,Namma Veedu Vasanta Bhavan,"i visited namma veetu vasanta bhavan yesterday for lunch and found the food to be good, although it didn't reach the level of being exceptional. the restaurant's environment and ambiance were pleasant, contributing to a comfortable dining …",,0.07928716
5,Sangeetha,Poonamallee,"i want to highlight the exceptional service of vasanth raj, who truly transformed our experience today. when we arrived, we were waiting for a table, and the section nearby was completely empty. after i approached him, he immediately took …",,0.08041843
6,Namma Veedu Vasanta Bhavan,"VB World By Namma Veedu Vasanta Bhavan - Saligramam %28Vadapalani%29, Chennai",ekra ahmed - good service by him in vb world. polite and humble person. vb world ambience is outstanding! the og veg restaurant in saligramam. the most awaited one!!!,,0.008576235
6,Namma Veedu Vasanta Bhavan,"VB World By Namma Veedu Vasanta Bhavan - Saligramam %28Vadapalani%29, Chennai",today i happen to visit vb world saligramam for breakfast. its a new and big place. atmosphere is premium 👌 has upmarket upholstery. ample parking and good service. plenty of food varieties both south and north indian. hope they maintain the shine and pristine condition for long time. …,,0.0137220295
6,Namma Veedu Vasanta Bhavan,"VB World By Namma Veedu Vasanta Bhavan - Velachery, Chennai","dhana and nirupati were very courteous in serving us dinner. recommend this place for food, ambience and service. i also have breakfast almost daily. mugila is very courteous and helpful. overall experience with vb world is awesome. food, ambience and staff",,0.023754584
6,Namma Veedu Vasanta Bhavan,Vasantha Bhavan - V B World,i always give 5 star for vb world in both anna nagar and sharaf dg as i like to visit for the favourite signature dish truffle mushroom dim sum and the nice service by the captain and managers. but this time i got to give 3 star for service …,,0.025356483
6,Namma Veedu Vasanta Bhavan,VB World by Namma Veedu Vasanta Bhavan,"vb world is a great place if you're looking to enjoy authentic south indian cuisine. the ambience was impressive — warm, inviting, and beautifully designed interiors that set the mood just right. …",,0.026028203
6,Namma Veedu Vasanta Bhavan,"VB World By Namma Veedu Vasanta Bhavan - Velachery, Chennai","newly opened vb world at velachery next to gurunanak college. good parking space and valet parking service is good. they have a cafe at the entrance for quick chit chat coffee, snacks and pastry. variety of cakes for small gathering. and …",,0.027016435
6,Namma Veedu Vasanta Bhavan,"VB World By Namma Veedu Vasanta Bhavan - Saligramam %28Vadapalani%29, Chennai","we recently visited vb world vija, which has just opened and is being promoted as a destination for global cuisine alongside indian favorites. naturally, we went in with high expectations, especially given the hype around its concept and …",,0.036347087
6,Namma Veedu Vasanta Bhavan,"VB World By Namma Veedu Vasanta Bhavan - Velachery, Chennai","we had an amazing experience at vb world velachery. the food was absolutely fantastic. the best part is the multi cuisine menu. every person in my family prefers different cuisine when eating out. we order north indian, south indian, …",,0.04117309
6,Namma Veedu Vasanta Bhavan,"VB World By Namma Veedu Vasanta Bhavan - Velachery, Chennai",⭐ vb world – a detailed review we visited vb world last saturday evening. as expected during weekends and the …,,0.05305782
6,Namma Veedu Vasanta Bhavan,Vasantha Bhavan - V B World,had a great experience at vb world and special thanks to vindhiya for the service.,,0.058819827
6,Namma Veedu Vasanta Bhavan,"VB World By Namma Veedu Vasanta Bhavan - Saligramam %28Vadapalani%29, Chennai","we chose vb house vadapalani for our event, and it was a fantastic decision. we were particularly impressed by the new, scenic party hall and the exceptional service provided by the management team. …",,0.061577972
6,Namma Veedu Vasanta Bhavan,"VB World By Namma Veedu Vasanta Bhavan - Velachery, Chennai","""had an absolutely incredible dining experience at vb world! it is hands down one of the best restaurants i’ve visited. the food was simply awesome—every dish was packed with flavor and cooked to perfection. what really made the experience …",,0.063349545
6,Namma Veedu Vasanta Bhavan,"VB World By Namma Veedu Vasanta Bhavan - Velachery, Chennai","vb world in velachery is a casual restaurant with a lively, welcoming atmosphere that sets it apart from your usual dine-in spot. the menu blends familiar comfort dishes with creative twists, and portions are generous without feeling heavy. …",,0.06562911
6,Namma Veedu Vasanta Bhavan,"VB World By Namma Veedu Vasanta Bhavan - Velachery, Chennai","there are already thousands of reviews about vb world, so let me cover the least talked-about part. this restaurant mainly focuses on north indian, chinese, and western cuisines …",,0.06796614
6,Namma Veedu Vasanta Bhavan,VB World by Namma Veedu Vasanta Bhavan,"vb world offers a wide range of menu varieties - north indian, south indian, chinese, european, etc. good ambience. family friendly. valet parking available. …",,0.06907149
7,Geetham,Geetham Veg Restaurant,"visited geetham veg restaurant on 14th may with my family for a quick lunch. usually i visit with clients, but this visit was disappointing due to the attitude and service behavior of one staff member named suraj (order taker / station …",,0.03447363
7,Geetham,Geetham Veg Restaurant,"wish to notice to the management of geetham to maintain certain hygienic conditions, even though the food is served in banana leaf , you must ensure the bottom plate is cleaned well ! or use them as well disposable! i have to stop my eating …",,0.04492434
7,Geetham,Geetham Veg Restaurant,"geetham food maintains good standards when it comes to food quality, holding its own among similar vegetarian restaurant chains. …",,0.05675134
7,Geetham,Geetham Veg Restaurant,"am a regular at geetham restaurantsas they have maintained the simplicity and taste of everyday food across all their branches. however, this particular branch has seen a decline in service standard over the …",,0.06214802
7,Geetham,Geetham Veg Restaurant,"today, 15th february 2026, we visited geetham restaurant located on gst road near grand galada for lunch. …",,0.06301147
7,Geetham,Geetham Veg Restaurant Mount Road,"we had visited geetham mount road this evening and here is my review. our thanks to admin manager ebenezer who guided us politely from the parking, mahalakshmi am for seating arrangements, captain arjun and waiter anuj for their wonderful …",,0.06753608
7,Geetham,T. Nagar,thumb-up-fill positive fresh food good quality elaborate menu customizable food family crowd my favorite place just got upgraded! not with just their name but also the quality and variety of food. visited geetham last sunday morning with friends and had the best south indian breakfast in a long time.,,0.06840398
7,Geetham,Geetham Veg Restaurant   Koyambedu,"""we had a wonderful dining experience at geetham restaurant during our chennai trip. the ambiance was lovely, and the food was delicious. the service from renuka and abhija was exceptional - very professional and attentive. we thoroughly enjoyed our meal and look forward to visiting again soon!"" 😊 …",,0.069511786
7,Geetham,Geetham Veg Restaurant   Koyambedu,"new geetham branch in the area. big property with parking facility and bang opposite to the koyembedu bus stand. i was attended to by mr. rajan, who was kind enough to suggest the chettinad mini tiffin. the taste and variety in the plate …",,0.07410617
7,Geetham,"Geetham Veg Restaurant   Vettuvankeni, ECR","newly opened geetham on ecr at vettuvankeni is definitely worth a visit! we went there for a sunday lunch, and since the crowd was moderate, there was no waiting time. …",,0.07707319
7,Geetham,Geetham Veg Restaurant,do not give any order online at geetham restaurant. they said they will deliver themselves. just ordered a sandwich and a coffee at 432pm and the delivery not done until 615pm. the restaurant was just 15mnts walking distance from the …,,0.079010025
7,Geetham,Geetham Veg Restaurant Mount Road,"today, around 10 members of our family visited the mount road branch of geetham for lunch. …",,0.08213635
7,Geetham,"Geetham Veg Restaurant   Vettuvankeni, ECR","we dined at geetham veg restaurant with family and had a great time. the food was delicious and served fresh. mr. balamurugan, mr. marimuthu capt, and manager praveen took such good care of us with their amazing service and smiles. we’ll be back again!",,0.08456608
7,Geetham,Geetham Veg Restaurant,"🌟 vegetarian delight at geetham! 🌟 geetam is a great spot for vegetarian food lovers! the menu offers a wide range of delicacies from south indian, north indian, and chinese cuisines, along with …",,0.085769005
7,Geetham,Geetham Veg Restaurant,"i have been coming to this particular geetham a lot with family, alone and with friends. i have always had a problem of the waiting staff not taking my orders or asking if i need anything else or even help me with menu. but mr. sikandhers …",,0.08627317
8,A2B,Adyar+Ananda+Bhavan+ +A2B,good food and hospitality. price is too much for tea. they are charging 40 rups. even vada price is less than tea.,,0.037202694
8,Sree Annapoorna,Annapoorna Veg Restaurant - Vellore City,we had tea ( karupatti tea) awesome taste i would say. but in the washroom there is no lights have to go with mobile torches...they should maintain well and neat i would say.,,0.06382271
8,Sree Annapoorna,Annapoorna - Saibaba colony,good atmosphere... taste was good but tea was not as ganapathy annapoorna branch ... car parking only a problem. road side parking only..two wheeler parking available,,0.072692096
8,Sree Annapoorna,HOTEL SRI ANNAPOORNA,tea was above average. good place for a cuppa tea and spacious,,0.09321615
8,Geetham,Geetham Veg Restaurant,i came here with family for a quick tea time. the service was good. the staffs were friendly and helpful. the food was also good at a reasonable price. probably they need to focus more on the cleanliness.,,0.11003116
8,Sree Annapoorna,SRI ANNAPOORANA Pure Veg,i order tea but they’re steaming.,,0.12452112
8,A2B,Adyar+Ananda+Bhavan+ +A2B,good a/c tea break option,,0.12500979
8,Namma Veedu Vasanta Bhavan,Vasantha Bhavan - V B World,i ordered tea and it was a spoiled tea was served to the table it was not upto what they are named for worst tea and ruined my experience,,0.12902747
8,A2B,Adyar+Ananda+Bhavan+ +A2B,the food was good. mr.muthukumar served us. v ordered for black tea. initially it was not available later he informed us politely mam pls wait i'll make some arrangements n getvyu black tea. chappathi v order was bit hard. it can b improved. service was good..,,0.1371352
8,Sree Annapoorna,Sri Annapoorna Bakes,"tea tast good, coffice taste excellent",,0.1379477
8,Sree Annapoorna,Sri Annapoorna Bakes,tea and buff super taste 😁😊 …,,0.13806778
8,Sree Annapoorna,SAS Pongalur | Sri Annapoornis Sweets | Karur,i drunk tea today but tea smell is very bad then pani puri rasam taste is very very worst,,0.14802517
8,Sree Annapoorna,HOTEL SRI ANNAPOORNA,"today i visited hotel sri annapoorna veg trichy ,i have ordered two set paratha and one tea,paratha was no heat but vegetable kuruma was ok , then i tasted tea very shocked tea very worst ,this is the worst experience i have ever had in …",,0.15023836
8,A2B,Adyar+Ananda+Bhavan+ +A2B,had breakfast and evening tea here two to three times in the last year. very tasty food. very good ambiance. the restaurant is in first floor. one thing i noticed is that the service is slow. may be because not many people to eat that time. …,,0.20290866
8,Namma Veedu Vasanta Bhavan,Namma Veedu Vasanta Bhavan,i feel bad how the quality of food beverage and staff has gone down in vb at phoenix mall velachery. i asked for a simple plain tea and they gave me masala tea twice. all the people working looked sad or angry don’t know why,,0.22167349
9,Sree Annapoorna,Tirupur Sree Annapoorna Sweets shop,"the shop tends to be quite crowded at most times, and the staff should show a more welcoming and polite attitude toward customers. additionally, the selection of sweets is somewhat limited, and the freshness of the items needs to be improved.",,0.13994715
9,A2B,Adyar+Ananda+Bhavan+ +A2B,gone worst. sweets are very old stock. the very next day its got rotten. but the bill is so expensive... not worthy at all. bad customer service. no respect at all. we have to wait nearly 20 to take the order. my foot😡 …,,0.16750145
9,A2B,Adyar+Ananda+Bhavan+ +A2B,"i went to a2b, adyar to buy 1/2kg assorted premium variety sweet to gift in a family function yesterday. the waiting time for packing the sweet was too long, and also the billing time. i had to wait for about 20 minutes, and that was not a peak time and i was the only customer there to attend. very unhappy with the service.",,0.17254649
9,A2B,Adyar+Ananda+Bhavan+ +A2B,"the sweets here taste great and are definitely worth buying, but the restaurant service is painfully slow. be prepared to wait so long that you’ll start wondering if they forgot your order.",,0.21507433
9,A2B,Adyar+Ananda+Bhavan+ +A2B,generally good.sweets not available except kesari.. if you ask the staff would tell a2b sweet stall is nearby and there only you get...the management should arrange sweets on the table somehow.not good to inform the customer where we get …,,0.2204574
9,Sree Annapoorna,Sree Annapoorna Sweets & Savouries - Erode,the worst.... sweets are not soo good for the money... sweets were old...,,0.2217744
9,A2B,Adyar+Ananda+Bhavan+ +A2B,lots of options for sweets and snacks. excellent sweet stall! the sweets were very fresh and incredibly tasty. highly recommended for anyone with a sweet tooth!,,0.2860935
9,A2B,Adyar+Ananda+Bhavan+ +A2B,wide range of traditional indian sweets and savories. attending staff at sweet counter were very helpful. the staff went extra mile to pack the sweet boxes securely when she realized that i am bringing it back to my home country,,0.28780958
9,Sree Annapoorna,SAS Pongalur | Sri Annapoornis Sweets | Karur,innovative ideas are exhibited in packing the sweets and spice powders.fresh and delicious sweets and savouries are available at sas.the tea i had didn't meet my expectation. cleanliness is maintained.,,0.29177204
9,Sree Annapoorna,Sree Annapoorna Sweets & Savouries - Erode,"sweets, masala snacks at first quality.",,0.29389387
9,A2B,Adyar+Ananda+Bhavan+ +A2B,has got a variety of options in sweets and savouries. packs in various weights are also available. we can purchase as per our requirements. …,,0.2947871
9,A2B,Adyar+Ananda+Bhavan+ +A2B,recently tried there asorrted dry fruit sweets.... all we're soo yummy😋... soooooo fresh they were.... bit costlier then the normal sweet's..... but really really worth buying those 😍 …,,0.3000206
9,Sree Annapoorna,Sree Annapoorna - Komarapalayam,sweet shop is extremely good,,0.30140427
9,Sree Annapoorna,SAS Pongalur | Sri Annapoornis Sweets | Karur,"good choice fr sweets, savouries & quick bites .. service of eatery shld be improved.... cleanliness is at the bay... …",,0.30567133
9,Sree Annapoorna,Tirupur Sree Annapoorna Sweets shop,good quality and variable sweets savouries.,,0.31001112
10,Sree Annapoorna,Annapoorna - M.T.P Road,the quality of the food is too good but the fresh juices like apple is not upto the level only milky is retained in the juice as think there was only minimal quantity of fruit pieces were used even the normal shops provide the quality fruit …,,0.03764695
10,Sangeetha,Shri Sangeethas Veg. Restaurant,had good food. irdered juice. i ordered lemon without ice and my wife ordered kirni juice without ice and less sugar. thy interchanged the choice. too crowded.,,0.043353654
10,Namma Veedu Vasanta Bhavan,Namma Veedu Vasanta Bhavan,fruit juice which costed 200rs was made with warm/luke warm water🙃 had to ask them to add ice to it. have no idea why they dont serve it with ice in the first place …,,0.054474197
10,Saravana Bhavan,Chennai,we visited this for dinner when we stayed in hotel victoria opposite to this. service is fast and food is tasty but costly. we ordered 2 juice here and they charged 230 and given in large quantity in masan jar but it's not that tasty and sweet is more. they will give small juices also but they did not inform us that before ordering. so ask the price before you order juice here. cleanliness is not that good just ok.,,0.071896814
10,Saravana Bhavan,Chennai,"though this hotel is not appropriate for this title the juices savored here were very rich in taste and quality,the fruits chosen was very fresh & more juicy",,0.07929537
10,Geetham,Geetham Veg Restaurant,please be aware of the pricing. have attached the bill for reference and two sweet lime juices costed 360 rupees which was lesser than the 2 set of poori. 1 kg fruit itself will cost 60 rupees only. i was so shocked to see this utter …,,0.082262516
10,Sree Annapoorna,Tirupur Sree Annapoorna,"musambi juice 70rs, not worth for a normal hotal with below average standard",,0.08383545
10,Sangeetha,Sangeetha Veg Restaurant,food quality is not good. price is too high. sweet lime juice not worth for the money. very bad experience.,,0.08524536
10,Sangeetha,Sangeetha Veg Restaurant,food was decent and priced a little steep. juices are charged starting in the triple digits and server informed us management told them not to tell the prices ahead of time. i didn't see juice prices in the food menu and let myself get scammed. beware the juices are very mediocre as well!!,,0.093818955
10,Namma Veedu Vasanta Bhavan,Vasantha Bhavan - V B World,300ml water bottles local and branded. all type of soft drinks are availabel in retail and whole sale. mrp starts from 10. …,,0.10546623
10,Saravana Bhavan,Chennai,the food tastes good. but high priced for the taste. all vegetarian served with clean and good.. you could expect only little courtesy from servers. parking and restrooms available. get a pre look on rates before in order to minimize the shock.. no suggestions on juices. quality is up to mark.,,0.10691191
10,Saravana Bhavan,Chennai,"had lunch at the restaurant in mylapore near the tank. they have their a/c restaurant upstairs. the lunch executive meal was good but quantity is very less compared to the prices. orange fresh juice large comes for a price of 160 rs.++, which is high priced. waiters expect tips thought it is displayed clearly that the waiters need not be tipped. in all a good place to eat if you could swallow the pricey nature.",,0.11378326
10,Sangeetha,Shri Sangeetas,awesome varieties at reasonable price. fresh juices are tasty but costly. good space for parking. …,,0.11411653
10,Saravana Bhavan,Chennai,there is a good variety of food to choose from and a range of juices also. we chose vegetarian dishes here,,0.11445295
10,Saravana Bhavan,Chennai,sheer recklessness in juice pricing mosambi juice is priced at rs.152 without ice... pl.go for menu cards and order in hotel saravana bhavan chennai or any of its branch so that you can judge the total money you are going to shell out !!,,0.11569492
11,Sangeetha,Shangeetha Mess & Caterers,"hotel has always been our go-to stop whenever we cross salem, and this visit just reminded us why. the food was absolutely fantastic — rich in taste and perfectly cooked. …",,0.013392878
11,A2B,Adyar+Ananda+Bhavan+ +A2B,best spot for food on the way towards salem or dindigul. we visited this hotel during dinner time around 10.00pm. even at that time the hotel is with full of customers. …,,0.014959626
11,A2B,Adyar+Ananda+Bhavan+ +A2B,"while waiting for your train's arrival, you can have some quick meal here.. just connected to plateform number 1 at salem railway station.. you can also get sweet & bakery items..",,0.016340561
11,A2B,Adyar+Ananda+Bhavan+ +A2B,"without any doubt the best veg restaurant on the way to salem near attur. the quality of food, service and quantity were all appropriate. clean restrooms and ample parking are available. things to try …",,0.016524939
11,A2B,Adyar+Ananda+Bhavan+ +A2B,i tried butter masala dosa and vada here dosa was good and on the affordable side in terms of pricing but service could be a little better although the food was nice i would recommend to everyone who is travelling towards salem,,0.016633643
11,A2B,Adyar+Ananda+Bhavan+ +A2B,located on the outskirts of salem. it was on a weekday so less crowded and service was better. but taste was not upto the mark. even sambar was tasteless. they are expanding very rapidly without ensuring quality in their branches. multiple …,,0.019758623
11,Namma Veedu Vasanta Bhavan,Namma Veedu Vasanta Bhavan - Hosur,"this spot is a must-visit on the way to salem. it offers fantastic flavors, a great atmosphere, and plenty of parking. the service is both clean and quick.",,0.0198305
11,Namma Veedu Vasanta Bhavan,Namma Veedu Vasanta Bhavan - Hosur,"located towards the salem-side highway, this is one of the better vegetarian spots in the area with excellent interiors, comfortable seating, and a premium overall setup. …",,0.01986564
11,Sree Annapoorna,Sree Annapoorna - Komarapalayam,please open one in salem.👍🙏👍🙏👍🙏👍🙏👍🙏👍🙏❤️❤️❤️❤️ …,,0.020253897
11,A2B,Adyar+Ananda+Bhavan+ +A2B,excellent service by mr.kesavan... hygienic quality is too good... food is served very hot so nice to eat... must eat place to everyone... who travel in this salem highway excellent place ..,,0.0208477
11,A2B,Adyar+Ananda+Bhavan+ +A2B,again a favorite place to spend a good time with family and kid. it located in a nice and cool place after the hectic traffic from salem to bangalore highway near thoppur tollgate. …,,0.021047557
11,Sree Annapoorna,Hotel Sri Annapoorna,don’t try … over priced for less quantity. at this price u can have food at few star hotels in salem..,,0.022546455
11,Sangeetha,Shangeetha Mess & Caterers,food was delicious.... must try non veg restaurant in salem town,,0.022934085
11,Saravana Bhavan,Saravana Bhavan,"visited hotel saravana bhavan while traveling through salem on the highway. the food was decent but nothing exceptional, though the service was good and quick. …",,0.025510298
11,Sree Annapoorna,HOTEL SRI ANNAPOORNA,good place in salem for food. we had breakfast here while returning from yercaud to bangalore. the breakfast was nice and the price was decent. parking cars might be challenging if it's crowded.,,0.02593045
12,Sree Annapoorna,Sree Annapoorna Multicusine Resturant,we experienced an authentic coimbatore cuisine. love the ghee dosa.we love the service of ranjani sree.,,0.0319011
12,A2B,Adyar+Ananda+Bhavan+ +A2B,"had a wonderful lunch at ananda bhavan on the way to coimbatore. the restaurant was very clean, the food was extremely tasty, and the service was excellent. a special thanks to mr. n mohan for his warm and attentive service — he made our experience even better. highly recommended!",,0.035820603
12,A2B,Adyar+Ananda+Bhavan+ +A2B,"the restaurant is located on the main highway. while going towards coimbatore, before the flyover, your have to take left to reach the restaurant. food was tasty and offers all vegetarian varieties, staff helped to get medu plane dosa for …",,0.036550052
12,Sree Annapoorna,Annapoorna - Kuniyamuthur,"good parking space. nice interiors and ambience. looks clean. i've tried ghee masala roast, pongal & vada. taste is good.one of the best restaurants in coimbatore. quality food with sufficient. …",,0.0370558
12,A2B,Adyar+Ananda+Bhavan+ +A2B,"excellent dining experience at a2b, coimbatore. the food is fresh, tasty and consistently good. the dosas were crisp, the chutneys flavorful and the service was quick and courteous. the restaurant is clean well organized and family …",,0.039083593
12,Sree Annapoorna,Annapoorna - Arts College Road Branch,"one of the best restaurants in coimbatore good food i ordered mashroom kothu parota, paneer kothu parota, podi idli and paneer masala dosa all the dishes were very tasty mouth watering 😋 my family loved the taste 😋. …",,0.041139115
12,Sree Annapoorna,Sree Annapoorna - Thudiyalur,"nice ambience, professional service and most importantly tasty and high quality food. this restaurant is my first choice whenever i am at coimbatore. their lunch meals, masala dosa and poori masala are superb.",,0.042073842
12,Sree Annapoorna,Town Hall,"fantastic foods. morning breakfasts like idly dosa and the chutneys are very tasty and will ask for.more. overall the pride of coimbatore and being a old chain of restaurant , it marks the quality of food .",,0.051591914
12,Sree Annapoorna,Annapoorna - Cross Cut Road,one of finest restaurants in coimbatore. must try if you are outing with your family... my favourite was full meals starter parupu poodi and ghee.,,0.05700357
12,Sree Annapoorna,Annapoorna - Kuniyamuthur,"i am a visitor to coimbatore because of the hype went to this branch..on 29 mar 2026 ordered only meals fir my family in ac , very poor services however they are not hesitate to supply whatever you want like additional veggies, payasam …",,0.058121335
12,Sree Annapoorna,Annapoorna Hotel,one of the best restaurants in town. good food even at 10:30 pm you will literally get everything. the north coimbatore branch requires a lot of alterations. it has the same old ambience giving the branch a lower comfort for dine in.,,0.059037663
12,A2B,Adyar+Ananda+Bhavan+ +A2B,"it is one of the best sweet shops ,and also a restaurant in coimbatore. the service is good ,but self service, the snacks ,and sweet s are of excellent quality . they are one of restaurant in coimbatore, where customer satisfaction is of …",,0.05907388
12,Sree Annapoorna,Sree Annapoorna - Thudiyalur,overall the taste and the service of this great iconic restaurant of coimbatore is on the downside of the hill. there was time we used to go to this restaurant for its pure taste and authentic kongu taste buds rendering foods but sadly to …,,0.06403574
12,Sree Annapoorna,Gandhipuram,"edit : visited this place again and extremely disappointed with the food and service. this place is a must visit in coimbatore. i had the mini meals. the order came very quickly. except the chappatis, every thing was amazing. the mini badusha is a just too good. great service and hospitality.",,0.06542671
12,Sree Annapoorna,Annapoorna - M.T.P Road,best ghee dosa & filter in coimbatore 10/10… great place to dine in and also for take away. would suggest the restaurant for all age peoples. having a good taste and hygiene in the city,,0.06768676
13,Saravana Bhavan,Chennai,this chain of veg restaurant was first of its kind in tamilnadu. started way back in the 80s this is still the first choice for both families as well as bussiness class of people who are diehard vegans . their spread is unique so is the taste. initially till recent times the pricing was on the higher side but they have reduced it considerably. a place for authentic south indian delicacy but also other north indian food is available. theirrava dosa is a must try food so is their quick lunch a land mark now not only in chennai but also in places like dallas . us dont miss their coffee if your a coffee lover but try their tea which cones with an astounding flavour,,0.028765265
13,Namma Veedu Vasanta Bhavan,"VB World By Namma Veedu Vasanta Bhavan - Velachery, Chennai","one of the best veg fine dining restaurants in chennai. it’s on prime location, has a huge space. karthik and anirudh’s service is on point. they are very kind and friendly; suggested so many options to try and everything was very delicious. loved the food, ambience and service!",,0.032941207
13,Sangeetha,T Nagar,"one of the best veg hotel in chennai , the food is just amazing and mouth watering. you will find all the veg cousins however do try their north indian food",,0.03507008
13,Geetham,Geetham Veg Restaurant Mount Road,a must visit veg restaurant in chennai. any locations you choose they are the best. …,,0.035342693
13,Sangeetha,RA Puram,"a veg restaurant with multiple outlets at chennai and abroad too. for the first time i had dinner with my colleagues at this restaurant and had a very good experience with both food, staff behaviour and atmosphere. if someone eats good food with value for money, this restaurant could be the choice. i hope to visit again very soon.",,0.03551177
13,Namma Veedu Vasanta Bhavan,Namma Veedu Vasanta Bhavan,just opposite to chennai egmore good veg food to get it . …,,0.038668808
13,Sangeetha,Poonamallee,a good veg restaurant on the outskirts of chennai. we had breakfast here on the way to our journey to andhra …,,0.04322512
13,A2B,Adyar+Ananda+Bhavan+ +A2B,"it is famous for various types of veg meals, snacks and sweet dishes. south indian and north indian dishes are mainly available there. it has multiple outlets across the chennai city.",,0.045288797
13,Sangeetha,Restaurant_Review-g304556-d1118328-Reviews-Sangeetha_Gandhi_Nagar-Chennai_Madras_Chennai_District_Tamil_Nadu.html,a very good veg restaurant bang on adayar in chennai with reasonable parking area on the road itself. the food is tasty. the restaurant will be a bit crowded during the noon.,,0.046742078
13,Sangeetha,T Nagar,this is a very good place to try traditional south indian veg food in chennai.,,0.047551055
13,Saravana Bhavan,Chennai,you miss chennai flavours if you skip this eatery. chennai is famous for veg food. saravana bhavan chain of restaurants is a success story in providing good veg food at common rates. crowded at meal time the food is tasty and service quick. get the smell and taste of common chennaites eatery.,,0.05068902
13,Saravana Bhavan,Chennai,awesome veg food in chennai.if you like south indian food you should visit this place.nice taste and quantity.,,0.051667534
13,Sangeetha,T Nagar,the most prolific and thriving chain of veg restaurants around chennai. excellent food quality standards across all outlets. quick service well managed to handle the constant flow of customers. valet parking facilities.,,0.051941145
13,Sangeetha,Sangeetha Veg Restaurant,a chain of trusted veg restaurant in chennai. sangeetha veg restaurant (the brand svr) is most familiar between foodies. overall they have very huge regular customer who visits frequently. i'm one of them. food and quality is airways great. …,,0.052421898
13,Sangeetha,Restaurant_Review-g304556-d1118328-Reviews-Sangeetha_Gandhi_Nagar-Chennai_Madras_Chennai_District_Tamil_Nadu.html,"one of the best places to dine in chennai for veg food & especially veg south indian cusines. the hot idli, onion utthapam and various kind of dosa served out here are really mouth watering & yummy to eat & not to forget the meals that are being served during lunch time. must try one time if you are really hungry & have a heavy appetite.",,0.056425247
14,Sree Annapoorna,Town Hall,it is a restaurant that serves quality food at competitive price. for people who don't know annapoorna.... it is the a2b of coimbatore. they also have many varities of sweets. the garlic kulcha and chettinadu paneer tasted great. the ghee dosai was awesome. their green chutney tastes a bit different and good.,,0.01248673
14,Sree Annapoorna,Annapoorna - Avinashi road,"annapoorna is spoiling the name of pride of coimbatore, today visited sitra outlet worst experience, i ordered appam but received butter appam of we asked they are saying we will provide only butter appam in annapoorna but in your menu card …",,0.01884844
14,Sree Annapoorna,Annapoorna - Cross Cut Road,"annapoorna restaurant, coimbatore 🍽️☕ – south indian bliss! one of my all-time favourite south indian restaurants! tried their annapoorna …",,0.023521785
14,Sree Annapoorna,Annapoorna - M.T.P Road,annapoorna - the pride of coimbatore. had south indian meals. all the items are excellent in taste. …,,0.02528749
14,Sree Annapoorna,Sree Annapoorna - Thudiyalur,"sree annapoorna – thudiyalur, coimbatore it is truly heartening to see an iconic and trusted name like sree annapoorna …",,0.029737337
14,Sree Annapoorna,Gandhipuram,"sree annapoorna is a well established franchise in coimbatore. they serve food which are affordable, hygienic and tasty. i love the meals from this place, whenever i visit coimbatore a lunch from this place is a must. the service is good and so is the ambience.",,0.032459933
14,Sree Annapoorna,Annapoorna - Arts College Road Branch,"coimbatore famous annapoorna restaurants long serving outlet. food served with smile. sweets, savory and traditional snacks are served for dine in or take away. …",,0.0337459
14,Sree Annapoorna,Annapoorna - Avinashi road,"annapoorna on avinashi road, coimbatore, is one of the most famous and original branches, known for its legacy and authentic south indian breakfast. i visited here with my office colleagues before heading to ooty, and the place was buzzing …",,0.036960818
14,Sree Annapoorna,Annapoorna - Avinashi road,located just oppsite to kmch & near to coimbatore airport. one of the best branch of annapoorna in coimbatore. almost all dishes are good in taste. afternoon 'raja bhojanam' meals available. …,,0.037131924
14,Sree Annapoorna,Tirupur Sree Annapoorna,i am not sure whether it is the same annapoorna as in coimbatore. because the taste of the foods vary . it is located in a specious national highway in which the car parking is specious and tea shop is available separately. there is also …,,0.0376386
14,Sree Annapoorna,Annapoorna - NH Avinashi,sree annapoorna (nh avinashi) - very impressed. it has become a mandatory food stop whenever we drive from coimbatore to bangalore via avinashi road. …,,0.042459976
14,Sree Annapoorna,Sree Annapoorna Multicusine Resturant,"annapoorna is a must visit breakfast place in coimbatore. this particular outlet is good because of the service and parking available. we were here over the weekend, the service was quick. things we liked, …",,0.04277233
14,Sree Annapoorna,Sree Annapoorna - Thudiyalur,"please dont go to annapoorna totally worst place in coimbatore, food pathetic …",,0.046962753
14,Sree Annapoorna,Annapoorna - R.S Puram,"visited with so much expectations because of the name associated with the place. coimbatore is known for annapoorna. as per the hype, the place was buzzing with crowd waiting and we waited for around 15 mins. took time for the table to be …",,0.05050421
14,Sree Annapoorna,Tirupur Sree Annapoorna,"it's tirupur sree annapoornnaa located on the coimbatore salem nh. it is nice place to have breakfast, lunch. evening snacks and dinner. mostly travellers stops here for food break. maintained very neat and clean. rest rooms are maintained well but located in ziq zak route. parking is sufficient.",,0.059179746
15,Sree Annapoorna,Annapoorna - Arts College Road Branch,the name annapoorna swirls the tradition & mouth watering dishes with good atmosphere. …,,0.022827443
15,Sree Annapoorna,HOTEL SRI ANNAPOORNA,annapoorna is very familiar one. i like it very much.,,0.028440962
15,Sree Annapoorna,Gandhipuram,"annapoorna needs no introduction. it is an iconic must stop at when in the city. the crowds seated , and waiting outside to be seated should tell you about the level of popularity this place enjoys. we had the chana bhatura and vazhapoo sevai and top marks to both. the sevai was a novelty to us and i would recommend it highly. quick service and economical pricing adds to the appeal. +1 photo(s)",,0.041249294
15,Sree Annapoorna,Annapoorna Hotel,"annapoorna's taste is still retained. having eaten in their saibaba colony branch for past 40+ years, the charm is missing due to cramped space, customer attention is missing. most seats are occupied by morning walkers who come as a group, …",,0.041605014
15,Sree Annapoorna,Annapoorna - Saibaba colony,"great ambience, spacious parking, mess free service and food. they handle rush better than other annapoorna restaurants. food - authentic taste as always yet can add more meaningful varieties",,0.04374708
15,Sree Annapoorna,Annapoorna - Saibaba colony,"the expected taste and variety of annapoorna is available in this branch also. there is good parking facility and a mini stall sweets, savouries and bakery products. the staff are friendly and courteous",,0.04596985
15,Sree Annapoorna,Annapoorna - Saibaba colony,annapoorna saibaba colony - order was taken by sumathi .. she served the food with so much love and warmth. she was extremely friendly and made our experience memorable. we look forward to visiting annapoorna again just to enjoy her service and smile.,,0.04948764
15,Sree Annapoorna,Annapoorna - M.T.P Road,"the diwali sweets from annapoorna are absolutely delicious! our company purchased a sweet hamper from them, and it turned out to be really good. there were plenty of sweets, and every single one tasted great. celebrating diwali with annapoorna sweets is truly a vibe — don’t miss it!",,0.049634617
15,Sree Annapoorna,Sree Annapoorna Multicusine Resturant,annapoorna is the pride of coimbatore. no doubt in it. but it is pathetic that you are not serving the plates with banana leaf. fresh banana leaf provides a good aroma and healthy feel. i don't know how you are missing out on it. for …,,0.04987331
15,Sree Annapoorna,Shree Annapoorna Mess,annapoorna mess great spot family restaurant eating best price and best quantity worth of money and comfortable seats,,0.049956188
15,Sree Annapoorna,Annapoorna - Cross Cut Road,"annapoorna is truly a gem in kovai! 🤩 the food was absolutely delicious, a real treat for the taste buds. 😋 the atmosphere was inviting and cozy, making for a wonderful dining experience. while the service was good, it could be a little more attentive to match the amazing food and ambiance. highly recommend checking it out! ✨💯 …",,0.05591463
15,Sree Annapoorna,Annapoorna - NH Avinashi,delicious food. i had ever eaten this kind of delicious food in my life. i appreciate the entire annapoorna crews and mainly the chef who makes the delicious food.,,0.05636619
15,Sree Annapoorna,Annapoorna - Arts College Road Branch,"tried sweets. more sugary but not much tastier. the traditional annapoorna is slowly degrading it's taste . the more the crowd, the less the quality of food. no words. monopoly hotels need to improve themselves when they get more customers, …",,0.05687339
15,Sree Annapoorna,Annapoorna - Kuniyamuthur,my favourite breakfast joint in the whole world ! have been a regular at annapoorna since college days ..uncompromising quality,,0.057389412
15,Sree Annapoorna,Annapoorna - Avinashi road,enjoyed a delightful breakfast at annapoorna with friends. food quality was very good — flavorful and satisfying. …,,0.059033822
16,Saravana Bhavan,Chennai,the food offered by this hotel is good.very neat surroundings.and their service are good.the rate of foods also reasonable.it will be a good option to all vegetarians for their food.,,0.010193132
16,Sree Annapoorna,Annapoorna Veg Restaurant - Vellore City,very good hotel for pure vegetarian if you visit once you will never cross without visiting,,0.01094688
16,Sangeetha,Poonamallee,"very decent hotel. all vegetarian dishes available. from taking the order till serving good coordination is observed. , ni rest rooms available. rest room inside the restaurant is not upto the mark. bigger rest rooms are available on the lower level. plenty of car parking provided.",,0.024877971
16,Sree Annapoorna,Hotel Sri Annapoorna ஹோட்டல் ஸ்ரீ அன்னபூர்ணா,"really awesome vegetarian hotel,if u want to fill ur tummy with the delicious food items then go to this hotel and experience it.",,0.027425326
16,Saravana Bhavan,Chennai,best and quality food served by hotel. happy with their quality services.good restaurant for vegetarians.,,0.027674438
16,Sree Annapoorna,Annapoorna Hotel,excellent vegetarian hotel 👌👌👌 …,,0.03644523
16,Sree Annapoorna,SPOT ON 69181 Devi Annapoorna,centrally located hotel with spacious rooms. unfortunately there is no lift. vegetarian restaurant and bar are there in the ground floo,,0.041919243
16,Saravana Bhavan,Chennai,very nice vegetarian hotel and food taste is not like before. there are more rush in this hotel. need more clean and employee groom is not good. you can try this hotel,,0.05605818
16,Sree Annapoorna,Hotel Annapoorani,"good vegetarian hostel,food taste and quality is really good. very quick service. price wise ok must try japan panner,cheese ball. car parking available. my children favourite brownie egg less really good taste",,0.056647584
16,Sangeetha,Shri Sangeetas,"vegetarian hotel near to central bus stand located on the main road itself, with parking and rest room facilities. (rest room was clean and nicely maintained) …",,0.059958793
16,Sree Annapoorna,Sree Annapoorna - Komarapalayam,excellent service. food was good.this hotel is one of the best vegetarian options in the nh.,,0.06390479
16,Sangeetha,Shri Sangeetas,"vegetarian hotel having more options in food, including north indian dishes also taste and quality was so good neat and clean atmosphere and night time partially in garden style …",,0.070176676
16,Saravana Bhavan,Saravana Bhavan,pure vegetarian hotel opposite fatima college in the main road towards dindigul. food is ok and service is good. ambiance is good but little congested due to want of space. ac dining with table service and non ac self service section are …,,0.07652538
16,Sangeetha,Shri Sangeetas,good vegetarian hotel.. near trichy central bus stand.. lots of car parking space available side & backside of hotel.,,0.08834079
16,Saravana Bhavan,Chennai,"the taste and service has gone down...yes of course you can’t miss this hotel but still lot many new vegetarian restaurants are available... coffee and paniyaram , a good choice to go in any of the restaurants",,0.0931757
17,Sree Annapoorna,Hotel Sri Annapoorna ஹோட்டல் ஸ்ரீ அன்னபூர்ணா,good vegetarian restaurant with delicious food good vegetarian restaurant 😀👍 …,,0.025773536
17,Sree Annapoorna,Annapoorna - Ganapathy,a high class vegetarian restaurant serving lip smacking food of all varieties ranging from south indian snacks to north indian. food is hygenically prepared. the huge crowd thronging the place shows its popularity. we had some good food …,,0.04887096
17,A2B,Adyar+Ananda+Bhavan+ +A2B,# good customer service. # just in the national highways. # variety of vegetarian food items available. …,,0.057862174
17,A2B,Adyar+Ananda+Bhavan+ +A2B,"""this vegetarian restaurant is impressively clean and neat. the interior design and the standard of hygiene maintained here are truly commendable. however, the taste of the food was not that great, which was disappointing. additionally, the …",,0.06367084
17,Geetham,Pallavaram,yay or nay? yay! excellent choice for vegetarian food. they’ve a neat space and ensure hygiene. food is tasty and mostly served on time. waiting time can be expected during peak hours so plan your visit accordingly,,0.06477381
17,Sree Annapoorna,Tirupur Sree Annapoorna,"omg, i loved the food. this place is as big as two marriage hall with constant wait times. the best, cleaner, quality vegetarian food you will get. love to eat again",,0.06973083
17,Sangeetha,Shri Sangeethas Veg. Restaurant,"very good service by jencia. excellent taste, quality, hygiene. visited restaurant multiple times. must try for all varieties of vegetarian food.",,0.07046229
17,Sangeetha,T Nagar,"excellent vegetarian restaurant with delicious food and a welcoming atmosphere. the menu has good variety, portions are satisfying, and everything tasted fresh. clean seating and friendly staff make it a comfortable place for family dining.",,0.071947664
17,Sree Annapoorna,Annapoorna Hotel,finding table and ordering food was very fast experience. order taking and food delivery to table are efficient comparatively. it's chain restaurant and the food taste is identical.... all vegetarian served …,,0.07607778
17,Sangeetha,"Thillainagar, Trichy","a wonderful place for vegetarian food! the dishes were fresh, flavorful, and perfectly cooked, with a great balance of spices. the menu has plenty of variety, and everything we tried tasted delicious. the service was friendly and …",,0.08059412
17,Sangeetha,Shri Sangeetas,food is really good & tasty. they have a limited variety but with perfection. the meals gets over very soon. no car parking issue. good for vegetarians,,0.08198094
17,Sangeetha,Restaurant_Review-g304556-d1118328-Reviews-Sangeetha_Gandhi_Nagar-Chennai_Madras_Chennai_District_Tamil_Nadu.html,vegetarian chain known for quick service. food is dependable and the price reasonable. can get really crowded during peak times.,,0.08428343
17,Sangeetha,RA Puram,excellent restaurant for having vegetarian food. very good ambience and well maintained. the staff are friendly and helpful. all the dishes we ordered were great.,,0.08497899
17,Sangeetha,RA Puram,good vegetarian food. sitting arrangements are little crowded. food is nit that great as their main branch at greams road. location is bit odd to get public transport after 10pm,,0.08577501
17,Sree Annapoorna,Tirupur Sree Annapoorna,nice vegetarian restaurant,,0.08641325
18,A2B,T. Nagar,"yesterday i visited the a2b vegetarian restaurant with my family. we had fabulous authentic south indian foods and had a great time in this veg restaurant. especially south indian recipes ghee roast dosa, idiyappam, and bengali sweets are so yummy, and still, now i feel like mouth watering.",,0.08344896
18,A2B,"A2B,+Trichy+Railway+station","a to b restaurant is a nice spot for enjoying authentic south indian vegetarian food. the place is clean, service is quick, and the taste is consistent. popular items like dosa, idli, and meals are well-prepared and satisfying. a good choice for both family dining and quick bites at a reasonable price.",,0.10331182
18,Saravana Bhavan,Chennai,"has decent vegetarian menu. particularly south indian dishes are very good. had masala dosa,idlis and a cup of tea. taste of masala dosa is authentic. service is reasonable. ambience could have been better.busy restaurant",,0.12485054
18,A2B,Potheri,south indian vegetarian restaurants in chennai i had some south indian cuisine foods here. i ordered 14 idly and one ghee roast dhosa. my friend ordered ghee pongal and north indian food recipe naan. all recipes taste was pretty good especially south indian recipe ghee dhosa and 14 idly with three verities of chutneys and sambar taste was too delicious and yummy. food quality was good and i purchased milk and ghee sweets which is there delicious and mouth watering. i recommend this pure vegetarian for south indian food lovers. nice ambiance - 5/5 service - 5/5,,0.1293123
18,Sree Annapoorna,SRI ANNAPOORANA Pure Veg,recently visistes annapurna hotel near vellore ambur highway. pure vegetarian restaurant with both north and south indian menu on the cart. north india as well as south indian meals thali available. it's a unlimited …,,0.14912912
18,Sangeetha,Restaurant_Review-g304556-d1118328-Reviews-Sangeetha_Gandhi_Nagar-Chennai_Madras_Chennai_District_Tamil_Nadu.html,i have been to this restaurant many times and most of the time time i tried their daily special items which would be very different from other vegetarian restaurants in the city and also very yummy and you cant just come out without eating atleast two items here its becoz they have a huge variety of items which are extremely good in taste and also the waiters are so pleasing that they dont hesitate at all and does a clean and very good service and to mention one important thing about this restaurant is no other sangeetha branches in the city have this extreme taste and service and in terms of taste this restaurant even over takes saravana bhavan(which was very popular among vegetarians).so this is a much visit restaurant for all the veggies..........u will just love it.... best items here are: just blindly try all the daily special items which they are having becoz every one of those would taste really delicious but to mention here are few.... masala parotta palak chola poori with palak paneer kuli paniyaaram which is very soft and buffy and all the sweet items which they have and do try to visit it atleast once then u will be eager to visit it for the next time.........,,0.15982004
18,Sree Annapoorna,Hotel Annapoorani,vegetarian south indian restaurant with good service,,0.16398793
18,A2B,Adyar+Ananda+Bhavan+ +A2B,"good place having quality vegetarian food in the highway near dharmapuri after crossing thoppur ghats while driving from salem. there is no ac within the restaurant and it will be difficult to eat comfortably during summer. taste, hygiene …",,0.16559803
18,A2B,Mylapore,"favorite vegetarian restaurant. we had north indian food recipes butter naan, corn golden fry, south indian food recipes mini meals and cham cham sweet,etc and total bill was rs.640. all recipe tastes are too delicious and vegetarian food quality is too good. a2b vegetarian restaurant is my favorite vegetarian restaurant in all around india. good access and small parking available. dining is also good.",,0.16652264
18,A2B,Adyar+Ananda+Bhavan+ +A2B,"i visited this place for a quick and short meal and tried pani puri and papdi chat. both were fantastic in taste and serving was hygienic. i even tried their food chain in banglore and ooty and found very nice and best quality. nice , clean and calue for money. for vegetarians its a must visit place.",,0.16944268
18,A2B,Adyar+Ananda+Bhavan+ +A2B,"tasty foods served here especially all south indian dishes, one of the best options in the locality for vegetarian dine in.",,0.16974328
18,Namma Veedu Vasanta Bhavan,"Namma Veedu Vasanta Bhavan - Tnagar, Chennai","fantastic place for authentic indian vegetarian food. the taste truly stands out — every dish feels fresh, flavorful, and prepared with great care. from classic south indian staples to a wide variety of north indian options, the menu offers …",,0.1708101
18,Saravana Bhavan,Chennai,"this place has an extensive south indian menu. even the parathas here taste delightful, and the all vegetarian dishes are easily the best food available for the budget conscious.",,0.17646769
18,Sangeetha,Sangeetha Veg Restaurant,vegetarian restaurant with south indian and north indian dishes located in the anna salai at guindy. old restaurant with more than 30 years of reputation. huge common dining area is available without ac. food is good with fast service. limited road side parking facilities available. ♿️❌,,0.17666282
18,A2B,Adyar+Ananda+Bhavan+ +A2B,"the place has an excellent selection of pure vegetarian dishes. it is really tasty. also they have some north indian specialities like pani puri, pav bhaji etc. tried the pani puri and ghee roast. both were good. especially the dosa and the …",,0.17762834
19,Saravana Bhavan,Vadapalani,"when hungry, nothing can please us like an appetising indian meal. the meals platter served here is nothing less than a blessing to any thali lover. one of the best vegetarian meals i ever had.",,0.040303264
19,Sangeetha,Restaurant_Review-g304556-d1118328-Reviews-Sangeetha_Gandhi_Nagar-Chennai_Madras_Chennai_District_Tamil_Nadu.html,"i had south indian thali meals recently. it was only a o.k experience. the papad was not crisp... the curd was very bitter,the hand wash place was not very hygienic. having said that the sambar and rasam were quite good. the chapstick and potato curry were quite good. the service was not that efficient... i spite of too many supervisors and waiter for the small ac place",,0.04227528
19,Saravana Bhavan,Chennai,i was delighted after having delicious lunch and dinner both in my recent dubai visit with family in sharvana bhawan.typical south indian flavour thali of my all time favorite we had there.,,0.045153875
19,A2B,Adyar+Ananda+Bhavan+ +A2B,a simple yet heart warming south indian vegetarian thali/ meal. the service was warm the waiters kept asking if we wanted refill. clean and hygienic rest rooms were definitely impressive.,,0.045539066
19,Sangeetha,Restaurant_Review-g304556-d1118328-Reviews-Sangeetha_Gandhi_Nagar-Chennai_Madras_Chennai_District_Tamil_Nadu.html,"at sangeetha, when you order a meal (especially any kind of thali) quantity is more than filling. i love the way they serve north indian thali..plenty of options, unlimited quantity and satisfaction in the end in form of desserts! well, the sambar is worth mentioning... the best in the city!! i had been to the outlet in france also. though it was simple, it was certainly cost effective!",,0.046737254
19,Geetham,Geetham Veg Restaurant,visited this place for lunch with family. tried their north indian thali and taste is good. even though side dish offered was less but when asked they did refill. food taste was good and great service.,,0.052408926
19,A2B,Adyar+Ananda+Bhavan+ +A2B,"we had south indian thali meals, chapatti, curd rice and mint mushroom, which were flavourful and fulfilling. the thali meals' seasonal curries and stir fries never cease to amaze me. a special mention to the waitress baby, who took care of us and answered to our every concern.",,0.053949762
19,Saravana Bhavan,Chennai,"we order special meals known as ""thali meals"" having all type of south indian lunch dishes. it was tasty.",,0.054336898
19,Sangeetha,"Opp. SRM Medical College, Trichy","quite simply, the best south indian thaali i’ve ever had. excellent service, they are all well trained when it comes to hospitality. cleanliness - top notch! quite affordable for the ambience and the facilities. modern, tasty and a …",,0.059235793
19,Sree Annapoorna,Annapoorna - Avinashi road,"arrived at sree annapoorna near coimbatore airport in peelamedu right at 5:44 pm, just past lunch so thali wasn’t available—opted for their signature crispy masala dosa and steaming veg soup instead, both bursting with authentic south …",,0.06034376
19,Sangeetha,Sangeetha Veg Restaurant,"i are north indian thali. it was stomach filling. it was the worth the price deal in their menu. the soup, there roti and panner butter masala we're good. kofta was normal. …",,0.06355629
19,Sangeetha,Sangeetha Veg Restaurant,delicious and hygienic food available for a very pocket friendly cost. we ordered the unlimited thali as we wanted to have authentic south india meal. …,,0.064154446
19,Sree Annapoorna,Sree Annapoorna Multicusine Resturant,"finally tried the popular thali at sree annapoorna, and my goodness, it was an absolute delight for my senses. luckily, i got the seat instantly during my visit for lunch and had the opportunity to taste the popular thali. talking about the …",,0.064339325
19,Geetham,Geetham Veg Restaurant,"we had ordered north indian thali and south indian thali.it was not tasty at all. i never expected this type of food.no taste at all, except the brand name. panner tikka was minimal in taste.. it was a waste of money and worthless.",,0.06465353
19,A2B,Adyar+Ananda+Bhavan+ +A2B,"we ordered cheese balls, cheese sandwiches & south indian thali. the hot rice texture is too good. …",,0.066855766
20,A2B,Adyar+Ananda+Bhavan+ +A2B,"whatever you ask from menu is unavailable, it's saturday night and 2100 hrs, there is no lassi or any curd item, no masala dosa, no poori baaji, no falooda, waiter unfriendly and poor management. better to visit alternate veg restaurants like anandhas",,0.072213404
20,Sree Annapoorna,Semmancheri,"this is a good place for simple veg menu. although they have chinese and north indian chats, the south indian varieties do not have appam, adai etc. but worth for a decent price. hassle free parking and is on omr next to sathyabama",,0.0748977
20,Saravana Bhavan,Chennai,one of the best veg food i ever visited. so much variety and taste is excellent. being non lover i really loved the food at saravana bhavan.,,0.078071386
20,Sree Annapoorna,Annapoorna - Cross Cut Road,"the lips smacking food, the best of ingredients are used in preparation of veg food. the aroma of ghee that is poured on rice and podyidli is just from heaven.",,0.09326047
20,Namma Veedu Vasanta Bhavan,VB World by Namma Veedu Vasanta Bhavan,super place for all veg food enthusiasts with a fantastic ambience to boot. really good variety of indian and asian food. must try out the desserts.,,0.09694796
20,Sree Annapoorna,Annapoorna - Kuniyamuthur,"a classic veg spot known for tasty south indian food, especially idli, dosa, and filter coffee. consistent quality and quick service, though crowd and pricing can sometimes feel a bit overwhelming. must try",,0.10363613
20,Namma Veedu Vasanta Bhavan,Namma Veedu Vasanta Bhavan Nexus Vijaya Mall,"i like it idly with veg paya at vasanta bhavan,the vijay mall i go to.i feel like a non veg when i eat it.thank you very much manoj good service.",,0.10497257
20,Sangeetha,T Nagar,quote spacious place . food was delicious and service was excellent inspite of heavy crowd. very good place for veg south indian food though they serve all veg continental …,,0.107902154
20,Sree Annapoorna,Hotel Sri Annapoorna,"assam veg delight foods,super service",,0.11183946
20,Saravana Bhavan,Chennai,nice food specially for the veg lovers. it has good south indian dishes and it’s there speciality. food is fresh also,,0.11520367
20,Sree Annapoorna,Hotel Annapoorani,one of the good veg restaurant at erode.. taste of the food was really yummy... atmosphere and service was really gud... best veg restaurant with many varieties of south indian and chinese foods.. must visit spot for veg lovers..,,0.116732806
20,Saravana Bhavan,Chennai,i have to admit when i travel i don't always gravitate towards veg meals but the food served as sarvana bhawan is brilliant their wide and extensive menu of south indian foods makes them the perfect choice on a budget saver as well as super tasty eating.,,0.11967826
20,Sangeetha,Sangeetha Veg Restaurant,"had a good meal at sangeetha veg, guindy. the ghee roast dosa was a bit too crispy for my taste but still flavorful. the thayir saadam was simple, fresh, and comforting, and the limited veg meal offered a nice mix of well-made dishes. quick service and reliable quality make it a solid spot for south indian veg food.",,0.1450852
20,Sangeetha,T Nagar,"top-notch veg food! great variety on the menu and everything tastes fresh.the staff is efficient and polite, making for a smooth dining experience. the ghee roast and filter coffee are must-haves! …",,0.15412726
20,Sangeetha,Restaurant_Review-g304556-d1118328-Reviews-Sangeetha_Gandhi_Nagar-Chennai_Madras_Chennai_District_Tamil_Nadu.html,"great variety of veg food , cooked in healthy manner, fast service and priced just right. good south indian menu , does serve other cuisine",,0.15754116
21,Sangeetha,"Karur Bypass, Trichy",we visited often this hotel...different types of veg dishes in non veg taste. we face difficulty while taking orders.management should look into employees for a quick service. all the waiters are slightly not much interest to take the orders.,,0.032961704
21,Sree Annapoorna,Annapoorna - Ganapathy,these people where pioneers in veg food for decades. their taste was not the same as before. but still prefer for the nostalgia.,,0.049042627
21,Sangeetha,Poonamallee,very good veg restaurant. clean ambience. all items are tasty and priced reasonably. good service. courteous staff. served hot.,,0.05493236
21,A2B,Adyar+Ananda+Bhavan+ +A2B,pretty good veg place. always packed. it's self-service now.,,0.05739851
21,Sree Annapoorna,Sree Annapoorna - NH Komarapalayam,new branch.. welcome for veg food eaters...,,0.060377277
21,Sangeetha,Shangeetha Mess & Caterers,good place for all the non veg food,,0.06363209
21,Sangeetha,Medavakkam,"green bites, a vibrant veg restaurant, serves innovative plant-based cuisine that delights the senses. their new interior is absolutely stunning, attached some photos for reference. a must-visit for veg foodies and anyone seeking a flavorful meal.",,0.06575943
21,Saravana Bhavan,Saravana Bhavan,neat and clean restaurant with plenty veg options. friendly staffs and decent pricing. revommended for veg food enthusiasts.,,0.07117019
21,Sree Annapoorna,Shree Annapoorna Mess,magnum ops for non veg lovers.. if ur ok with poor layout.. ambience and bhaba style food and hygiene. tis place serves good food,,0.071641475
21,Sree Annapoorna,Hotel Annapoorani,very good veg restaurant,,0.07303288
21,Sangeetha,"Karur Bypass, Trichy","the food was good. they can definitely cut down on salt and rely more on the natural taste of the diverse ingredients they use in their food. it will also definitely help if they can add more authentic vegetarian recipes instead of mock veg recipes. the service and ambience was excellent, no complaints.",,0.07417192
21,Sangeetha,Sangeetha Veg Restaurant,good place for authentic veg food items.,,0.07502485
21,A2B,Adyar+Ananda+Bhavan+ +A2B,"good place for veg food, sweets, chats, multiple food options. food quality is very good. tasty sweets. fresh food. the place is pricey. but you can enjoy the food here. there is also ample car parking space, rest room is also available. the restaurant is air conditioned as well.",,0.07622132
21,Sangeetha,Poonamallee,"as usual one of the best restaurants to have veg food. reducing one star for smelly ac room, but other than that the service is great and food is delicious. they have a huge parking lot behind the entrance as well.",,0.07756504
21,Namma Veedu Vasanta Bhavan,"VB World By Namma Veedu Vasanta Bhavan - Velachery, Chennai","top notch veg fine dining restaurant in velachery. definately a boon for veg multi cuisine food lovers. mesmerizing ambience and sitting arrangements. this restaurant offers south & north indian, italian and chinese authentic cuisine. they …",,0.0780698
22,Sangeetha,"Karur Bypass, Trichy","if you are trichy, shri sangeetha restaurant is not to be missed. superior quality food, good ambience and very courteous staff. you will never get disappointed. special appreciation to mr. charan and mr. gunasekar. in general, all the staff are excellent in terms of fast service, courtesy and attitude.",,0.017157957
22,Sangeetha,"Opp. SRM Medical College, Trichy",it is a new branch of sangeethas in trichy city now outside the city opposite to medical college. ambience is fresh and modern. fresh look and feel everywhere. service is the same as in their other branches. but the food is not up to the …,,0.023459246
22,Sangeetha,Shri Sangeetas,"i recently visited sangeetha restaurant in trichy, and it was an absolutely wonderful experience. the food was delicious, fresh, and served hot—just the way it should be. …",,0.025990091
22,Sangeetha,"Opp. SRM Medical College, Trichy","as always trichy's favourite vegetarian restaurant is shri sangeethas .i highly recommended shri sangeethas for the food.we came to the newly opened branch which is opposite to srm medical college.we ordered meals,mini meals,peri peri …",,0.031458586
22,Sangeetha,"Thillainagar, Trichy","i recently dined at hotel shri sangeetas in trichy and had a wonderful culinary experience. i tried their mini tiffin, which included a variety of dishes such as one sweet recipe, an idly, pongal, masala dosa, vada, and a cup of coffee. …",,0.031621058
22,Sangeetha,Shri Sangeethas Veg. Restaurant,"""we had a fantastic experience at sangeetha, trichy. the food was exceptionally tasty, especially the south indian meals. a standout was the stuffed paratha with white kurma—it was absolutely ultimate in flavor! we also highly recommend …",,0.039513074
22,Sangeetha,Shri Sangeethas Veg. Restaurant,"okish only. i visited sangeethaas restaurant in trichy recently, and unfortunately my …",,0.040331025
22,Sangeetha,Shri Sangeetas,"we have lots of sweet memories associated with sangeetas. it is an iconic restaurant in trichy that everyone loves, especially the student crowd. …",,0.047226686
22,Sangeetha,"Karur Bypass, Trichy",if you in trichy the best place to dine in sangeetha's who have several branches. stepped in today and ms saranya took special care. busy place always but you have helpful staff. ample parking and variety of food. five stars 🤩 …,,0.047604047
22,Sangeetha,"Karur Bypass, Trichy",had a lunch at shri sangeethas which is located on karur bypass nearest to neuro one hospital.i ordered special meals which is 215.sangeethas is always a favourite vegetarian restaurant to everyone in trichy.the ambience was great and …,,0.048848365
22,Sangeetha,"Thillainagar, Trichy","had a great dining experience at shree sangeethas, thillai nagar, trichy. the service was quick and well-organized, and the staff were very polite and attentive throughout. …",,0.0594771
22,Sangeetha,Shri Sangeetas,"trichy sangeethas truly lives up to its reputation as an all-time hotspot for vegetarian food! from wholesome meals to north indian, chinese, and biryani options, every dish we tried was delightful. the chapathi and paneer tikka were cooked …",,0.066849045
22,Sangeetha,Shri Sangeetas,"hotel shri sangeetas near the trichy bus stand is my go-to spot whenever i visit trichy for breakfast or lunch, depending on the timing. as the main branch, it stands out with its excellent service and quality food. over my visits, i've …",,0.09724648
22,Sangeetha,"Thillainagar, Trichy","shree sangeethas in trichy is highly regarded as a popular vegetarian restaurant chain, known for its consistent quality and authentic south indian cuisine. highlights: …",,0.10491084
22,Sangeetha,"Thillainagar, Trichy","visited shri sangeethas in thillai nagar, trichy and had a pleasant dining experience. the restaurant has an authentic chettinad traditional ambience with beautiful décor and a relaxing outdoor dining area, which adds to the overall charm. …",,0.10926982
23,Sangeetha,Shri Sangeetas,"must visit place in trichy. when i come to truchy always i prefer this shop. i ate chilli idly and onion podi dosa. for that theyagve sambar, 2 chutney,podi,vada kari. taste is amazing. all north indian,douth indian, desserts, …",,0.017383156
23,Sangeetha,"Karur Bypass, Trichy",excellent food. it is located on the highway. one of the most popular hotel in trichy. though it is very crowded their service is very fast. all varieties are available.,,0.028205037
23,Sangeetha,"Opp. SRM Medical College, Trichy","simply awesome. stop, eat and add new nostalgia to your food cravings. one of the finest vegetarian option in trichy by-pass. nice ambience and ample of space to hang on.",,0.03246634
23,Saravana Bhavan,Saravana Bhavan,"one of the best highways restaurants and lot of food varieties and drinks options. and also cheap and very nominal price gowri parvati bhavan, trichy (also spelled “gowri parvathi bhavan”) is a …",,0.037439607
23,Sree Annapoorna,Shri Annapurani Kitchen,my fav food place in trichy homely food,,0.038571782
23,Sangeetha,"Thillainagar, Trichy","one of the best in trichy , all of their branches provide consistent quality and customer friendly service.worth for every single penny you pay. have tasted their meal and their ginger pickle will be delicious don't miss it out. have tasted their meal thrice i felt home every time",,0.039192624
23,Sangeetha,"Karur Bypass, Trichy","your one-stop breakfast spot when you’re visiting trichy for sure. good food, it’s fresh as well. mr sathya provided great service with a smile. thank you.",,0.040915184
23,Sree Annapoorna,Shri Annapurani Kitchen,my one of the favorite and tasty food.place in trichy the ultimate taste of food,,0.040980227
23,A2B,Adyar+Ananda+Bhavan+ +A2B,"it is adjacent to the main road leading to trichy central bus stand. good and courteous staff. excellent indian sweets and food, juice varieties available. good for family brunch and evening snack. little expensive though. has small parking space in front of the restaurant.",,0.042929918
23,Sangeetha,"W.B. Road, Trichy",very well located at heart of trichy. their meals menu is superb. mini meal has different varieties of rice. the top attraction is their mayanji pickle made of mango and ginger. hospitality is very good.,,0.046266153
23,Sangeetha,Shri Sangeetas,"visited here for the first time in trichy and the service provided by mr. ravichandran was top notch and excellent. the food was excellent as well and we tried the dishes such as idly , podi idly , kothi parotta , sweet paniyaram , coffee , …",,0.050354157
23,Sangeetha,"Thillainagar, Trichy","one of the best veg restaurant in trichy.. good taste, good service and reasonable price..",,0.05040546
23,Sangeetha,"W.B. Road, Trichy","this place has the best food in trichy! s prakash waited on us with utmost professionalism, patience and courtesy. the supervisor kannan has a very jolly energy and ensured our visit was happy. …",,0.051073108
23,Sree Annapoorna,HOTEL SRI ANNAPOORNA,"worst experience. food, service, and atmosphere also very poor. it's a prime location, so many people gathered in trichy. sorry this is very poor quality...",,0.0567464
23,Sangeetha,Shri Sangeetas,it’s a pure veg restaurant in trichy serves delicious south and north indian dishes . they serve adai avail of which can be a game changer really authentic and soul …,,0.06488688
24,Saravana Bhavan,Chennai,love south food ...iam big fan of saravana bhavan.my all time favorite place to be with my colleagues,,0.05232967
24,Saravana Bhavan,Chennai,"sravana bhavan has gone from excellent to worse. wherein the branches outside india are excellent . chennai branches are very bad . we are regulars at mylapore branch since years . but the garish yellow plastic plates , grime settled in corners etc is very offputting. avoid . the food is mediocre too .",,0.055156827
24,Saravana Bhavan,Saravana Bhavan,✨ saravana bhavan asai dosai — a must-try food stop! ✨ we visited saravana bhavan asai dosai hotel and it turned out to be an …,,0.069167845
24,Saravana Bhavan,Saravana Bhavan,"⭐ ⚠️⚠️ ⚠️ ⚠️ we went to sri saravana bhavan, salem for lunch expecting a good meal 🍽️, but it …",,0.07583958
24,Saravana Bhavan,Chennai,visting saravana is like visting the place which serve best of the south indian delicacies. for me this place is a comfort food place. where you can feel so relax and enjoy your food. they have variety of south indian dishes. if you are a food lover than you should certain go to this place. this place even do hoe delivery.,,0.07777057
24,Saravana Bhavan,Chennai,saravana bhavan is known for its quality food and they keep it up to the mark. good quality food and polite and friendly staff. highly recommended to visit this place if in chennai.,,0.07849844
24,Saravana Bhavan,Ekkaduthangal,i love saravana bhavan as whichever branch you go you will definitely get the same taste..i totally enjoy south indian food and have a quality time with family and friends +2 photo(s),,0.09183566
24,Sree Annapoorna,Not specified,the food was not so good as other padmavathi hotels. you can find the good food just outside the restaurant,,0.09739764
24,Saravana Bhavan,Chennai,"this branch of saravana bhavan is located next to the famous kaapaleshwar temple. would highly recommend dropping by for a quick cup of coffee and breakfast. do try their ghee roast dosa which is an old favorite, or if you can’t decide opt for the mini breakfast which has little of everything.",,0.10245959
24,Sangeetha,Restaurant_Review-g304556-d1118328-Reviews-Sangeetha_Gandhi_Nagar-Chennai_Madras_Chennai_District_Tamil_Nadu.html,"this is the place, a real good competition to the saravanas, for that ubiquitous yet simple n delicious south indian food.",,0.10510548
24,Namma Veedu Vasanta Bhavan,Namma Veedu Vasanta Bhavan - Hosur,"during our trips to kerala, saravana bhavan was always our preferred choice for breakfast. however, this time we chose to try a newly opened restaurant instead and the experience was disappointing. both the service and the quality and taste …",,0.10870827
24,Saravana Bhavan,Chennai,"actual saravana bhawan has to be spoken about- it's the cheapest healthiest safest best cleanest, place to eat. for the family and friends. the rich and the poor",,0.109040506
24,Saravana Bhavan,Chennai,i've been in saravana bhavan many times in many placed including overseas and noticed that the food quality everywhere is same and ethnic. seriously no comparison that other restaurant having south indian meals. the good one.,,0.11078196
24,Saravana Bhavan,Chennai,"we were looking forward to our visit to saravana bhavan, being keen fans of the outlet in delhi's cannaught place. the cp outlet is up market and availability of all the items on the menu. this branch near radisson blu grt is not up to that standard",,0.111723214
24,Saravana Bhavan,Chennai,"there is quite a lot of hep about the type of food served in saravana bhavan hotels through out tamil nadu. the fact is that they give you less and take more from you. the quantity of side dishes served is very meagre and everytime you have to ask them. the price of foofd items is not at par with market rates and its high. there are other chains of hotels like sangeetha which serve good food at lower rates. since saravana bhavan has got a name people prefer that , but there are other hotels more genuine clean and friendly than this chain.",,0.11261412
25,Sangeetha,PORUR,"sangeetha restaurants have come up with new theme on focusing “karnataka” style food menus. this branch serves you typical karnataka dishes starting from benne dosa , …",,0.014893422
25,Sangeetha,Restaurant_Review-g304556-d1118328-Reviews-Sangeetha_Gandhi_Nagar-Chennai_Madras_Chennai_District_Tamil_Nadu.html,sangeetha is a famous chain restaurant in chennai. i had vegetarian thali here which was served with many south indian dishes. nice taste.,,0.019862287
25,Sangeetha,"Opp. SRM Medical College, Trichy",got a chance to visit sangeethas restaurant at irungalur. the hospitality was wonderful and the food was delicious. the food served by mr. karunakaran. he was so polite and down to earth. will visit again here.,,0.021507528
25,Sangeetha,T Nagar,"this is the best sangeetha restaurant in chennai… new with contemporary looks , great location, …",,0.023643052
25,Sangeetha,Restaurant_Review-g304556-d1118328-Reviews-Sangeetha_Gandhi_Nagar-Chennai_Madras_Chennai_District_Tamil_Nadu.html,"the décor is different from other sangeetha restaurants visited in chennai. the available short eats, snacks are different from other places. you are requested to try the ada (a rice preparation steamed in banana leaf) which is very delicious. please remember to look for the days when these special items are available. also there is a restaurant in first floor where you can have regular lunch and dinner (i am yet to try this facility) it is a pleasure to write here that sangeetha is very good for people who wants to have or love to have south indian vegetarian food and snacks.",,0.037199162
25,Sangeetha,Sangeetha Veg Restaurant,on my way to airport i asked mu cab driver to stop at a local hotel for authentic tamil breakfast and he strongly said it has to be sangeetha. ordered a vada and idli served with lots of coconut and red chutney. …,,0.042284783
25,Sangeetha,Restaurant_Review-g304556-d1118328-Reviews-Sangeetha_Gandhi_Nagar-Chennai_Madras_Chennai_District_Tamil_Nadu.html,sangeetha is a decent hotel at chennai and have many branches at various location. the food and tiffins are tasty and good. chettinad dishes and paper masala are very tasty. the hotel is neat and spacious. all most all kinds of dishes are served. one of the decent hotel. the food does not upset the stomach. the prices are reasonable.,,0.04239982
25,Sangeetha,PORUR,"seated right near the bustling heart of ramapuram, this sangeetha offers a unique gate-a-way spot right in the middle of it all! the ambience is a cultural experience coupled with amazing service! the food overall was great special mention …",,0.052902758
25,Sangeetha,Restaurant_Review-g304556-d1118328-Reviews-Sangeetha_Gandhi_Nagar-Chennai_Madras_Chennai_District_Tamil_Nadu.html,"we wanted to stay away from cooking on sunday so we decided to have lunch at sangeetha restaurant gandhi nagar which is now renovated and expanded we opted for tamilnadu meals and we didnt regret the decision it was wholesome ,tasty , delicious and stomach filling ( if you are a voracious eater) reasonably priced it includes soup , sweet or icecream other than the usual curries , sambar , rasam etc. the highlight is the beeda which gives final touches to the lunch all veggies do visit sangeetha on any afternoon for tamilnadu meals !!",,0.05416562
25,Sangeetha,Poonamallee,on the bangalore chennai highway just after poonamallee coming from chennai. food quality is excellent keeping up with the sangeeta tradition. they tend to pack everyone in the same table ( sharing table with third …,,0.054397877
25,Sangeetha,Medavakkam,"sangeeta restaurant in chennai is a haven for pure vegetarian food lovers, offering superb quality cuisine and impeccable hygiene. renowned for its authentic south indian and north indian dishes, the restaurant delivers a delightful dining …",,0.055216245
25,Sangeetha,PORUR,⭐⭐⭐⭐ visited sangeetha – ramapuram recently and had a wonderful dining experience! …,,0.060151868
25,Sangeetha,RA Puram,sangeetha chain of restaurants in chennai are very popular with all ages of people. i prefer their southern indian food. they do serve north indian food but i feel they are great at south indian food.,,0.06054699
25,Sangeetha,Restaurant_Review-g304556-d1118328-Reviews-Sangeetha_Gandhi_Nagar-Chennai_Madras_Chennai_District_Tamil_Nadu.html,delicious cuisine and the finest hotel in chennai. excellent service is offered at the hotel. everyone should visit sangeetha hotel for a meal.,,0.0613879
25,Sangeetha,Shri Sangeethas Veg. Restaurant,"it was a pleasant dining experience at sangeethas, chennai by pass road. ramesh was extraordinary in serving; suggesting the best food that we can try and indeed it was immaculate. will definitely visit again.",,0.06142084
26,Sangeetha,T Nagar,review: sangeetha veg restaurant – a true local delight sangeetha veg restaurant offers an authentic south indian dining experience with …,,0.015120319
26,Sangeetha,T Nagar,"had a lovely meal at sangeetha veg restaurant in chennai! 🌿 the food was fresh, flavorful, and served hot — classic south indian comfort at its best. the staff was quick and polite, and the place had that clean, homely vibe that makes you want to come back. …",,0.039217588
26,Sangeetha,Sangeetha Veg Restaurant,"sangeeta veg restaurant is truly a delight for anyone who loves pure vegetarian food. the ambience is clean, simple, and welcoming, and the staff is polite and attentive. the menu offers a wide variety of dishes—from south indian classics …",,0.058683883
26,Sangeetha,RA Puram,one of the best sangeetha veg restaurants in chennai. they offer a variety of indian dishes. it is a safe place to have food for outsiders and foreigners because the quality here is top notch.,,0.05879427
26,Geetham,Velachery,"earlier known has sangeetha veg restaurant, now they have a new name. the quality and taste remains top notch and their sambhar is to die for. easily one of the finest south indian restaurants in the city. do check out their sweets and savouries range as well, they are too good especially mysore pak.",,0.0592292
26,Sangeetha,Restaurant_Review-g304556-d1118328-Reviews-Sangeetha_Gandhi_Nagar-Chennai_Madras_Chennai_District_Tamil_Nadu.html,"six of our family members visited the restaurant of the well-known chain of veg restaurants in chennai for lunch to celiebrate the 70th birtday of our sister. we had ordered a mix of south-indian, chinese & north-indian food, from ala carte menu. to our dismay, we found the food not upto the mark except for the south-indian items and the chinese fried rice. sangeetha is good only for south-indian meals and tiffin like iddlies, dosas, etc (most restaurants who claim multi-cuisine are not good in all cuisines except very few like copper chimney, hot chips, etc.)",,0.06007264
26,Sangeetha,PORUR,"sangeetha veg restaurant - porur, opp. to dlf infocity, park dugar, ramapuram 🌸🌺 visited sangeetha veg restaurant with one of my old friends, and it turned out …",,0.06074302
26,Sangeetha,T Nagar,"visited the newly opened sangeetha veg restaurant today at gn chetty road today. on a tuesday 8 pm, the place was packed and had to wait for 10 mins. waiting was handled pretty efficiently. the main staff looked familiar, some were from …",,0.07458325
26,Sangeetha,Poonamallee,"sangeetha veg restaurant, poonamallee is a great place to go for a delicious and affordable vegetarian meal. the restaurant is clean and well-maintained, and the staff is friendly and helpful. the menu features a wide variety of south …",,0.07702468
26,Sangeetha,Sangeetha Veg Hotel,"sangeetha veg restaurant is a well-known vegetarian chain in chennai, celebrated for its authentic south indian cuisine. patrons frequently commend the restaurant for its flavorful dishes, such as the ghee roast dosa and mini idli sambar, …",,0.07884655
26,Sangeetha,Medavakkam,"i recently visited sangeetha veg restaurant and had a very satisfying experience. the food quality was excellent, with authentic south indian flavors and fresh ingredients. the dosa was perfectly crisp, the idlis were soft and fluffy, and …",,0.07976204
26,Sangeetha,T Nagar,"i have recently visited sangeetha veg restaurant in t nagar and had an exceptional dining experience! the taste of each dish was truly outstanding, reflecting the authenticity and quality that sangeetha is known for. from the traditional …",,0.08541197
26,Sangeetha,Medavakkam,we are great fans of sangeetha hotel and hold it in high regard. but it was a very bitter experience at medavakkam sangeetha. the food and the staff behaviour. the idly master needs more training to make soft idlis. a good idli has to be …,,0.091632925
26,Sangeetha,T Nagar,sangeetha veg restaurant in t nagar is south indian food at its absolute finest — this is chennai on a plate! the food is genuinely top-notch; every dish bursts with authentic flavour that reminds you why this place has stood the test of …,,0.09191435
26,Sangeetha,T Nagar,"sangeetha veg, serves tasty food with thalis offering a good variety. the ambience is excellent and the service is impressively quick. the only downside is that it gets quite crowded.",,0.10129816
27,A2B,Adyar+Ananda+Bhavan+ +A2B,"had a pit stop for a cup of coffee at late night, had an excellent cup of filter coffee that would last for a long time, would definetly recommend the place. thank you sudha akka for preparing one of the best coffee",,0.054789186
27,Sree Annapoorna,Tirupur Sree Annapoorna Sweets shop,best coffee in railway station,,0.063654155
27,Sree Annapoorna,Gandhipuram,the best coffee you will ever get.thanks for such a beautiful coffee 😍🤩.i recommend anyone who wish to get a good and strong coffee that's gonna double your happiness 🙌,,0.06476158
27,Sree Annapoorna,Gandhipuram,coffee at it's best!!!! just was travelling.. i love strong filter coffee 😎 when served it never looked strong but when you taste it seriously they serve second best coffee of the world next to hotchips 😍,,0.06867281
27,Sree Annapoorna,Hotel Annapoorani,coffee is very nice i like ur coffee always mushroom pallipalayam is excellent taste,,0.07832873
27,A2B,Adyar+Ananda+Bhavan+ +A2B,"had coffe here, it was the best coffee i've ever had.it instantly reduced my work stress",,0.0787446
27,A2B,Adyar+Ananda+Bhavan+ +A2B,filter coffee good 👍 …,,0.09290393
27,Sree Annapoorna,Annapoorna - Saibaba colony,"the food is always great and i come everytime i miss my moms idly. love the coffee here, it just refreshes you (any coffee lovers can relate).",,0.09527327
27,Sree Annapoorna,SAS Pongalur | Sri Annapoornis Sweets | Karur,worst sweet corn i ever eat. i wont able to eat even a spoon of sweet corn 🤢🤮. but coffee is ok....... …,,0.11877401
27,Namma Veedu Vasanta Bhavan,Namma Veedu Vasanta Bhavan,worst coffee ever! please don't visit this restaurant if you are a morning coffee person. i never …,,0.13130587
27,Sree Annapoorna,Tirupur Sree Annapoorna Sweets shop,my favourite filter coffee spot... everyday we have coffee here.... authentic filter coffee,,0.1324537
27,A2B,Adyar+Ananda+Bhavan+ +A2B,coffee is excellent with aroma flavour thank you specifically mrs pappathi make such good & hospitality,,0.14171234
27,Sree Annapoorna,Annapoorna - NH Avinashi,just came out after dining. your coffee is just next to bs..... very bad... what happened..... poor poor coffee....... better get back to old …,,0.1508619
27,A2B,Adyar+Ananda+Bhavan+ +A2B,"very tasty n very good quality..customer service.is good...all items kalagand poli , medhu vadai n coffee are awesome taste. fully satisfied..",,0.15213585
27,Namma Veedu Vasanta Bhavan,Namma Veedu Vasanta Bhavan,we just came for a filter coffee and it was fantastic. the service by sampath was also very pleasant. he catered to us very friendly and honestly will recommend this place to everyone.,,0.15318558
28,A2B,Adyar+Ananda+Bhavan+ +A2B,todays spl mysore masal dosa suggested by waiter. but is a plain dosa with potato stuffing and chilli chutney. …,,0.034181643
28,Sree Annapoorna,SRI ANNAPOORANA Pure Veg,this place has good ambience and service but the food is not up to the mark. slightly overpriced for the quality of the food. mysore masala dosa was special of the day and a big let down.,,0.038672946
28,Namma Veedu Vasanta Bhavan,VB World by Namma Veedu Vasanta Bhavan,we ordered for coconut milk idyiappam which was okaish as it did not have much flavours. mysore masala dosa and plain masala dosa were too good. medu vada batter was not fresh and was little sour. overall still a good place to visit as the place setting and ambience were like a fine dining.,,0.047371637
28,A2B,Adyar+Ananda+Bhavan+ +A2B,i bought sweets from this mallur-salem. one of worst taste i had from a2b.the mixed sweet box all the sweets are dried and salty. mysore pak is 3rd grade and half baked.i could feel raw flour smell. we are paying double the price comparing …,,0.049799744
28,Geetham,Geetham Veg Restaurant,the food is degrading from before. ordered mysore masala - masala combination is raw and bitter. restaurant replaced with satha rava dosai but served rava dosa filled with ghee and it’s again not …,,0.050589748
28,Sangeetha,"Karur Bypass, Trichy",i went there with my wife. we had rava munthiri and mysore masala thosai. the food is delicious. served by kamachi.. the lady was very professional and attentive. 5 star for her service,,0.059934895
28,A2B,Adyar+Ananda+Bhavan+ +A2B,"the location is infront of railway station -mysore. food quality is very good. hygiene is also very good this is a chain of restaurants with lots of branches. masala dosa, poori,ragi roti,veg fried rice, you order anything, you love it. …",,0.06527013
28,Sree Annapoorna,Annapoorna - Ganapathy,a must visit restaurant! the best and wholesome food that my family ate during our ooty mysore coimbatore trip was here! the food is not just yummy but affordable too. …,,0.0664464
28,Namma Veedu Vasanta Bhavan,Namma Veedu Vasanta Bhavan Nexus Vijaya Mall,we tried mysore masala dosa & business lunch ⚡️🔥 renudme pakka mass and andha lunch i'd say it's value for money especially in a mall 🐒🙌🏻 …,,0.081785545
28,Sree Annapoorna,Annapoorna Veg Restaurant - Vellore City,annapoorna and mysore cafe both are in one place. chat items are very famous here. madhya pradesh rabdi jelabi was good to eat. pav baji and nearly 12 chat items are there. they set their chat items at the bus type and they were so …,,0.08223863
28,Namma Veedu Vasanta Bhavan,Namma Veedu Vasanta Bhavan,loved the mysore masala dosa and seeragasamba pongal. special mention for manikandan for the warm hospitality.,,0.08617167
28,A2B,Adyar,great place to hang out for snacks...... love the pav bhaji and pani poori...... some of the best sweet are kaju katli and mysore pak..... best place,,0.09177634
28,Geetham,Velachery,"this was a much awaited visit with my friends. we ordered assorted bajji (onion, potato & raw banana) along with medhu vada & mysore bonda. each of the dish was well prepared and tasted really good. we ended up with 3 coffees. bill was around ₹450. service and ambience was good. + 3 photo(s)",,0.10650913
28,Namma Veedu Vasanta Bhavan,Namma Veedu Vasanta Bhavan,"good ambience with tasty food.. we ordered ghee thattu idly, mysore masala dosa, onion rava dosa and panneer tikka all items were good only panneer was not that much soft to taste..rest was good . special mention to the waiter who served fast . the cost of but high comparatively with other restaurants.but worth for the taste.",,0.14716093
28,Namma Veedu Vasanta Bhavan,Namma Veedu Vasanta Bhavan Nexus Vijaya Mall,good service by mr.pandi durai & highly recommended food mysore masala dosa & paneer noodles,,0.25681052
29,Geetham,Geetham Veg Restaurant Mount Road,one of the best vegetarian restaurant in mount round chennai with great car parking & ambience. …,,0.054270893
29,Saravana Bhavan,Chennai,for a good tasty vegetarian food i recommend hotel saravanabavan at chennai. it's a high class vegetarian restaurant where u can get tasty food,,0.064335056
29,Saravana Bhavan,Chennai,one of the best vegetarian restaurant chain hotel in chennai..very taste and hygienic..nice combos.. sweets also nice,,0.07522494
29,Geetham,Geetham Veg Restaurant,"this is one of the best vegetarian restaurants around chennai. the price is similar to other popular brands and the taste was equally great. the honey chilli potato was fantastic, they didn't use the fries, instead they used freshly chopped potatoes. the service could have been better.",,0.077667594
29,Sangeetha,Sangeetha Veg Restaurant,"the best vegetarian hotel which we have found in chennai while we tried and compared with other (so called) high class vegetarian restaurant. all the tiffin items were served hot and tasty. the manager iyyappan was friendly, attentive and caring. overall this food, taste and staff are awesome 👌. …",,0.07946357
29,Saravana Bhavan,Chennai,often known to be face of vegetarian restraunt in chennai. they master the vegetarian taste as such. fantastic meal options too,,0.07963065
29,Saravana Bhavan,Saravana Bhavan,"during my chennai stay, i found this wonderful vegetarian restaurant that truly felt like home. the place is clean and well maintained, the food is delicious and full of authentic flavor, and the prices are very reasonable. but the best …",,0.0877897
29,Saravana Bhavan,Chennai,without doubt the best place to have vegetarian food in chennai.. i've visited this chain of restaurants at various locations and the quality of food provided is exceptional!! their dishes taste like home cooked food and the staff are polite and most importantly wear gloves while serving... their meals for lunch is really good and i would recommend the south special meals..,,0.09119138
29,Sangeetha,RA Puram,definitely one the best vegetarian restaurant in chennai. affordable and tasty. highly recommended: masala dosa,,0.10747412
29,Saravana Bhavan,Chennai,one of the best vegetarian restaurants in chennai. they have branches in many prime localities in chennai. i went to their mylapore branch. situated very close to kapaleeshwarar temple. they have both a/c and non a/c halls. good service. they take your order and serve you food hot. never miss this place..for bf/lunch/dinner. filter coffee ...really very good. sweets and south indian snacks are also available.,,0.11093492
29,Saravana Bhavan,Chennai,it is the biggest chain of hotels in chennai. it have so many across chennai. it is pure vegetarian but prices are too high but quality is ok,,0.1311736
29,Sangeetha,T Nagar,"one of the best places to eat in chennai for all vegetarian cuisines including south indian, north indian , chinese etc. only downside here is waiting time is longer and is always crowded. …",,0.13981709
29,Sree Annapoorna,Tiruppur Sree Annapoorna Veg Restaurant - Perundurai Highway,rukmani ammal vegetarian hotel located on the national highway coimbatore to chennai near erode diagonally opposite to texvally,,0.14950022
29,Geetham,Geetham Veg Restaurant Mount Road,"i came to chennai for attending an event, there one guy by connections and even the rapido guy suggested me to try food here! pure vegetarian resturant with snacks, tiffins, fried rice, afternoon meals, beverages and others! …",,0.1527677
29,Geetham,Geetham Veg Restaurant Mount Road,it's the best vegetarian hotel enroute pondicherry/chidambaram from chennai. loved the food and the authenticity with which they serve. better than any other hotels like a2b. the chikku kesari they served with the breakfast combo is too good,,0.153983
30,Sangeetha,Restaurant_Review-g304556-d1118328-Reviews-Sangeetha_Gandhi_Nagar-Chennai_Madras_Chennai_District_Tamil_Nadu.html,ambience is excellent .a bit of hindi is needed as in the heart of chennai most of the waiters are from north india or nepal and hence cannot speak tamil. their idlies are not good at all and bely the name but the sakkara pongal is damn good! the food is good but service is a bit slow,,0.06984165
30,Sangeetha,Restaurant_Review-g304556-d1118328-Reviews-Sangeetha_Gandhi_Nagar-Chennai_Madras_Chennai_District_Tamil_Nadu.html,this review is about the branch of sangeetha restaurant located at the domestic departure terminal of chennai airport... ok that we do get good hot vegetarian food from this restaurant..but cost of food is very much on the higher side. since this is located outside the airport we thought that cost of dishes may not be that much high when compared to the food available inside the airport... however our presumption went wrong.. prices are very much on the higher side. for eg: one dosa cost rs. 161.90 one ghee idly sambar costs rs.190.48 the price mentioned above excludes gst. hope the hotel management will look into this and reduce their cost price.,,0.0953382
30,A2B,Adyar+Ananda+Bhavan+ +A2B,"it's a busy place heard it's a food chain popular in tamil nadu, often have to wait for the seats. we we tried …",,0.09689534
30,Saravana Bhavan,Egmore,"food-4/5 quality-4/5 ambience-2/5 value for money-3/5 the hotel is the most famous chain in chennai and definitely all tourists flock here to have a meal. we had idli sambhar vada and masala dosa sambhar. the idli could've been softer , but the sambhar was amazing even the chutney was quite different than what i had before. it was one of the best things in chennai. chennai definitely serves good food.",,0.098706715
30,A2B,Adyar+Ananda+Bhavan+ +A2B,"travelling back to chennai, had a quick pitstop at a2b before dharmapuri and it was a decent experience. service was fast and selvi our assigned staff was quick to take order and also end our hunger pangs. food was tasty and we were able to resume journey again quickly",,0.10147712
30,Saravana Bhavan,Chennai,"was in chennai from aug to sept 2017, and we are vegetarian. so at the first opportunity we will seek out hsb to dine. the food is simply fantastic which i will recommend, the downside, prepare to wait before u are even approached to ask what u want. the staff are aplenty but they are not proactive when a guest sits at the dining table. after abt 5-10 min and numerous hand signals then they will approach u to take orders. they will be standing and chit chatting not bothering when a guest arrives.",,0.10482328
30,A2B,Adyar+Ananda+Bhavan+ +A2B,"my family which is basically from chennai, came to srirangam for a temple visit today and based on the experience of chennai a2b hotels, selected this restaurant and drove all the way. while the ambiencewas good, but we were quite …",,0.113507345
30,Saravana Bhavan,Chennai,paper dosa idly paneer biryani superb as always every outlet whether it be delhi or chennai its always awesome,,0.11449851
30,A2B,Adyar+Ananda+Bhavan+ +A2B,one of the cleanest restaurant chain in tamil nadu. the location has other options like kulfi house and a party hall. the location has a huge parking space and the restrooms are very clean. i think the location got opened recently ( a year …,,0.11466071
30,Sangeetha,Poonamallee,tired chaat here it was amazing… chaat in chennai is hard to get but this place is must try!! service staff was amazing special mention to mr sudheer kumar.,,0.116814256
30,Sree Annapoorna,Sree Annapoorna Multicusine Resturant,maintains the food taste and quality over the years coupled with great service makes it a must visit when in gandhipuram.,,0.13288695
30,Sangeetha,Restaurant_Review-g304556-d1118328-Reviews-Sangeetha_Gandhi_Nagar-Chennai_Madras_Chennai_District_Tamil_Nadu.html,"this is a go to restaurant in chennai, it is a landmark food destination in itself, offers a variety of non a/c and a/c sitting. the staff is very cordial and service is very prompt. the south indian snacks are freshly prepared and are absolutely yummy to say the least. don't forget to order the cup of filter coffee. was an absolute pleasure to dine here.",,0.1335691
30,Geetham,Geetham Veg Restaurant,"found a gem near chennai airport south indian + chinese, and both are 🔥 food quality is good must visit …",,0.13442233
30,Sangeetha,Sangeetha Veg Restaurant,"visited this place as i heard it's one of the best place for breakfast in chennai. my expectations were really matched. more than the food, the service we were rendered from baikkai raj was simply amazing. he made us feel homely and was …",,0.14443645
30,Sangeetha,T Nagar,"one of the best restaurant meals i’ve ever had. for someone from abroad who doesn’t know much about chennai, this restaurant is highly recommended. the staff treat you like family — they look after you, serve quickly, and are always ready …",,0.14545402
31,Sangeetha,"Karur Bypass, Trichy","i visited shri sangeethas for lunch, and it was very crowded, which itself shows how popular this restaurant is. even during the rush, the staff managed the crowd well. they noted our name and called us as soon as a table became available, …",,0.017026259
31,Sangeetha,"Opp. SRM Medical College, Trichy","had a great experience at shri sangeethas. the food was genuinely delicious, with authentic flavors and excellent quality across the dishes we tried. everything was fresh and served well. …",,0.018570663
31,Sangeetha,"Karur Bypass, Trichy","recently visited shri sangeethas and had a great experience. honestly, they served one of the best vegetable biriyanis i’ve ever tried—the flavor was spot on. while the meals were good, they just couldn’t quite compete with how delicious …",,0.026037935
31,Sangeetha,"Opp. SRM Medical College, Trichy","i had the pleasure of dining at shri sangeethas recently, and it was a delightful experience from start to finish. the food was absolutely delicious, with all the dishes prepared to perfection—flavorful, fresh, and satisfying. the ambiance …",,0.02708806
31,Sangeetha,"Opp. SRM Medical College, Trichy","while being regulars of palpannay shri sangeethas, we were pleasantly surprised and happy with our experience at their new branch. very warm and welcoming staff - all smiling faces. food was homely and delicious. green and clean interiors. they also gave us balloons.",,0.027960088
31,Sangeetha,Shri Sangeethas Veg. Restaurant,"5 stars! a serene food haven in the heart of the city! 🌟🍽️hotel shri sangeethas is my absolute go-to for a calm and serene escape. the ambiance is neat, peaceful, and perfect for unwinding or a quiet meal—feels like …",,0.029418193
31,Sangeetha,"Opp. SRM Medical College, Trichy",recently opened elite branch of shri sangeethas restaurant chain … they offer good quantity of food stuff with good quality too … there is very huge parking space here …,,0.03611492
31,Sangeetha,Shri Sangeethas Veg. Restaurant,"excellent dining experience at shri sangeethas! we stopped here during our travel and were really impressed. the food tasted amazing, with great portion sizes and authentic flavors. the highlight of our visit …",,0.036124077
31,Sangeetha,"Opp. SRM Medical College, Trichy","new shri sangeethas branch, a beautiful, swanky place. food was delicious, staff was courteous and attentive, interiors and washrooms were clean and ambience felt rich. prices were reasonable, similar to the other branches. only suggestion …",,0.038117524
31,Sangeetha,"Opp. SRM Medical College, Trichy",had a wonderful experience at shri sangeethas. the service was very good and the staffs are very friendly and courteous. special mention to ms. delfina . will surely visit again.,,0.050453532
31,Sangeetha,Shri Sangeetas,"shri sangeethas always gives its best output…. after doing some work , after a long wonderful telephonic discussion with …",,0.05059726
31,Sangeetha,Shri Sangeethas Veg. Restaurant,"authentic south indian flavors shri sangeethas is widely celebrated for its authentic south indian vegetarian cuisine, particularly its breakfast and tiffin items. reviewers frequently …",,0.051815733
31,Sangeetha,"Karur Bypass, Trichy","lunch at shri sangeethas was fulfilling and delicious. our waiter mr.sivaguru was kind and helpful, made our lunch a great experience! delicious vegetarian meal.",,0.063642435
31,Sangeetha,"Karur Bypass, Trichy",another hearty meal at this outlet of shri sangeetas after seven years and glad to see that the food quality is still good. ambience has undergone some changes over the year (for better). …,,0.065205656
31,Sangeetha,"Opp. SRM Medical College, Trichy",since i am a regular visitor of shri sangeethas for many years i am comfortable with their food. the staffs are very polite and helpful particularly mr.kaatturaja a steward service was good,,0.068111524
32,Sangeetha,Shangeetha Mess & Caterers,"i had a wonderful dinner at sangeetha mess tonight. the food was absolutely delicious, with a comforting, home-style feel that made every dish feel warm and satisfying. the staff were incredibly kind and attentive, making our experience …",,0.01987803
32,Sangeetha,Medavakkam,"excellent service at sangeetha! the staff was attentive, friendly, and made sure we had everything we needed throughout our meal. they were prompt with orders and very courteous. the food was delicious, and the overall dining experience was wonderful thanks to their great service. highly recommend this place!",,0.034205668
32,Sangeetha,Restaurant_Review-g304556-d1118328-Reviews-Sangeetha_Gandhi_Nagar-Chennai_Madras_Chennai_District_Tamil_Nadu.html,"i've been to sangeetha several times in the last few years. last weekend i was there with my family. the guy who was serving us came with a big smile and asked for the order. close to the end, my 6 year old daughter wanted a a strawberry ice cream and she requested for one. it was servered with a cherry at the top. she was very thrilled to see the cherry as well. looking at her reaction, in a minute he returned with a small cup full of cherries. at the time of settling the bill he gave two stawberries to my daughter and also thanked us at the time of leaving. as a customer, it gives me lot of satifaction and also pleasant feeling.",,0.03706778
32,Geetham,Restaurant_Review-g304556-d27106440-Reviews-Geetham_Veg_Restaurant-Chennai_Madras_Chennai_District_Tamil_Nadu.html,this subpar in quality compared sangeetha. as a us traveller my credit card was not accepted. uk credit card from my friend denied by machine. won't recommend don't go there,,0.044633612
32,Sangeetha,RA Puram,"a thoroughly disappointing experience at sangeetha. the vegetarian meals were utterly inedible—every dish was a disaster. the service was equally appalling, with disorganized parking, unhelpful staff, and a chaotic table allocation process. …",,0.047318976
32,Sangeetha,PORUR,had the experience to relish the food in porur sangeetha. food and service are excellent. mr. mani vel and monalisa took great care and timely service. atmosphere is also good.,,0.04771762
32,Sangeetha,Poonamallee,deeply disrespectful service — first time in 10 years i felt insulted at sangeetha …,,0.05214532
32,Sangeetha,Medavakkam,"sangeetha provided food service for our housewarming ceremony and everything was perfectly managed. the food tasted amazing, was hygienic, and well balanced. service was smooth and timely, and all our guests appreciated the quality. very reliable choice for auspicious occasions.",,0.052250165
32,Sangeetha,Shangeetha Mess & Caterers,"we are from ibm, coimbatore, and during a random visit to salem, we visited sangeetha mess for lunch, and it turned out to be a top-notch, impressive mess that truly stands out for its authentic taste, quality cooking, and unforgettable …",,0.06080198
32,Sangeetha,Restaurant_Review-g304556-d1118328-Reviews-Sangeetha_Gandhi_Nagar-Chennai_Madras_Chennai_District_Tamil_Nadu.html,sangeetha is the best of all the competing chains in terms of value for money. the seating is not cluttered like the rest.. the portions are good and lastly its authentic south indian if you like. the location of this outlet is great.. right on sardar patel road and close to almost every good place in adyar.,,0.063950054
32,Sangeetha,Medavakkam,"we came for lunch to celebrate my mother-in-law’s birthday, and it turned into a wonderful surprise! we celebrated her birthday with sangeetha and the team—it was awesome. thank you so much to everyone for the effort and the lovely birthday wishes. it truly made her day special.”",,0.066334896
32,Sangeetha,Restaurant_Review-g304556-d1118328-Reviews-Sangeetha_Gandhi_Nagar-Chennai_Madras_Chennai_District_Tamil_Nadu.html,"sangeetha dosai and kara chuttney is becoming a brand for themselves, its time they brand these offerings... would love to listen to some good classical music along at the restaurant... apt message at the entrance on how one should behave in public... great going sangeetha...!!! can look at offering car service for better social distancing and hygiene though... look forward to the same kick started...!!!",,0.06710846
32,Sangeetha,Sangeetha Veg Restaurant,"wow, what did i just experience, it wasn't 40 years of sangeetha, it was 40 years of emotions, i could see the happiness they get from serving people, they were so happy for serving food over there, each and every dish i ate atleast 3 of them asked whether i need that again, i was so happy for it. #40yearsofsangeetha",,0.06760416
32,Sangeetha,Poonamallee,"awesome food and good service. cost is moderate. large parking area which is a rare thing nowadays. quality and taste were top notch as expected from sangeetha. request for hot water, tissues etc were handled immediately. my favourite dishes were basundhi & rasamalai. will definitely recommend.",,0.06864363
32,Sangeetha,RA Puram,stunning food. sangeetha always delivers :),,0.069894865
33,Namma Veedu Vasanta Bhavan,Namma Veedu Vasanta Bhavan,"today i ate lunch. really it was awesome and delicious. we enjoyed with our family with real taste. particularly mr. romeo was carring us was super. the way he spoke, the way he care us it was admirable one today.",,0.07866492
33,Geetham,Anna Salai,evening good,,0.08182433
33,Sree Annapoorna,Sree Annapoorna Multicusine Resturant,i had morning breakfast and its good. i was surprised by afternoon lunch. …,,0.08340848
33,Sangeetha,Restaurant_Review-g304556-d1118328-Reviews-Sangeetha_Gandhi_Nagar-Chennai_Madras_Chennai_District_Tamil_Nadu.html,had breakfast here on a whim as we were staying close by. everything we ordered was fresh and delicious. all served quick and at remarkable prices. one just can't go wrong here!,,0.08733671
33,Sree Annapoorna,Annapoorna - Cross Cut Road,i had breakfast here. taste was very good. service also very good. waiting time also not much.,,0.10321394
33,Sree Annapoorna,Hotel Sri Annapoorna,"went with family for breakfast, all was good",,0.106952496
33,Saravana Bhavan,Saravana Bhavan,had breakfast here. quality of food is great. there was no crowd when visted. price nominal not on higher side. …,,0.10716869
33,A2B,Adyar+Ananda+Bhavan+ +A2B,good quality breakfast but expensive compared to the same other places.,,0.116939776
33,Sree Annapoorna,Tirupur Sree Annapoorna Vegetarian Restaurant,had breakfast. good/standard taste. little crowded and less tables.,,0.1218864
33,Sree Annapoorna,SRI ANNAPOORANA Pure Veg,food tastes good. we went for breakfast. nothing disappointed. …,,0.12280359
33,Sree Annapoorna,Annapoorna - Kuniyamuthur,"food: the taste is average. not worth the hype. i've had breakfast,lunch,dinner here. talking about the breakfast: …",,0.1295056
33,Saravana Bhavan,Chennai,"in morning usually there are many options for brunch, great in taste and comfortable ambiance , great",,0.14925674
33,A2B,"A2B,+Trichy+Railway+station","best place for breakfast, rate is some more but quality is very good. staff behaviour is friendly.",,0.19573084
33,Sangeetha,"Opp. SRM Medical College, Trichy","good option for breakfast. average 250 per person, slightly higher side but very good and quick service. good ambiance and hygiene. restroom facility available and clean. great service by staff susmitha and roja.",,0.20053488
33,Sangeetha,Sangeetha Veg Restaurant,"had breakfast here and it was out of the world! food is top class, but they have a long way to go when it comes to service (i’m giving them a 5 star overall just for the food even though i had sub par service). …",,0.22523244
34,Sangeetha,Restaurant_Review-g304556-d1118328-Reviews-Sangeetha_Gandhi_Nagar-Chennai_Madras_Chennai_District_Tamil_Nadu.html,this place is crowed for most time ! have been there more than 5 times ! latest on feb ! few a times i have ordered chinese and was really disappointed ! but the fact is they serve very good south indian food. their platters are also good. overall good place for south indian food.,,0.07430886
34,Sangeetha,Restaurant_Review-g304556-d1118328-Reviews-Sangeetha_Gandhi_Nagar-Chennai_Madras_Chennai_District_Tamil_Nadu.html,"typical south indian restaurant. same taste throughout the globe. south indian delicacies such as masala dosa, ghee roast etc are excellent. service is too good. for the first time i tasted the corriander-lemon soup and it tasted good. when we didn't like the tomsto soup and just kept it aside, the supplier inquired whether there was any mistake in the soup! and we told him that there was nothing like that and we just didn't like the soup, the soup was excluded from the bill!!!!",,0.08506481
34,Sangeetha,Restaurant_Review-g304556-d1118328-Reviews-Sangeetha_Gandhi_Nagar-Chennai_Madras_Chennai_District_Tamil_Nadu.html,not all dishes are great. they are good at traditional south indian dishes but as a restaurant chain they have expanded beyond traditional south indian and moved to fusion and indo chinese. some of the indo chinese dishes are a disaster. hence if you are looking to try something new you are better off trying it elsewhere. also make sure you get there ahead of time since weekends can be crazy with little or no seating at all. parking is a nightmare.,,0.09543103
34,Sangeetha,Poonamallee,"if i had to summarize: tasty south indian food, unlimited chutney refills and average service. …",,0.09969835
34,Sree Annapoorna,St Thomas Mount,"located on the h.w , opposite to h.i.e.t , st thomas mount , this is one of the famous eateries which offer snacks as well as food for dining . there do exist a/c as well as non-a/c sitting areas and the food offered is quite delicious and value for money . ultra fast service is appreciated. one can have south indian foods like masala dosa , uttappam , idli , etc or thali . reasonable cost , delicious food , fast service , neat environment makes it more attractive.",,0.11032025
34,Sangeetha,Restaurant_Review-g304556-d1118328-Reviews-Sangeetha_Gandhi_Nagar-Chennai_Madras_Chennai_District_Tamil_Nadu.html,"oneof the best indian vegetation food i have eaten. the price is the same as other average restaurants. very crowded, relatively clean because their turnover is fast. nothing fancy about the place but great food. eaten here many times or taken away, no digestive problems...",,0.11644973
34,Sangeetha,Restaurant_Review-g304556-d1118328-Reviews-Sangeetha_Gandhi_Nagar-Chennai_Madras_Chennai_District_Tamil_Nadu.html,"they have a very wide variety and is good for south indian cuisine, esp for bachelors who frequently need to eat out.",,0.11719281
34,Namma Veedu Vasanta Bhavan,Namma Veedu Vasanta Bhavan Nexus Vijaya Mall,yes❤️ delicious food prepared…north indian combo😋 …,,0.117964394
34,Sree Annapoorna,Annapoorna - Avinashi road,one of the best south indian cuisine restaurant. excellent food taste and quality. huge extravagant size and big capacity for 100s to eat at one time. ac space also available and is worth as that was more silent as compared to other side. …,,0.1244063
34,A2B,Adyar+Ananda+Bhavan+ +A2B,"a very good place to have something that ""feels"" premium but at a better price than most other restaurants of comparable quality. although specializing in south indian cuisine, you get a whole lot of north indian and chinese dishes too. as …",,0.12530401
34,Sangeetha,Restaurant_Review-g304556-d1118328-Reviews-Sangeetha_Gandhi_Nagar-Chennai_Madras_Chennai_District_Tamil_Nadu.html,"this busy restaurant serves both south and north indian dishes and also the ""indo-chinese"" style dishes. we ordered a selection of all three styles and were pleasantly surprised. they were well presented and tasty. the service is fast and smooth. ice cream desserts are something that did not strike our fancy but the gulab jamuns were really good.",,0.12564468
34,A2B,T. Nagar,"not worth for what you pay very high cost for normal dishes, using north indian spices and ingredients for south indian dishes may irritate you and disturb ur health",,0.12761316
34,Sangeetha,Restaurant_Review-g304556-d1118328-Reviews-Sangeetha_Gandhi_Nagar-Chennai_Madras_Chennai_District_Tamil_Nadu.html,"i have been to this place quite a number of times and love their food. taste is great. you get both north indian and south indian dishes. only drawback with this place is you have to wait for a long time to be seated. its too crowded. if you don't have any plans after dining here, you are safe.",,0.13017555
34,Sangeetha,Shri Sangeetas,north indian varieties are good. but my dad felt the rice was not boiled well in meals and the vegetables doesn't tastes good. the ambience and customer service is good. there is a roof garden in restaurant but not functional. parking facilities are there.,,0.1307228
34,Saravana Bhavan,Chennai,"very nice and testy food, you can have all indian food here at good price, it is in heart of t-nagr city",,0.1319937
35,Sangeetha,Sangeetha Veg Restaurant,"i bought paneer biriyani(medium) today for around ₹300, thinking it would be enough for two people. but when i got it… i was genuinely shocked—the container was so tiny, like the ones we usually get for sweets 😂 …",,0.09702226
35,Namma Veedu Vasanta Bhavan,Namma Veedu Vasanta Bhavan,this review is for the one i ordered for my friend through zomato on (09/09/2025). the amount of curry is very less in all the supply. and the main part is brinjal curry is spoiled. i wrote review in zomato too but no body responded. i will never recommend to eat here. don't waste ur money and health.,,0.11460997
35,Sangeetha,"Karur Bypass, Trichy","ordered veg briyani paneer and mushroom, fried rice, spl meals, naan, kadai paneer. except paneer fried rice all are bad. quantity is very low. not worthy for this price range. i wondered how so many peoples visiting here and giving 5star …",,0.11959276
35,Geetham,Geetham Veg Restaurant Mount Road,i visited the mount road branch many times before. today is a saddening experience. first i ordered panner tikka biriyani medium . they didn't told me while ordering there is no medium only large. only at the bill i came to know medium is …,,0.123482734
35,Sree Annapoorna,HOTEL SRI ANNAPOORNA,"we ordered parotta, paneer biryani, and meals, totaling 595. based on this price, the taste was not good. the paneer biryani and meals were also not good taste",,0.13084759
35,Namma Veedu Vasanta Bhavan,Namma Veedu Vasanta Bhavan - Hosur,had a great lunch experience today! 😊 we ordered the mushroom varaval biryani and soybean veg chukka — both dishes …,,0.15249635
35,Namma Veedu Vasanta Bhavan,Anna Nagar East,"went there for lunch today ordered gibi 65 for starters and it was good.then ordered basic meals,varities of kulcha, kadai mushroom and schezwan fried rice.all the item's taste were good.😉👍✌.patience is must because items to take 15 to 20 mins to reach your table",,0.15926394
35,A2B,Adyar+Ananda+Bhavan+ +A2B,"overpriced special biryani for 300+ rs is not worth, they said its special with paneer etc but not correct. meals missing papad.",,0.1678623
35,Sangeetha,Poonamallee,food is good. had meals and mushroom biriyani. honey crispy gobi starter is served in a bowl without any plates. when asked for a plate they gave a banana leaf. service is too bad. excess food parcel is given in an aluminium foil wrap. see the image. this is how the food is packed for the price we pay.,,0.17688575
35,Sangeetha,Poonamallee,"yesterday we had dinner with our family ..we ordered butter roti,naan and kadai paneer gravy also schezwan gobi noodles. the food price was too too high and the portion of the gravy and noodles was very less which is not even sufficient for …",,0.17939873
35,Sree Annapoorna,Chromepet,i have been ordering from this place for sometime now. they deliver hot chapathis & curry. but the last 2 times they delivered stale palak paneer. at first i thought it could have been jus one of its time & made an order yesterday & the quality has gone down. might not choose to order again from here.,,0.1843434
35,A2B,Adyar+Ananda+Bhavan+ +A2B,"might be due to heavy rush, briyani items especially a2b spl briyani not tasted good. not value for money even their mushroom or paneer briyani are less priced but the spl briyani contains potato was over-priced. over spicy and loaded masalas. paid 2300 for 4 briyani and side which shows how costly they are 😓 …",,0.19916657
35,Sree Annapoorna,SRI ANNAPOORANA Pure Veg,no taste in food... meals is 180 but even rice is not good for taste... quantity for gobi 65 is low... not recommended,,0.19933979
35,A2B,Adyar+Ananda+Bhavan+ +A2B,lunch for 2 ppl mushroom pepper dry- so tasty n yummy 😋 veg fried rice - good taste n quantity. …,,0.20660178
35,Geetham,Anna Salai,order paneer gravy paid 280 but taste less i also delayed the order too much so i cancelled the second order . i did not expect this service from geetham,,0.22262423
36,Sree Annapoorna,Gandhipuram,"had a simple breakfast. ordered dosa, vara and coffee. dosa and coffee was hot and good. but vada was disappointing. not worth the money we paid.",,0.13260269
36,Geetham,Thuraipakkam,"i purchased masla dosa, idli and poori on 21st september 2025 for dinner. instead of masala ,plain dosa was sent while i paid for madala. coriander chutney was rotten. it seems quality was not at all checked. this is the second time this kind of incident happened, and it looks to me that the hotel admin is showing a lethargic attitude towards online customers. i did not get any response when i tried to lodge a complaint.",,0.14672044
36,Sree Annapoorna,Annapoorna Veg Restaurant - Vellore City,"alert, they add more items to the bill. you need to clarify to remove extra items unnecessarily. their restrooms are part of the food court that is behind and not clean. food tasted good, they cried to give extra curry for set dosa. parking is available in front of the restaurant. masala dosa is around ₹150, and it feels expensive.",,0.1496912
36,Sree Annapoorna,Tiruppur Sree Annapoorna Veg Restaurant - Perundurai Highway,not so great food. the chatnis in the morning is way too spicy. vada over fried.,,0.14978413
36,Sree Annapoorna,Annapoorna - Avinashi road,update: visited the restaurant for breakfast and the restaurant was quite packed. coffee was good and so was the vada. but this could be an unpopular opinion - the dosas were ok - i ordered for onion rava masala dosa and butter masala dosa …,,0.15041755
36,Sree Annapoorna,Annapoorna - Saibaba colony,"i really did not want to leave an average review. for the 3rd time , the food was terrible. burnt masala dosa came and couldn’t eat more than half of it. …",,0.15121429
36,A2B,Adyar+Ananda+Bhavan+ +A2B,ordered poori and dosa from swiggy today. poori was dry and too oily. found a worm in chutney. i called to restaurant to inform this they didn’t answer me and hanged call.,,0.15769596
36,A2B,"A2B,+Trichy+Railway+station",dosa was crisp and nice. the chutneys and sambar they served with the dosa need to be improved.,,0.17742337
36,Sree Annapoorna,Sree Annapoorna - Thudiyalur,we asked for breakfast menu and in that we choose dosa. waiter asked crispy or normal we answered normal and then she replied all our dosa are crispy. we ordered and we had all varieties of dosa in super crispy mode and served cold …,,0.17968482
36,A2B,Adyar+Ananda+Bhavan+ +A2B,"the food taste is below par… the dosas were made way before and served warm to save gas. we don’t pay for such service. onion rava dosa and butter dosa both were not crispy, both were like rubber sheets.",,0.18043026
36,Geetham,"Geetham Veg Restaurant   Vettuvankeni, ECR",this what you get if you order ghee masala dosa from geetham injambakkam!! paid 235 rs for this dosa. people come to you for your quality please don’t cheat them. if you charge high..your quality should also be the same! beware people!,,0.1864944
36,Geetham,Geetham Veg Restaurant   Koyambedu,ordered masala dosa and masala parotta via swiggy my major concern is food is not all hot both the dishes food arrived within 30 mins both food taste it cooked already not little hot and portion of masala parotta added is full of capsicum …,,0.18743154
36,A2B,Adyar+Ananda+Bhavan+ +A2B,"worst ever experience, was initially given cold dosa and masala dosa when objected changed masala dosa which was completely burnt . poor service had to ask people for switching on the lights as well.",,0.19557656
36,Sangeetha,Shri Sangeethas Veg. Restaurant,"had my first meal in india at this restaurant, was hyped with the shop name by ourinfluencers. unfortunately at the time we reach the shop, we only had dosa option for breakfast as they preparing for lunch. but with no surprise, the dosa …",,0.20152903
36,Sree Annapoorna,Annapoorna - Avinashi road,we had idly and ghee masala dosa along with the coffee. the food was exceptional as usual. the problem we faced was that most of the items on the menu weren’t available or rather sold out as it was told to us. could be because we went by …,,0.2027492
37,Saravana Bhavan,Chennai,"in ambit mall, ambattur industrial estate branch, before visiting all customers should think thrice due to the worst quality and nonsense taste. i think it is better to stop going there or buying take away. they started cheating and looting customers in the brand name. ghee roast does proven no ghee or oil or water. it was a bland dosa which we ordered 6nos. and thrown in dust bin. even street dogs refused to eat the same. better this restaurant should be closed down or revamped immediately. waste of money and time for next visit",,0.03059106
37,Saravana Bhavan,Chennai,i went for breakfast take away. the ghee roast was very sour and absolutely there is no ghee in it and the price of ₹175 /- was daylight robbery. the coconut chutney was spoiled and the coconut milk for idiyappam was spoiled. the quality is worse than a third rate restaurant. not worth visiting,,0.035389986
37,Namma Veedu Vasanta Bhavan,Restaurant_Review-g304556-d1109756-Reviews-Vasantha_Bhavan-Chennai_Madras_Chennai_District_Tamil_Nadu.html,"we 4 came from kerala.from egmore railway station me along with my friends went to have breakfast at this hotel which is close to station.disappointing experience, beware of exorbitant charges - disappointed with the lack of transparency as they have not shared their menu card .we ordered for 2 ghee roast,2 paper roast , 4 vada 2 coffe and 1 tea .the bill amount was around 950.rs.the person who served food don't inform regarding the quantity of paper roast as one itself can be shared for 2. won't be returning or recommending."" the food is not at all extraordinary but price is extraordinary ...it s toomuch",,0.05430894
37,Geetham,Geetham Veg Restaurant,"jam packed at 7pm on a friday evening! met an old time friend after ages. couldn't have been a better place to meet. he suggested ghee roast dosa, and yes it was the right choice. …",,0.05439555
37,Sangeetha,Shri Sangeetas,ghee powder roast is almost fried. i can't enjoy the food. service and ambience are also average.,,0.07395477
37,Sangeetha,Shri Sangeethas Veg. Restaurant,"best ghee roast i've ever eaten! not too crispy and perfectly even. every bite was heaven. we also had chilli malli idli, chapati, idiyappam, and ilai parotta. service was very fast! we were served by d ramachandran, who did a great job! …",,0.07653419
37,Sangeetha,"Karur Bypass, Trichy",their ghee roast is really good and was really reasonable.it was so good and really soft.this is the best restaurant in the area and gives really good dosa.the coffee is also really good.the staff was really kind and took our order happily.the red chutney was also really good.,,0.087969944
37,Sree Annapoorna,Tirupur Sree Annapoorna,*ghee roast :good *tomato chuteny: below average *coffee :super,,0.0897753
37,Namma Veedu Vasanta Bhavan,Namma Veedu Vasanta Bhavan Nexus Vijaya Mall,ordered ghee roast at forum mall namma veedu vasantha bhavan. but it was not roast enough (crispy). …,,0.09129662
37,A2B,Adyar+Ananda+Bhavan+ +A2B,had a ghee roast from here. not the best considering the high price. a bit crowdy and loud. also bought sweets. they were good and felt worth the price.,,0.093349054
37,Sangeetha,Shri Sangeetas,"i ordered a ghee roast but what i got was disappointing — it looked like a plain dosa, no cone shape, no crispness, and barely any ghee. the smell itself told me something was off. i mentioned this to the server but got no proper response. …",,0.09545819
37,Sree Annapoorna,Annapoorna - Saibaba colony,i ordered ghee roast and onion roast both tasted good. the ghee roast had sufficient ghee to make it more crunchy. i also loved all three combinations of chutneys as well the sambar. …,,0.09664324
37,Saravana Bhavan,Chennai,"full meals, ghee roast, ghee idli, crispy medu vada, mini tiffin and more.. order anything and you will always relish.. not all of the outlets will give you a great ambience, some are just plainly humble..",,0.09910797
37,Sree Annapoorna,Annapoorna Hotel,the ghee roast and all the chutney varieties were very good. btw ...i live in bangalore :),,0.10378943
37,Sree Annapoorna,Annapoorna - Arts College Road Branch,awesome ghee roast ! but 3 star - top veg hotel in coimbatore but they serve juices in wax paper cup...,,0.10621003
38,Geetham,Geetham Veg Restaurant   Koyambedu,"had the mini tiffin at geetham koyambedu veg restaurant, and it was excellent. every item was fresh, tasty, and served hot. the highlight for me was the sweet included in the mini tiffin—it was absolutely delicious, perfectly balanced, and …",,0.04581773
38,Namma Veedu Vasanta Bhavan,Namma Veedu Vasanta Bhavan,"30nos mini tiffin at 6.30pm we ordered. coconut chutney, potato masala bad smell came, all other items found dry which was seems to made in morning they provide in evening. …",,0.050856855
38,Sangeetha,"W.B. Road, Trichy","mini tiffin was delicious & satisfying! kudos to kathiravan for his exceptional service, making our experience truly memorable!",,0.05178308
38,Sangeetha,Sangeetha Veg Restaurant,"i had mini tiffin yesterday morning (2october) and had pretty good experience.food is great ,the service is polite and attentive only thing i felt is mini masala dosa can be little bigger🙂 the sambar and other chutneys are good …",,0.058677845
38,Sangeetha,Sangeetha Veg Restaurant,i really wanted appreciate mr.jeevan for his top notch service. we had mini tiffin which was excellent. compared to other leading veg brands they are providing more value for money.,,0.06357787
38,Sangeetha,Medavakkam,"breakfast mini tiffin was superb — every item tasted amazing, especially the sambar 👌. i first visited with my badminton friends and loved it. however, when i came with my family for lunch, the food was disappointing and not tasty at all, …",,0.06834673
38,A2B,Adyar+Ananda+Bhavan+ +A2B,had a breakfast at this place. ordered mini tiffin and they served kesari of previous day's. didn't even bother to even slightly heat it to appear fresh. waiter and supervisor didn't seem to care much when complained. very poor service and …,,0.0691519
38,A2B,Adyar+Ananda+Bhavan+ +A2B,"we went to this restaurant around 9 am for breakfast on a weekday. the place was neat and clean, but a little bit crowded at that time. because of the crowd there was a delay in the service. we ordered 2 mini tiffin and coffee. mini tiffin …",,0.072644226
38,Saravana Bhavan,Vadapalani,we had ordered mini tiffin and appams on 11th august. the delivery was on time. food was tasty as well. accompaniments for both items were also good.,,0.07280053
38,Saravana Bhavan,Vadapalani,we ordered two mini tiffin for home delivery. they gave one sambhar and one chutney for both.every time they missed some side dishes.,,0.07374122
38,Namma Veedu Vasanta Bhavan,Namma Veedu Vasanta Bhavan,food was tasty we ordered 5 items they didn't include coffee in mini tiffin …,,0.07471209
38,A2B,Adyar+Ananda+Bhavan+ +A2B,mini meals fine. for normal eaters it is little bit more quantity. by 2.45 pm they are giving tiffin items too. that's really nice,,0.07472719
38,Sangeetha,"W.B. Road, Trichy",> i visited for breakfast and ordered mini tiffin. > food taste and quality was excellent. > the ambience was wonderful. …,,0.07806529
38,Sree Annapoorna,SRI ANNAPOORANA Pure Veg,"i'm writing this based on my visit on oct 4th, 2025. the service was horrible, you had to keep calling for someone to come and take order. we ordered mini tiffin, it was in the range of 160 per person. never have i had such a bland food in …",,0.07996784
38,A2B,Adyar+Ananda+Bhavan+ +A2B,"ordered mini tiffin, quality and taste below average.. looks old stuff… didn’t expect this from a2b , looks like they loosing their standard in highway restaurant … disappointed",,0.08196847
39,Saravana Bhavan,Saravana Bhavan,"we had breakfast at this restaurant. we tried idli, ghee roast, pongal, medu vada, and tea. everything was good, though nothing stood out as exceptional. the combination of coconut chutney and pongal was particularly enjoyable. …",,0.07435416
39,A2B,Adyar+Ananda+Bhavan+ +A2B,i visited the restaurant today with family food is not soo good but itz ok my favorite idly sambar and hot gulab jamun itz too good but disappointment is pongal itz very dry pongal usually a2b pongal is very oily added more ghee but today is very dry pongal i ever eat...,,0.07926222
39,A2B,Adyar+Ananda+Bhavan+ +A2B,"nice taste. bit costly. we have tried idli, poori, pongal and vada. especially i liked pongal so much. pongal was really so soft and tasted like halwa. poori and masal were superb. they have enough seating space to accommodate more people …",,0.079776384
39,Geetham,Velachery,"went here for breakfast with family, their gheelicious pongal has my heart! do check out their dosa & juice varieties! very friendly staff and great hospitality. will definitely drop by more often :)",,0.092138514
39,A2B,Adyar+Ananda+Bhavan+ +A2B,"had a breakfast at here and we ordered a ghee pongal,plain dosa and coffee.the ghee pongal was good.and dosa was good.coffee was very good.but the only in this place was service.the service was very poor not much service person here.it was …",,0.0934321
39,Geetham,Ashok Nagar,"i have received this pongal today from the restaurant via zomato in an old metal box. it wasn’t pongal but a version of curd rice. both zomato and geetham have failed to give a proper response. added to it the desk person at geetham was like the tell me the colour, i ll tell u if its pongal. are u kidding me? i was born in tn and ven pongal is something we live on. this curd rice with no pepper, no cashews, no pepper corn and with no condiments is pongal. worst exercise ever from zomato who closed my complaint without any proper response and geetham who have such a condescending attitude.",,0.09980884
39,Sangeetha,"Karur Bypass, Trichy",we had breakfast here and the taste was awesome 👌 especially poori and pongal …,,0.09984353
39,Sree Annapoorna,Tirupur Sree Annapoorna Sweets shop,"today, i had pongal for breakfast, but it was too dry to consume and the vada was too expensive compared with other hotels",,0.10186464
39,Namma Veedu Vasanta Bhavan,Namma Veedu Vasanta Bhavan Nexus Vijaya Mall,ghee pongal...is very tasty 😋 and good service …,,0.11148472
39,Sangeetha,RA Puram,went here for breakfast and enjoyed it. the mini tiffin was so good! i don't even like pongal and i loved the pongal here! plain dosa was better than masala dosa and the sambar was yummy! you see many regulars go here for breakfast and you'll see why :),,0.11258072
39,Sree Annapoorna,Tirupur Sree Annapoorna,nice breakfast on a pongal holiday... poori masala is good... …,,0.11351584
39,Sree Annapoorna,Annapoorna Veg Restaurant - Vellore City,nothing is available at this hotel. for coffee we need to take from outside. no pongal no vadai. only dosa was available,,0.13433515
39,Geetham,Restaurant_Review-g304556-d27106440-Reviews-Geetham_Veg_Restaurant-Chennai_Madras_Chennai_District_Tamil_Nadu.html,"visited geetham at anna nager today the 13th may 2025 for breakfast at about 7.30 am with family. ordered items like idli, pongal, vada, coffee. the texture of pongal was that of stale one. like yesterday pongal reheated and served. vada also was not fresh. it tasted like reheated vada. only coffee and idli was good.",,0.13592796
39,Namma Veedu Vasanta Bhavan,Namma Veedu Vasanta Bhavan - Hosur,"nice ambience but not supported by good food. pongal was cold, chutney and sambhar provided along with it was too less. had to ask for extra atleast twice. …",,0.13726959
39,Namma Veedu Vasanta Bhavan,Namma Veedu Vasanta Bhavan,my morning poori breakfast was a complete letdown 🤢. the overwhelming wheat flour taste made it truly unpleasant and inedible. even roadside tiffin shops offer better quality poori 👎. i couldn't finish it. …,,0.13763727
40,A2B,Potheri,i was here sunday knight for dinner we have ordered all different verity but 2 of us ordered for idlli it was the one of the worst idllies we had so for and chutney and sambar also worst quality,,0.07066702
40,Saravana Bhavan,Saravana Bhavan,"had breakfast here and was quite satisfied with the options. the highlight was the variety of chutneys served, which was a pleasant surprise. we ordered puri, dosa, vada, and idli everything tasted good overall. the idli was average, but …",,0.08249183
40,Geetham,Geetham Veg Restaurant,came here for breakfast and ordered the idli and dosa. vaadai is included with the idli and dosa set. the chutneys and sambar are delicious. the staffs are courteous and honest. we had to wait for 10 minutes for the waiters to find a table …,,0.09208966
40,A2B,Adyar+Ananda+Bhavan+ +A2B,food is quite tasty. friendly staff. they seve with smile.idlis are quite soft and tasty dosas are crispy and well made. they serve in plates with banana leaf which is quite hygienic . one very good activity i found here. they serve food …,,0.11061714
40,Namma Veedu Vasanta Bhavan,Namma Veedu Vasanta Bhavan,i had ordered for a plate of idlis and this is the first time in my life i am seeing an idli so thin. vb is it the new version of idlis ? i am sure a good south indian wont say that this is an idli or you have a chef who doesnt know what …,,0.11470367
40,Sree Annapoorna,Annapoorna - Cross Cut Road,"had idli and vada at annapoorna, they served a variety of chutneys that almost made up the tricolor of india 😂. not a big fan of coconut chutney though; i prefer the palli (peanut) chutney we get back home, which tastes way better. prices felt a bit on the higher side, but overall, it was a decent dining experience. …",,0.13075148
40,Sangeetha,T Nagar,"i dropped by sangeetha veg restaurant in the evening for some snacks and tried their idli and bonda. the idlis were soft and fresh, and the bondas were crispy and hot. the chutneys and sambar were tasty and went really well with both …",,0.13105696
40,Sree Annapoorna,Alandur,"had been here last week for a quick bite. idli, crispy dosai were good, quality and pricewise. planning to visit again for a regular dinner! service is pleasant and despite the location this restaurant is clean.",,0.1315943
40,Saravana Bhavan,Saravana Bhavan,"we reached here at night so had dinner. we ordered their that day special menu salna idli , plain idli set & it was too yummy 😋 as a malayali, keralite this dish was different felt non vegetarian taste but it was pure vegetarian hotel. loved it. …",,0.13388628
40,Sangeetha,"Karur Bypass, Trichy","randomly chose to eat the ellu podi idli. surprisingly, they were very good! the different chutneys to go with it were excellent as well. there was a coconut chutney, a garlic one, and another podi-ghee mixed chutney, along with a …",,0.13548712
40,Sangeetha,Shri Sangeethas Veg. Restaurant,"everything we tried was absolutely delicious — the manaparai idli, mushroom kothu parotta, ghee dosa, dosa, and idli were all top-notch and full of flavor. each dish was well prepared and truly satisfying. on top of the great food, the …",,0.16127405
40,Namma Veedu Vasanta Bhavan,Namma Veedu Vasanta Bhavan - Hosur,"idli with veg paya, guntur karam dosa and pistachios podi idli were too good - must try for sure... little costly but worth the price. …",,0.17101166
40,Saravana Bhavan,Chennai,called in food from saravana. we did not have time to visit this round. as usual the food was brought in piping hot. wrapped in banana leaves the same feel we get once you visit the restaurant. had a simple lunch with idli and vada. the chutney and sambar are always a kill. seemed the idlis are no longer hand made and the softness is not felt any more. but even the machine idli remains with the same taste barring the softness. always like coming back here for their authentic taste.,,0.17996654
40,Saravana Bhavan,Chennai,"i keep visiting this place quite often, my favorite is mini idli with sambar, ghee roast and rava dosa. the chutneys are amazing. they have so many varieties something there dpr everyone",,0.18144968
40,Saravana Bhavan,Ashok Nagar,ambiance 7/10 food 9/10 value for money 9/10 overall 8.3/10 one of the largest delicious south indian vegetarian restaurant 🏨chain in the world located near ashok pillar delicious taste & quality with a pleasing ambience in a fairly busy location and we had 14 mini idli:- they are 14 mini idlis 🍛dunked in steaming hot delicious tiffin sambar. the porous soft idlis absorb the sambar and ghee is sprinkled at the top🍯. the tastes was so amazing. chutney can be obtain on request 👍🏽 dosa:- there are so many varieties of dosai🍥 and i opted for plain dosa🥞. they are then drizzled with oil and made into a crisp dosa which is served with 3 types of chutney and... read more,,0.19398215
41,Saravana Bhavan,Ekkaduthangal,"had food @ hsb after long time, nostalgic!!! sambar idly, sambar vada, cheese corn dosa were very good. courteous staff. chat items were missing.",,0.041571938
41,Sree Annapoorna,Hotel Sree Annapoorna,excellent taste. especially grinded sambar.like a home made. not too much costly. new varities of dishes in menu. but it's taking long time in parcel counter.,,0.06915728
41,Sree Annapoorna,Annapoorna Hotel,quality of food is same as ever. sambar idli is wonderful,,0.081758514
41,Sree Annapoorna,Annapoorna - Ganapathy,"try the curd vada with extra crispy. you will really like it. if you visit after 11 am, you might not get sambar vada. also, tried the popular cream bun but not that great. just hyped .",,0.08211672
41,Sree Annapoorna,Sree Annapoorna - Komarapalayam,"food was average overall. we tried sambar idly, appam, chola puri, and chapathi. …",,0.084414564
41,Geetham,Geetham Veg Restaurant,"the meals was very satisfying. all the vegetables were cooked perfectly, and the overall taste was well balanced. the sambar was especially outstanding and truly flavorful. highly recommended …",,0.08764511
41,Sangeetha,"Thillainagar, Trichy",a quick evening snack meant a single idly dipped in lovely sambar and filter coffee was had. it was spot on and i reckon a lot of their menu will be great to try!,,0.08816691
41,Sangeetha,RA Puram,their sambar vadai is my comfort food. i cry into the sambar when i am depressed. their chutneys are legendary. overall udupi goodness. service is spotty but ambience is kuppai as is typical of udupi spots - all about the wolfing down and not about conversations or enjoying a quiet meal type of scenario. come-eat-run off mode.,,0.09538767
41,A2B,Adyar+Ananda+Bhavan+ +A2B,"i have ordered idly and sambar through swiggy for my mother who had her surgery, i have found a live insect in sambar while feeding her. this type of unsafe preparation of food from the reputed brand is shocking and …",,0.095466115
41,Sangeetha,Restaurant_Review-g304556-d1118328-Reviews-Sangeetha_Gandhi_Nagar-Chennai_Madras_Chennai_District_Tamil_Nadu.html,the sambar vadai and the onion uthappam are the best,,0.100846894
41,Sree Annapoorna,Annapoorna - Ganapathy,i tried an mini idly sambar and curd vada it was so yum and fresh,,0.10504383
41,Sree Annapoorna,Tiruppur Sree Annapoorna Veg Restaurant - Perundurai Highway,"nice ambiance, sambar was good, chutneys could have been better though. you need to wait for 15-20 min to get served, which they have clearly mentioned on the wall. portion size was ok.",,0.10725798
41,Sree Annapoorna,Sree Annapoorna Multicusine Resturant,"i visited this place with high expectations based on the reviews, but was quite disappointed. the place was overcrowded, and finding a seat was very difficult. i finally managed to get one and ordered sambar vada, but the vada was rubbery …",,0.10868531
41,A2B,Adyar+Ananda+Bhavan+ +A2B,"horrible food experience i had there ,,, they served me very stale idly and told me if they put hot sambar idly becomes hot,,, i changed idly to upma,,they served stale upma and it was yuk,,, i really appreciate a2b serving people ,,but few …",,0.10875194
41,A2B,Adyar+Ananda+Bhavan+ +A2B,sambar idly was good. not an exceptional food quality but okay. try sambar dipped idly and it tastes good. service was good if there are manageable crowd.,,0.108990006
42,A2B,Adyar+Ananda+Bhavan+ +A2B,"the ambience and taste of the food maintains the name of the brand. but the service is abysmal. the staff seem to be forced to serve. also, from the multiple times i have visited, it is always the same whether it is in the afternoon or evening. the manager needs to do a better job to maintain the brand name.",,0.15632606
42,Saravana Bhavan,Chennai,"while the food used to be good about a decade back; now it is over rated, and crowded place. the food is not as tasty as it used to be and nobody is too bothered about it. service is also lousy and they are not bothered too much as the establishment is doing brisk business. time to introspect...",,0.1604999
42,Namma Veedu Vasanta Bhavan,Namma Veedu Vasanta Bhavan,quality of the place is deteriorating with time. the way they had packed my food was so cheap. even a road side shop would do a better job. …,,0.16404074
42,Sangeetha,Shri Sangeethas Veg. Restaurant,the quality of food has come down. i have had lunch many times here before. recently also i had dinner at their newly opened branch. but today it was average not as before,,0.19025524
42,Sree Annapoorna,Annapoorna Veg Restaurant - Vellore City,below average the leather shop outside was better than the food,,0.20047377
42,A2B,Adyar+Ananda+Bhavan+ +A2B,ive been a customer for years as i travel through the area for vacations. i am still at awe at how they still manage to keep the food quality implacable even after years. mr. selva was a polite and caring server for us.,,0.20366615
42,Saravana Bhavan,Chennai,"we had visited during aug month for lunch and ambience maintenance which used to be good earlier had degraded very badly and glasses, seats and tables are not cleaned and myself informed to clean till that time no one had interested to do the same. ordered mini thali and food quality was worst. same informed to them but of no use. also staff behaviour was very worst, felt as if am standing in road side shop (atleast there they provide some customer centric work) overall not value for money sure will end up with dissatisfaction and disappointment for the brand name created. not sure its run by their management or it has been provided for lease and run by someone.",,0.2121523
42,A2B,Adyar+Ananda+Bhavan+ +A2B,"the service is good, the waiter is very active and listening and taking order nicely. the food is overpriced and quality of food just ok",,0.21549344
42,Sangeetha,Medavakkam,"food quality is awesome.makes you come repeatedly. some times service takes more time. if you have specific instructions like what to bring first what to bring together, ensure that they understood. i repeatedly face problem in this only. yet i choose to go again because of the quality of the food. must try.",,0.22215092
42,Sree Annapoorna,Annapoorna Hotel,quality and taste of food is good. service levels need to be improved. finding seats is difficult most of the times. waiter turns up late to take orders. desired dishes were out of stock a couple of times when we visited.,,0.23090188
42,Sangeetha,Restaurant_Review-g304556-d1118328-Reviews-Sangeetha_Gandhi_Nagar-Chennai_Madras_Chennai_District_Tamil_Nadu.html,"taste of food is good.. wide range.. quick supply... the person taking order is not trained as professional.. doesn't know to deal with the customers in good manner.. dirty seats covered with plastic sheets are gives bad opinion about the restaurant.. very tight parking... you can go here only for taste, not for good service...",,0.24259257
42,Namma Veedu Vasanta Bhavan,Namma Veedu Vasanta Bhavan,"average food, service in absentia, had to ask for basic things like napkins, cutlery and extra chutney etc. can improve a lot.",,0.25066358
42,A2B,"A2B,+Trichy+Railway+station","food is good, service isn't. ordered items go missing and staff blames each other price is also on the higher side and construction and maintenance work goes on …",,0.25541317
42,Saravana Bhavan,Chennai,nothing to write about just average food and routine & mechanical service. the plus point remains .. that the service is quick and order is delivered in no time ...,,0.2589245
42,Sangeetha,Shri Sangeetas,18 years customer of this restaurant.. vadacurry taste is not before... should need little more development like before years..,,0.26974633
43,Sangeetha,"W.B. Road, Trichy",manager kanna was very attentive and full fill our request with a big smile. kudos to him and the team.,,0.114581
43,Sangeetha,"Karur Bypass, Trichy",mr shivaguru provided very good and prompt service ….lovely food and nice ambience …,,0.11645553
43,Namma Veedu Vasanta Bhavan,Namma Veedu Vasanta Bhavan,"had a great experience. staffs were so polite and service was great, especially selvakumari akka did a very good job. highly recommended.",,0.12637086
43,A2B,Adyar+Ananda+Bhavan+ +A2B,mounika served us very well. best customer service. and sizzler was good.,,0.15017097
43,Namma Veedu Vasanta Bhavan,Namma Veedu Vasanta Bhavan,great food and excellent service! the staff were very polite and attentive. had a wonderful experience. especially karpagam anad sivaranjani are very polite and sweet behaviour 😊 …,,0.15549721
43,Geetham,"Geetham Veg Restaurant   Vettuvankeni, ECR",service was really good and food too silambarasi did a great job. she made us all comfortable and happy,,0.15911585
43,Sangeetha,"W.B. Road, Trichy","great hospitality by kannan supervisor. adi aalam waiter was really courteous, warm and welcoming. food was excellent. a must visit place.",,0.16181706
43,Namma Veedu Vasanta Bhavan,Namma Veedu Vasanta Bhavan,the service of mrs. sivaranjani was really good. she served with smile and dedication. she often asked about our order n taste of good. really a pleasing personality.,,0.16245605
43,Geetham,"Geetham Veg Restaurant   Vettuvankeni, ECR","good good choices, good ambience and good taste too. silambarasi gave very good service. she was very professional and courteous 👏👏 …",,0.16432232
43,A2B,Adyar+Ananda+Bhavan+ +A2B,food was good and the service and hospitality by waitress malika akka was so good.,,0.16502678
43,A2B,Adyar+Ananda+Bhavan+ +A2B,"the food was delicious, and the service provided by malika was excellent. she was very kind and attentive.",,0.16683245
43,Sangeetha,"Karur Bypass, Trichy",saranya's service was good. her hospitality and approach towards customer was super. i had a great experience here including ths food it was delicious and good.,,0.16758288
43,A2B,Adyar+Ananda+Bhavan+ +A2B,great experience . food was great and service was wonderful. the waiter shiva kumar was very friendly and polite,,0.16878812
43,Geetham,"Geetham Veg Restaurant   Vettuvankeni, ECR",silambarasi served us extremely well and was very happy with the service. food was excellent too. all the best,,0.1714009
43,Sree Annapoorna,SAS Pongalur | Sri Annapoornis Sweets | Karur,"i would like to place on record my sincere appreciation for mr. shiv, pongalur sas sweets whose professionalism and courtesy went far beyond expectations. he took personal initiative well beyond his official role to arranged and deliver a …",,0.17341271
44,Sangeetha,Shri Sangeetas,the food and service at this busy restaurant used to be very good. ac hall is in first floor. nowadays it is over crowded and requires a thorough reorganisation if the promoters want to retain their customers. location is excellent. …,,0.05648739
44,Saravana Bhavan,Saravana Bhavan,"first floor ac restaurant review: fantastic restaurant in the area. simply superb. if there was an option for stars beyond 5, i would give it. the ambience is top notch, the food is absolutely delicious, and the service time is pretty fast. …",,0.08102941
44,Sree Annapoorna,Annapoorna - Kuniyamuthur,"i am customer on annapoorna hotels kuniyamuthur, the last day i came to attend a function in the party hall of this annapoorna hotel kuniyamuthur 24/05/2026. the hall has ac and everything. but we need a dining table and chairs to eat in …",,0.100589
44,Namma Veedu Vasanta Bhavan,Restaurant_Review-g304556-d1109756-Reviews-Vasantha_Bhavan-Chennai_Madras_Chennai_District_Tamil_Nadu.html,"with my family on last september i'd visited this hotel for lunch.we sat in the dining hall for about 10 minutes ,then only a waiter came ask what we want and told us that they serve the lunch in first floor.we go to 2nd floor for the ac option.the restaurant is neat and spacious. but we have to wait for almost half an hour for the food to arrive at our table since it was prepared outside and comes in a transport.everything from rice to curd will have to come from their kitchen which was located somewhere else.for the tiffen items only they are preparing at the same place.but the quality of the food is good.not better,though!.and the scenic view of the ecr from our dining table is good.for about 5 or 10 kilometers stretch on both sides,this the only decent veg hotel,i think!.",,0.1145911
44,Namma Veedu Vasanta Bhavan,Restaurant_Review-g304556-d1109756-Reviews-Vasantha_Bhavan-Chennai_Madras_Chennai_District_Tamil_Nadu.html,"went there for dinner. ac restaurant is on 1st floor. ordered curry and tandoori roti, which was pretty decent. service was prompt,and waiters were courteous picked up a few sweets and snacks from the front counter before leaving.",,0.12395237
44,Saravana Bhavan,Chennai,"choose the 1st floor, that has ac and good seating. variety is abundant however, when in rome, do what the romans do - hence i took south india limited thali - big enough for me!",,0.1391697
44,Sree Annapoorna,Sree Annapoorna - Thudiyalur,"hall facility: hall behind hotel is nearly 300 people capacity. hall looking good with full ac. but dining is worst, 45 seats capacity only available. for such small gathering …",,0.16093968
44,Sangeetha,Shri Sangeetas,"the place has two levels of seating. ground floor is non ac and 1st floor is ac with space and seats available for waiting. we went for lunch and the place was full. waiting was for about 15min. we had a special thali, mini thali , veg chowmien and paneer manchurian. the food is good and the serving adequate.",,0.16431819
44,Namma Veedu Vasanta Bhavan,Restaurant_Review-g304556-d1109756-Reviews-Vasantha_Bhavan-Chennai_Madras_Chennai_District_Tamil_Nadu.html,"located exactly opposite to egmore station entrance. this hotel has both ac and non ac halls, ac is located in 1st floor and non ac is in ground floor as well as 1st floor. 1) ambiance will be really good and pleasant 2) serving will be good 3) waiting time will be normal 4) food taste will be good 5) good varieties of chutneys and podis non ac: 1) dining area will be normal in first floor and crowded in ground floor 2) serving time will be quick 3) food taste is similar to ac hall must try: 1) mushroom dosa 2) filter coffee 3) paneer dosa recommended for families and travellers",,0.16813418
44,Sree Annapoorna,Annapoorna Hotel,"at afternoon 12.30pm, there was a huge rush for the ac hall , few old aged people but the management having a regular daily meeting not allowing any customers to get inside and forced to take lunch outside.",,0.18619843
44,Saravana Bhavan,Mylapore,thumb-up-fill negative horrible experience their ac hall is closed. no one would even say anything if you ask them downstairs about ac hall you would go all the way up and then find to your surprise that the ac hall is closed. really sad that this restaurant (&chain) has become utterly overrated.,,0.18982328
44,Sangeetha,Sangeetha Veg Restaurant,"they have 2 floors. ground floor is normal one which will be loud and chaotic, but you can eat fast and start soon. first floor is ac dinning which is calm and quiet. you can get special items only. example normal meals, variety rice you …",,0.19632708
44,A2B,Adyar+Ananda+Bhavan+ +A2B,"ground floor serves only mini meals and south indian snacks. we went to the 1st floor, ordered mini meals, mushroom pepper fry and palak paneer. …",,0.21676262
44,Sangeetha,Sangeetha Veg Restaurant,visited this place for a lunch outing with my office staff. the restaurant has total two floors with availability of sweets and self service food in the first one. the second floor is fully air-conditioned for having comfortable dine-in. …,,0.2170703
44,Sree Annapoorna,Annapoorna Hotel,room good but not for a room service,,0.3154061
45,Sangeetha,"W.B. Road, Trichy","i recently visited this hotel and had a very pleasant experience. the hotel was spacious, clean, and well-maintained, creating a comfortable atmosphere for guests. the dining area and seating arrangements were neatly organized, and the …",,0.018523613
45,Sree Annapoorna,Annapoorna - M.T.P Road,traditional hotel with good serving team. variety of dishes available. separate car parking nearby hotel. overpriced dishes as the taste remains same with other similar hotels in city. ambience is also average compared to the other …,,0.03243897
45,Namma Veedu Vasanta Bhavan,VB World by Namma Veedu Vasanta Bhavan,"the hotel features a refined and welcoming ambience, complemented by tasteful interiors and a calm atmosphere. service standards are excellent, with staff demonstrating professionalism, efficiency, and attention to detail. together, the environment and hospitality ensure a comfortable and memorable stay.",,0.043240074
45,Sree Annapoorna,SPOT ON 69181 Devi Annapoorna,really good hotel for family and business travellers. restaurant ia also clean and neat and run by keralite. stayed one day for kolli hills trip. security man was very friendly. one or two hours while vacating delay also accepted.,,0.04529643
45,Sree Annapoorna,Annapoorna - Kuniyamuthur,"one of the best hotel designs with spacious interior, great ambience and amazing food. the staffs were very professional and helpful. there is an additional counter exclusively for sweets and savouries. good parking facility as well.",,0.0457128
45,Namma Veedu Vasanta Bhavan,Namma Veedu Vasanta Bhavan - Hosur,"this hotel has a very unique ambience, well planned and nicely laid out. we tried multiple dishes, all of which were very tasty and served with a variety of chutneys and sambar. overall, it was a very good food experience. service is quick …",,0.046109755
45,Sangeetha,Restaurant_Review-g304556-d1118328-Reviews-Sangeetha_Gandhi_Nagar-Chennai_Madras_Chennai_District_Tamil_Nadu.html,"every aspect of the hotel is good. it is'nt too modern nor is it too traditional. it is a decent place to eat and a place to have fun as family get together or function. it also has a party hall, again, decent and tidy. services offered are nice. dishes can be customized (ie. less spicy, more onions etc.). overall great experience and good quantity and quality of food for the price.",,0.04741914
45,Saravana Bhavan,Saravana Bhavan,"i was to somanur for a week, where in i couldn't find a good hotel around my place of stay. so the 4 days of adjustment with hotels around had me to run through google search for the best hotels so i was to this hotel 4kms away. the outlook …",,0.053820997
45,Sangeetha,Hotel Sangeetha veg and Non-veg,a nice hotel good taste and friendly service,,0.061046664
45,Sree Annapoorna,Hotel Annapoorani,very nice hotel. very nice atmosphere. tastes are really good. but there is service delay. …,,0.06407041
45,Sree Annapoorna,Annapoorna Hotel,yes it is a decent hotel with decent rooms..,,0.06430825
45,A2B,Adyar+Ananda+Bhavan+ +A2B,good hotel. very good customer satisfaction. nice taste. all variety is available,,0.06932133
45,Sangeetha,Restaurant_Review-g304556-d1118328-Reviews-Sangeetha_Gandhi_Nagar-Chennai_Madras_Chennai_District_Tamil_Nadu.html,more hype created but its ok hotel particularly for a person like me from mumbai. nothing great to experience. lot of crowd - you may have to wait during peak hours.,,0.07059349
45,Sree Annapoorna,Tiruppur Sree Annapoorna Veg Restaurant - Perundurai Highway,i am first time come to hotel very good taste,,0.07270823
45,A2B,Adyar+Ananda+Bhavan+ +A2B,morning time this place seems to be the only decent hotel in that route for a stretch. actually we made a u turn to go to this place. but after resuming the journey found a similar establishment in another 30 to 40 …,,0.07576363
46,Sree Annapoorna,Hotel Devi Annapoorna,"this hotel is under rated, food is vary poor quality food-0/10 stay-0/10",,0.055779874
46,Sree Annapoorna,Shree Annapoorna Mess,food ok but price toooo high 5* hotel also not charging amount like thz hotel overall very bad interior and toilet 🪠🚽 is very worst 🤢 …,,0.06427148
46,Sree Annapoorna,SPOT ON 69181 Devi Annapoorna,rooms are very bad and full of scammers asking 800rs for one vodka(quarter) actual price is 290.they even justifying that unanimous price.,,0.06500169
46,Sree Annapoorna,SPOT ON 69181 Devi Annapoorna,service used to be good. now not good. food has become costlier but still delicious. not costlier than most of other hotels,,0.065064475
46,Sree Annapoorna,HOTEL SRI ANNAPOORNA,"the reason for underrating is the attitude of the serving staff. this hotel has variety of items in dinner and everything is displayed at the entrance. one stop for all cuisines including juices, they say they have paleo diet,but did not …",,0.080338694
46,Saravana Bhavan,Chennai,though the cost of the tiffen are costly comparing to other hotels quality of the food items are good,,0.10934373
46,Saravana Bhavan,Saravana Bhavan,food is below average. this hotel doesn't have enough suppliers only three persons are there which is tough to service customers. the owners are highly commanding to the service people. …,,0.11382324
46,Saravana Bhavan,Chennai,"though prices are slightly higher as compared to others but quality, service and taste of food provided by them makes it negligible. a crowded hotel which provides varieties in food.",,0.12714778
46,Sree Annapoorna,ANNAPURNA HOTEL & RESTAURANT,nice hotel bangli food are available in reasonable price and foods are very tesy clean hotel n behavior is nice,,0.14126013
46,Sree Annapoorna,Tirupur Sree Annapoorna Vegetarian Restaurant,* costly food *5%gst on innocent customers. freud hotel …,,0.14559186
46,Sree Annapoorna,Hotel Sree Annapoorna,"this is a new hotel which needs some improvement in service and also in taste, tiffin items (dinner & breakfast) taste good, but their lunch was not good. their service it seems everyone was new to the hotel industry, they were taking so …",,0.14573431
46,Sree Annapoorna,Tirupur Sree Annapoorna Sweets shop,"the hotel ambiance didn't appeal to me, and i found the food to be only average.",,0.14779837
46,Sree Annapoorna,Tirupur Sree Annapoorna Vegetarian Restaurant,it's like an old hotel food is ok the price is very high as the ambience and facilities is not that great,,0.14900231
46,Saravana Bhavan,Chennai,it’s only the name game. the quality is not different for any of the competitive hotels. you can get a better quantity and almost same quality with the price you pay at hsb.,,0.15209301
46,Sree Annapoorna,Tiruppur Sree Annapoorna Veg Restaurant - Perundurai Highway,the hotel is the last suggestible place for food. the food is not just expensive but is nowhere close to the basic standard/quality. moreover the customer service is unbearable. the staffs are extremely arrogant and rude. the food is very unclean and quantity is also very less. overall this place is not at all recommendable.,,0.152351
47,A2B,Adyar+Ananda+Bhavan+ +A2B,huge fly in this hotel. very worst. kindly look at this almost 5 time visited everytime same issue immediately left the hotel.,,0.06007626
47,Sree Annapoorna,Hotel Sree Annapoorna,"worst hotel and behaviour, they are giving, rotten chutney for us. and, when complaining, they are not even …",,0.08174877
47,Sree Annapoorna,HOTEL SRI ANNAPOORNA,worst of the hotel and sales person and owner very very worst not responding in customer 😠shop la gpay or paytm illa hotel very worst of the hotel pls. taste i🤮s not good cleaning very bad smelling for the food 😫pls don't come to be restaurant 🙏🙏 …,,0.0847378
47,Sangeetha,Shangeetha Mess & Caterers,"worst hotel, very poor service very high price not worth …",,0.09657207
47,Sangeetha,Shangeetha Mess & Caterers,worst hospitality in salem hotels....women workers are good in hospitality but one male server is not even know how to speak with customers... owner also very irresponsible who is not giving the food worth for our money...i will not suggest this hotel to anyone..... very poor hospitality & servants(male)....greedy hotel,,0.10504749
47,Sree Annapoorna,Not specified,hi.iam visited hotel annapoorna.good food quality but very very worst service.their are more much of talking with ladies..but very worst service .here anybody's don't go for the hotel . worst service and service very poor that ladies or very worst .if i ordered one food but she is give another waries food.i complaint one person that i don't know.but he not any action.i think bad experience.😔,,0.11668904
47,Sree Annapoorna,HOTEL SRI ANNAPOORNA,very very very worst hotel...they won't gave extra side dish..talking rudely..worst hotel,,0.11936759
47,Sree Annapoorna,SPOT ON 69181 Devi Annapoorna,"worst service and experience in my life time ever had with this kind of hotel. room, toilets are not cleaned properly getting sting smell. dont choose this hotel. the behaviour of the staff who is managing the hotel is very rude and dont …",,0.12058389
47,Sree Annapoorna,Semmancheri,arrogant and purposeful insulting attituded guys at delivery point. was very upset today. avoid this place if possible. they behave as if food is given free of cost. ambience just like a hostel and no one really cares about who comes in. have gone there on week days. not so worse. more business means arrogance.,,0.12119822
47,Sree Annapoorna,Hotel Sri Annapoorna,whoever coming to review is to utter their disappointed with this hotel ..unjustifiable rates..no price mentioned in menu card..only one person to take order..total fail..i dont understand why they get into this business only..hope they realise..will never visit again 🙏 …,,0.12177071
47,Sree Annapoorna,Tiruppur Sree Annapoorna Veg Restaurant - Perundurai Highway,"after a tiring journey through the erode highway, the hotel was the first suggestion for hunger. however i am extremely dissatisfied with the unpleasant behavior of the staff at the hotel. not just that, the food though being expensive for …",,0.12495338
47,Sree Annapoorna,SPOT ON 69181 Devi Annapoorna,please don't stay in the hotel rooms very dirty unclean they are using hotel rooms for illegal activities very worst in namkkal family not safe hotel food was old one spoiled food given by hotel .. i asked the management they are not …,,0.12584633
47,Sree Annapoorna,SPOT ON 69181 Devi Annapoorna,worst customer service by hotel staff .rooms are not cleaned properly. i stayed there 5 days because of situation. don't go here worst customer service.,,0.12911281
47,Sree Annapoorna,Tirupur Sree Annapoorna,very worst hotel ever i saw they are not even serving food,,0.13225794
47,Sree Annapoorna,HOTEL SRI ANNAPOORNA,"no one should go to this hotel. worst food. i have never eaten such bad food. please, no one should go.🥲 worst hotel in trichy 👎🏻 …",,0.13625675
48,Namma Veedu Vasanta Bhavan,Namma Veedu Vasanta Bhavan,"had very bad experience in this branch. yesterday we went to the restaurant opposite to the egmore station. after we landed in early, we wanted to have breakfast. old person who is in counter took our order and we were waiting for the order …",,0.1521112
48,A2B,Adyar+Ananda+Bhavan+ +A2B,"really frustrating and disappointing experience. the service was painfully slow and it took an unreasonably long time for our food to arrive even after ordering well in advance. to make things worse, the seating was handled very poorly — we …",,0.15853599
48,Sree Annapoorna,Annapoorna - M.T.P Road,slow service. employees not even take order properly. need to wait a lot . more than one food was salty outside section staff also not good . inside ambience is conjusted,,0.15974043
48,Geetham,Geetham Veg Restaurant   Koyambedu,poor service for meals we waited for almost 1hr and no one is properly responding. …,,0.19218336
48,Sree Annapoorna,Tirupur Sree Annapoorna Sweets shop,worst restaurant i ever went. they didn't care who were there waiting for onam meals. we waited for about an hour they asked us to wait more. but the thing is we called them before we go there and asked if they were serving and they said …,,0.19401418
48,A2B,Adyar+Ananda+Bhavan+ +A2B,"food not able to review because the service is so poor that first you have to fight your way yo get seat then even if you have got your table, no one will bother to come and take your order. probably because they have enough of customers coming from railway station that they dont bother about these things.",,0.19689262
48,Sangeetha,Medavakkam,"i would like to raise a complaint regarding my recent order. the food was delivered very late, and by the time it arrived, it was no longer …",,0.2055123
48,Geetham,"Geetham Veg Restaurant   Vettuvankeni, ECR","very worst restaurant , it's a very bed experience . i ordered one set poori for that they take 2 hrs to deliver. please don't go to this restaurant. worst ever",,0.2085218
48,A2B,"A2B,+Trichy+Railway+station",yesterday i had my breakfast where the service was too late because where there was no cooperation among the workers where they are fighting for the ordered plate due theor fight the foods are provided too late and main thing i observed the …,,0.21754888
48,Geetham,Navallur,"we went for breakfast on a saturday. it took 30 minutes for the person to come and take the order. even after an hour food was not served. no response from anybody. most pathetic experience i have ever, never will i step into any of their branches.. i walked out of that place after 45 minutes.",,0.21820447
48,Geetham,Geetham Veg Restaurant Mount Road,"food was okay. service was slow and rude. their focus is elsewhere and no concentrating on what we are ordering. suggesting completely different than what we asked or even the ones we said we definitely do not want, suggesting the same like …",,0.2198161
48,Sangeetha,"Karur Bypass, Trichy","i am regular customer of the restaurant, today i had a very bad experience server have no idea about the menu, and rude behaviour, what ever we order he trading order and come again saying not available, i went to restaurant by 7pm, …",,0.23323853
48,A2B,Adyar+Ananda+Bhavan+ +A2B,complaint regarding poor food quality & service – baby shower catering order. i am writing to express my deep disappointment regarding the special lunch order …,,0.23659709
48,Sree Annapoorna,Sree Annapoorna Multicusine Resturant,disappointed by the services .. food is served by the status of people.. next table has all the items in the meal and they told us everything is over. …,,0.23818944
48,Sree Annapoorna,Annapoorna - Arts College Road Branch,"too rush. nowadays the servers don't even maintain eye contact. they don't have the patience to receive your order. i never understand even when a food cart stall on the roadside is able to serve food with banana leaf, such a giant in food …",,0.23893112
49,Sangeetha,PORUR,food price is high food taste was good,,0.1115049
49,Sangeetha,Shangeetha Mess & Caterers,chicken was full of skin and no flesh not worthy for the price,,0.11177918
49,Sree Annapoorna,Tirupur Sree Annapoorna,the food was really good but the price is too expensive.,,0.12125458
49,Sree Annapoorna,Shree Annapoorna Mess,"costly food and normal taste, junky atmosphere",,0.12883325
49,Sree Annapoorna,SRI ANNAPOORANA Pure Veg,"food taste is good, but the quantity what they are providing is not justified with the cost they are charging. cost of items are very high.",,0.13985796
49,Geetham,Velachery,taste of food becoming less and service also. price too high for meals.,,0.15083466
49,Saravana Bhavan,Chennai,loosing it's taste.food taste is not as expected. price is also too high. overall the items are not value for money.,,0.15408416
49,Sree Annapoorna,Annapoorna - Cross Cut Road,"i would like to highlight that the quantity of food provided for the price is highly disappointing. customer service was not as good as it should, what was heard from local people. the price is high but we felt the quality of the food was …",,0.16321842
49,Sree Annapoorna,Tirupur Sree Annapoorna Vegetarian Restaurant,price is too high. good food. service could be improved.,,0.17730862
49,Sree Annapoorna,Hotel Devi Annapoorna,food was okay for the price range. only limited options available. dinner options are also not so good.,,0.18113801
49,Sree Annapoorna,Hotel Annapoorani,food is too costly compared to the quantity,,0.18204424
49,Sree Annapoorna,Shree Annapoorna Mess,"the dishes offered were unfortunately overpriced. the value simply wasn't there compared to similar offerings elsewhere. for the amount spent, a more substantial and flavorful experience was expected. it felt like a premium was being …",,0.18295784
49,A2B,Adyar+Ananda+Bhavan+ +A2B,"quantity of food is very little only half bowl filled, not worth for money",,0.18741962
49,Sree Annapoorna,Sree Annapoorna Multicusine Resturant,no value for money . see they served food in a half/cut unsize leaf,,0.18912426
49,Sangeetha,"W.B. Road, Trichy","very very minimal quantity of food, they urging for the customer to finish quickly, they think floating customers will expect for the quantity, need to imorove the quantity for the food but quality is good",,0.19590159
50,Sree Annapoorna,Tirupur Sree Annapoorna Vegetarian Restaurant,tastes are ok atmosphere is good …,,0.03437676
50,Sangeetha,"Thillainagar, Trichy",food quality - ok ok atmosphere - average service - 0/10 …,,0.03657113
50,Sangeetha,PORUR,food taste and service are excellent beautiful atmosphere.,,0.037488498
50,Sangeetha,Shangeetha Mess & Caterers,good atmosphere with home food style taste wise very good and service also good,,0.038876336
50,Sangeetha,Medavakkam,the atmosphere itself makes it so comfortable. food & service excellent. food tastes good and appetite. reasonable price.,,0.040087268
50,Sree Annapoorna,Annapoorna - Arts College Road Branch,food and service atmosphere is good.. but rate too,,0.040572826
50,Sree Annapoorna,Tirupur Sree Annapoorna,need to maintain good atmosphere for customers,,0.043541342
50,Sree Annapoorna,Annapoorna - Ganapathy,good service and atmosphere is very good but the taste food 🥘 is not so good as like before. …,,0.050819796
50,Sree Annapoorna,Hotel Annapoorani,good atmosphere but not very great tasty food.,,0.05090236
50,Sree Annapoorna,Hotel Annapoorani,"neat atmosphere, smooth approach, food taste also good. …",,0.051284097
50,Sree Annapoorna,Tirupur Sree Annapoorna Vegetarian Restaurant,the food tasted good and there were no complaints abt it but speaking of atmosphere it definitely needs to be improved and it feels low maintained.hope they improve it,,0.05368469
50,A2B,Adyar+Ananda+Bhavan+ +A2B,good service and atmosphere,,0.055325918
50,Namma Veedu Vasanta Bhavan,Vasantha Bhavan - V B World,"only atmosphere is good , service is very slow and food taste is way below average 👎 …",,0.060457133
50,Sangeetha,PORUR,good food taste.very well service.good atmosphere,,0.06455503
50,Sree Annapoorna,Sree Annapoorna - Thudiyalur,atmosphere is good service is bad you have to request for banana leaf or else they will not keep the banana leaf,,0.08644516
51,Namma Veedu Vasanta Bhavan,"VB World By Namma Veedu Vasanta Bhavan - Saligramam %28Vadapalani%29, Chennai",it was a. awesome experience dining in there. there was a waiter names sun who was very kind and did good service. thankyou so much vb for giving a beautiful and memorable lunch experience,,0.062069505
51,Geetham,Geetham Veg Restaurant,went there as a team and enjoyed the taste of mixed cuisines. the service was good and they made us feel comfortable. make sure that you have time to wait to get a table. as the waiting period was a bit long on the date we went but they managed to accommodate us as soon as they can.,,0.08053863
51,Sangeetha,Medavakkam,we had an excellent experience at their private dining area. amazing service by the team. the food was tasty as well.,,0.08892261
51,A2B,"A2B,+Trichy+Railway+station","the food was okay, nothing extraordinary, but decent enough for a casual meal. the place itself was very clean and well maintained, which made the experience more pleasant. service was good too; the staff were attentive and polite, which we …",,0.090330236
51,Saravana Bhavan,Chennai,the food served was very tasty and delicious. the food server was polite . the enviroment also good condition . too crowd but can manage to get place to sit.,,0.12907098
51,A2B,Adyar+Ananda+Bhavan+ +A2B,the service was excellent as well the food. with good cleanliness and environment. should try for family dining,,0.14439057
51,Sree Annapoorna,Tirupur Sree Annapoorna Vegetarian Restaurant,it was very nice and i loved the full meals which was served. servers were very friendly.,,0.17147256
51,Namma Veedu Vasanta Bhavan,Namma Veedu Vasanta Bhavan,they take very good care of people. things were fast and food was best,,0.17670724
51,Sree Annapoorna,Sree Annapoorna Multicusine Resturant,"the food was good and tasty. however, it would be great if the staff could suggest the special dishes or recommended menu items of the day to help guests explore and enjoy a better dining experience. …",,0.18730374
51,Sangeetha,Shangeetha Mess & Caterers,food was tasty and customisable.the service was very good particularly that service boys in night they treat us like a family.the homely environment just awesome.,,0.2041261
51,Sangeetha,Poonamallee,"we dined on the first floor, and the servers were really nice and patient with us. food was amazing too!!! thank you",,0.20418552
51,Sree Annapoorna,Annapoorna - Kuniyamuthur,they served very good food with care. i celebrated my husband's birthday. the staff team were amazing with patience and frequent supply!,,0.2114306
51,A2B,Adyar+Ananda+Bhavan+ +A2B,had a pleasant dining experience. the food quality was excellent with good taste and fresh ingredients. our staff baby service was friendly and prompt were attentive and made us feel welcome.,,0.21662681
51,A2B,Adyar+Ananda+Bhavan+ +A2B,wonderful dining experience. the staffs were very professional. the food quality was amazing :) would love to keep visiting.,,0.21753173
51,Geetham,"Geetham Veg Restaurant   Vettuvankeni, ECR","food was obviously food like other geethams , it's newly opened with very good parking space . big menu and very good sambar . . service quality needs to be improved, i had long wait and reaching staff was difficult. overall good food .",,0.21866636
52,Sangeetha,"W.B. Road, Trichy",great food and best in class food with lots of varieties,,0.036902383
52,Sangeetha,PORUR,the food is very good and you got variety .,,0.064799815
52,Sree Annapoorna,Sree Annapoorna - Thudiyalur,good food and good taste on all the dishes we ordered,,0.075498015
52,Sree Annapoorna,Shri Annapurani Kitchen,good delicious and quality food,,0.07775303
52,Saravana Bhavan,Chennai,eat anything. the quality is outstanding. the icecream with seasonal fruits is a must. .... u should go for.,,0.09050822
52,Saravana Bhavan,Chennai,best and delicious food with lot of variety. quality of food is best and serving is enough to fill stomach.,,0.09067625
52,Sree Annapoorna,Shri Annapurani Kitchen,excellent food quality.homely food.harmless to stomach,,0.09539421
52,Saravana Bhavan,Chennai,good in taste. good in variety. good in quantity. fresh and nice for stomach too. im not a foodie but liked the simple n tasty food.,,0.096329525
52,Sangeetha,T Nagar,lovely food.. a bit expensive but worth it,,0.099691376
52,Sangeetha,Sangeetha Veg Restaurant,tasty,,0.1119255
52,Sangeetha,Restaurant_Review-g304556-d1118328-Reviews-Sangeetha_Gandhi_Nagar-Chennai_Madras_Chennai_District_Tamil_Nadu.html,"good choice of food varieties. always crowded and especially on saturdays, waiting time is more. food taste is good and the menu is huge with lot of varieties",,0.11475114
52,A2B,Adyar+Ananda+Bhavan+ +A2B,very tasty good food,,0.12248097
52,Sree Annapoorna,Hotel Sri Annapoorna,all food is good and super delicious,,0.1266611
52,Geetham,Ashok Nagar,quality and tasty food,,0.1350458
52,Sree Annapoorna,Shri Annapurani Kitchen,"tasty, homely, down to earth, good.",,0.13563786
53,Sree Annapoorna,Shree Annapoorna Mess,taste ⭐️⭐️⭐️⭐️⭐️ tasty meals. fish gravy is awesome. …,,0.05092394
53,Sree Annapoorna,Sri Annapoorna Bakes,"fresh and delicious, 😍 …",,0.051215596
53,Namma Veedu Vasanta Bhavan,Vasantha Bhavan - V B World,good food 😋 great 👍 …,,0.05375423
53,Sangeetha,"Opp. SRM Medical College, Trichy",soo delicious 😋.. surprisingly soft idly at 10.45pm 👌. 💥 …,,0.057654385
53,Sangeetha,"W.B. Road, Trichy",superb quality and tasty 🤤🤤 …,,0.063942865
53,Sree Annapoorna,Shree Annapoorna Mess,very excellent 👌 yummy yummy …,,0.07010658
53,Sree Annapoorna,ANNAPOORNA FAMILY RESTAURANT AND PUNJABI DHABA,excellent taste yemmyyyy🤩👒 …,,0.07224335
53,Sree Annapoorna,ANNAPOORNA FAMILY RESTAURANT AND PUNJABI DHABA,everything is gudd 👍 …,,0.07562081
53,Sree Annapoorna,Shri Annapurani Kitchen,i like that very much 💓😋 …,,0.07684327
53,Geetham,Anna Salai,excellent food!!!,,0.096414976
53,Sree Annapoorna,Shree Annapoorna Mess,tasty and excellent food chettinadu gravy was 😋 yummy …,,0.09738042
53,Sree Annapoorna,Annapoorna Hotel,horrible and worse😡🤬😠 …,,0.0984884
53,Sree Annapoorna,Hotel Sri Annapoorna,very super and delicious,,0.103148155
53,Sangeetha,"Karur Bypass, Trichy",🍽️ food taste: excellent! every dish was flavorful and freshly made. 🥘 tried dishes: …,,0.118202776
53,Sree Annapoorna,Tirupur Sree Annapoorna Vegetarian Restaurant,tasty food and friendly waiter😅 …,,0.12571836
54,Saravana Bhavan,Chennai,delicious food excellent staff good cleanness large and good ambience,,0.06557731
54,Sangeetha,PORUR,food really nice and the staff also very friendly and good ambiance,,0.0782494
54,Sree Annapoorna,Annapoorna - Saibaba colony,"good service, staffs are very friendly. food is so tasty and delicious . good ambience and hygiene they are maintaining. peaceful place to have meal.",,0.08443836
54,Sree Annapoorna,Sree Annapoorna - NH Komarapalayam,"nice ambiance, tasty food staffs very well organised and arranged the table",,0.091751836
54,Sree Annapoorna,Annapoorna - Saibaba colony,i am a phd scholar and a regular customer here. i love the food especially served with good flavours and aroma. staffs are very kind and active. the atmosphere feels very comfortable and neat. …,,0.095145404
54,Namma Veedu Vasanta Bhavan,Namma Veedu Vasanta Bhavan - Hosur,restaurants is very good..neat and clean..staff are very courteous. they have a variety of food options which suits all age groups.,,0.10280391
54,Sree Annapoorna,Hotel Sree Annapoorna,nice staffs and nice food,,0.119951166
54,Sangeetha,PORUR,excellent food items and great atmosphere and the staffs are very genuine and easily approachable,,0.12135409
54,Sree Annapoorna,HOTEL SRI ANNAPOORNA,warm and friendly staff. decent food and good prices.,,0.12139302
54,Sree Annapoorna,Annapoorna - Avinashi road,good food good staff overall good experience,,0.12141501
54,Sree Annapoorna,Hotel Annapoorani,all food very tasty good response friendly staff good feel,,0.13611187
54,Sree Annapoorna,Annapoorna - Ganapathy,"healthy food and hospitality is good with neat & clean place. staffs are very caring and quick response from them. taken lunch and breakfast which seems to be good, healthy and tasty. …",,0.14069921
54,Sangeetha,Shri Sangeetas,"good food, clean and hygiene, friendly staff especially by bharathy.",,0.14103894
54,A2B,Adyar+Ananda+Bhavan+ +A2B,"good staff... good service... good food... (esp the coffee, it's divine...) …",,0.14469391
54,Sangeetha,RA Puram,very consistent service as i come here regularly over the years. good management for a quick bite. fast service and friendly staff.,,0.14620143
55,Sangeetha,RA Puram,good food at this one joint. service is good. …,,0.051201824
55,Sree Annapoorna,Hotel Sri Annapoorna,excellent service and delicious food,,0.065276824
55,Sree Annapoorna,Sree Annapoorna - NH Komarapalayam,good food excellent service,,0.0692535
55,Sree Annapoorna,Hotel Sri Annapoorna,super service and very delicious food,,0.07758008
55,A2B,Adyar+Ananda+Bhavan+ +A2B,good service good ice cream,,0.08135894
55,Sree Annapoorna,Tirupur Sree Annapoorna Sweets shop,super good food . nice taste. fast service.,,0.09388769
55,Sree Annapoorna,Hotel Sri Annapoorna,"very good service and delicious food.....,",,0.11650714
55,Namma Veedu Vasanta Bhavan,"Namma Veedu Vasanta Bhavan - Tnagar, Chennai",superb taste food&services.100😍 …,,0.118910216
55,Sree Annapoorna,Hotel Sri Annapoorna,amazing food with quality service,,0.12082238
55,Sangeetha,Shangeetha Mess & Caterers,awesome taste and amazing service. must recommend to visit and try out!,,0.13043821
55,Geetham,Navallur,excellent food excellent service,,0.13672097
55,Sree Annapoorna,Shree Annapoorna Mess,food service always good nice it's family mess,,0.1391883
55,Sangeetha,PORUR,excellent food quality....very good service....,,0.14320005
55,Namma Veedu Vasanta Bhavan,Namma Veedu Vasanta Bhavan,awesome food service very calm and good take care,,0.14493528
55,Sree Annapoorna,SAS Pongalur | Sri Annapoornis Sweets | Karur,"good quality of food,and service 👌 …",,0.14752252
56,Namma Veedu Vasanta Bhavan,Vasantha Bhavan - V B World,"great ambience, but food needs improvement visited this place for both breakfast and lunch. the ambience was really …",,0.06564148
56,Geetham,"Geetham Veg Restaurant   Vettuvankeni, ECR",good ambience. good food. extremely slow service spoils the experience,,0.082609355
56,A2B,"A2B,+Trichy+Railway+station","nice ambience at railway junction...we checked in around 5:00pm and all items were like fried rice,idiyappam etc",,0.08943275
56,A2B,Adyar+Ananda+Bhavan+ +A2B,very average taste n service. didn't enjoy. ambience is good,,0.09719868
56,Sangeetha,"Opp. SRM Medical College, Trichy",good food and ambience was super cost wise they could bring little down,,0.10353911
56,Sree Annapoorna,Tirupur Sree Annapoorna Sweets shop,costly but not worth the service and ambience,,0.10396048
56,Sangeetha,PORUR,nice ambience and great food. service top notch.,,0.10626195
56,Sangeetha,"Opp. SRM Medical College, Trichy",i had a really good time here..service was fast ..ambience was good .. special mention to mr.vasanth for his dedicated sincere table service.. highly recommend....,,0.106581755
56,Geetham,Geetham Veg Restaurant   Koyambedu,"good food not a great ambience.looks like the work is unfinished....will check out again. though the parota ordered was tasty...it was definitely not prepared hot, it was …",,0.107094206
56,Sangeetha,PORUR,loved the ambience and service overall,,0.10754526
56,Sangeetha,PORUR,liked the ambience and food tastes yummy and good service too,,0.10791083
56,Sangeetha,PORUR,food and ambience are really great. service staff are polite and considerate. great for dining with family!,,0.10900456
56,Sree Annapoorna,Sree Annapoorna - Thudiyalur,service and ambience was good. but the food we ate was not upto the mark. moderate taste. people with digestive issues found it difficult. we also bought two murukku items. one was good and the other was too oily. packaging was good.,,0.111573696
56,Sangeetha,Medavakkam,wonderful service! taste! & ambience! had atasty breakfast combo at right price in a peaceful ambience! do maintain the quality & service!,,0.1187539
56,A2B,Adyar+Ananda+Bhavan+ +A2B,good food .. good ambience ... sometimes understaffed and take more time to serve,,0.12125439
57,Sangeetha,Shri Sangeetas,amazing restaurant located at the best place. serves delicious food. friendly staffs. …,,0.09676784
57,Sree Annapoorna,Shri Annapurani Kitchen,very nice restaurant.,,0.111990765
57,Saravana Bhavan,Chennai,had such a nice meal here! great atmosphere and very affordable. also near a market that we bought small gifts for friends at. would definitely recommend this restaurant!,,0.11797745
57,Geetham,Geetham Veg Restaurant,very nice restaurant for a good food experience! vibrant atmosphere filled with families relishing their choice of food ranging …,,0.11894608
57,Namma Veedu Vasanta Bhavan,"VB World By Namma Veedu Vasanta Bhavan - Saligramam %28Vadapalani%29, Chennai",excellent restaurant for the families.. quality and tasty food..,,0.12618983
57,Saravana Bhavan,Egmore,this is one of the amazing place to hang out with your friends and family. you can also order food online. tasty food. quick service.,,0.15232088
57,Saravana Bhavan,Chennai,it is a restaurant. all types of food items available here. taste of food is also amazing and tasty.,,0.16051184
57,Saravana Bhavan,Chennai,good restaurant. good food to eat. especially appam is good. good for family gathering. service is good.,,0.18510726
57,Sree Annapoorna,Hotel Annapoorani,one of the best restaurant in erode we have ever seen.. excellent staff service,,0.1858523
57,A2B,Adyar+Ananda+Bhavan+ +A2B,"right by nh544, so extremely convenient to locate this restaurant. very clean and well maintained. best part was the tasty food they served. friendly staff, good parking area and adjacent to a petrol pump are all additional advantages here. special shout-out for the amazing filter coffee they served. definitely going there again.",,0.18776445
57,Sree Annapoorna,Gandhipuram,"good food and great service, this is very good restaurant to visit with friends and family the food was fresh and tested great as well. would recommend to go in this restaurant",,0.19330256
57,Namma Veedu Vasanta Bhavan,Namma Veedu Vasanta Bhavan - Hosur,"delicious authentic food, beautiful ambience, and top-class, efficient service — an excellent choice for family dining.",,0.19361357
57,Saravana Bhavan,Chennai,very near to basilica very clean and good customer service. will stay again.restaurant is clean and good service.check in and checkout very easy.,,0.19828895
57,A2B,Adyar+Ananda+Bhavan+ +A2B,a decent restaurant..food was delicious..i recommend 😊 tried below items …,,0.20492156
57,Sree Annapoorna,Gandhipuram,where do i start about this place. from breakfast menu to snacks menu to drinks menu - everything here are on point and served hot/cold depending on the dish. best ever :) +6 photo(s),,0.21035123
58,Namma Veedu Vasanta Bhavan,Vasantha Bhavan - V B World,best place for family dining,,0.0672396
58,A2B,Adyar+Ananda+Bhavan+ +A2B,"very good place to dine with family. the rates are slashed and well within limits. my recent visit today (13th july, 2024) confirms my belief that this chain is …",,0.0926569
58,A2B,Adyar+Ananda+Bhavan+ +A2B,premium place for a relaxed dining. you get that quality for what you pay. good food and relaxed dining experience with family …,,0.0934111
58,Saravana Bhavan,Saravana Bhavan,a good place for family and friends to dine at reasonable prices.,,0.100540236
58,Sangeetha,Hotel Sangeetha veg and Non-veg,"low cost, good ambiance, overall nice place to dine.",,0.10105055
58,Sree Annapoorna,Annapoorna - Kuniyamuthur,have arranged a family function in the function hall available here. it was well organised and food options offered were also good. good place to have celebrations with limited relatives.,,0.106054276
58,Sree Annapoorna,Shree Annapoorna Mess,good food. reasonable price. we went there quite late. street parking. the entrance door is narrow and leads to a big hall with lots of tables. the tables were spacious and comfortable. we …,,0.11210185
58,Sree Annapoorna,Annapoorna Hotel,not up to the mark but its ok to have dine in there.,,0.12642092
58,A2B,Adyar+Ananda+Bhavan+ +A2B,nice place for dine-in. food price is relatively costly but worth for its quality. almost all variety available. …,,0.13661996
58,Sree Annapoorna,Shri Annapurani Kitchen,a very small dine in but tasty food.. but i find a homely taste there and found it filling and place is hygienic but is not suitable if you have a huge family... if one such family dines in... then others will have to stand i guess,,0.14945799
58,Namma Veedu Vasanta Bhavan,Namma Veedu Vasanta Bhavan,good food and service. party hall price was reasonable. but we were foreced to have decoration from one person who was costly and bit rude there was water dripping. so avoid in rainy season,,0.15450425
58,Sangeetha,"Karur Bypass, Trichy",good place to have 3 time meal. tasty and variety food available. friendly staff. ample parking space and neat washrooms,,0.17514466
58,Sangeetha,Poonamallee,one of the best places in poonamallee if you're looking for a budget friendly party/marriage halls as they don't charge you much for the halls but only charge for the food. anyways the price of the food will also somehow include the rent of the hall but still it's better than the others in poonamallee.,,0.17683743
58,Sangeetha,Shri Sangeethas Veg. Restaurant,recently we have booked hall for reception ambience was good and food was too good but one poor thing is that stage decoration they are not allowing outside decors for the event management suggesting some decors they are high cost but service is tooo pooor....,,0.1976881
58,Geetham,Geetham Veg Restaurant Mount Road,my husband and i had our daughter's 1st birthday celebration there. the hall was very new and spacious. they did a great job doing the decor. the food in the buffet was really good and remained consistent with how it tastes at the restaurant. i'd definitely recommend this place to host any sort of celebrations,,0.20802881
59,Sangeetha,"Karur Bypass, Trichy",located on highway. large dinning space available. clean restroom. food taste was yummy. good and supportive staff. over all good to eat place. parking available. hotel is well maintained. foods are service on car as well.,,0.024609698
59,Sree Annapoorna,Annapoorna Veg Restaurant - Vellore City,"place is good. since it is located in highway, little complicate to park the vehicle. had coffee and the taste is so good... there are clean rest room and drinking water facility available. it takes sometime to get the order due to over crowded.",,0.03162491
59,Sangeetha,Poonamallee,good food. nice place to visit on the highway and relish good authentic food. quick service and spacious place. now they have first floor too. …,,0.040267613
59,Sree Annapoorna,SRI ANNAPOORANA Pure Veg,good place to take a break on the highway. food was good however the place needs a little cleaning as there were lots of flies in the dining area. …,,0.048987307
59,Sangeetha,"Opp. SRM Medical College, Trichy","top notch. that's how you can best describe it. the food is the best among the best and the service top is very good. this is my favourite pitstop on this highway. they have spotless washrooms, ample parking and food beyond doubt is absolutely wonderful. i also load up on snacks and sweets from here. please do visit.",,0.052745607
59,A2B,Adyar+Ananda+Bhavan+ +A2B,our usual spot in the highway. again the food is good and enough parking space. it's a best place every we can spend 1 to 2 hours break during the long drive. …,,0.05321668
59,A2B,Adyar+Ananda+Bhavan+ +A2B,"good restaurant on the highway, quality taste and quick service. cleanliness is average and could be maintained better. staff members are super humble and helpful. car parking is easily available right outside along with a bunch of other …",,0.06037264
59,Sangeetha,Shri Sangeethas Veg. Restaurant,"excellent restaurant near the highway. they have an open plot for parking and space for kids activities to keep them occupied. separate section for ac and non ac. good variety in menu and taste is also good. rates are reasonable. considering the popularity, you may need to wait for 15-30 minutes.",,0.06361972
59,Sree Annapoorna,Sree Annapoorna - Komarapalayam,i'm so glad this restaurant is conveniently located on the highway! 🚗 the food is absolutely top-notch and provides fantastic value for money. 💰 …,,0.06781665
59,Sangeetha,Shri Sangeetas,big fan of their highways restaurants . recently went to their city hotel & downstairs was fully crowded - so went to first floor ac hall & was gud . overall food was great & service was also good . parking is gud & available.,,0.06793505
59,Sree Annapoorna,Tiruppur Sree Annapoorna Veg Restaurant - Perundurai Highway,"reasonable place in this stretch of the highway to stop. good coffee, standard food and clean usable bathrooms.",,0.06811431
59,Sree Annapoorna,SRI ANNAPOORANA Pure Veg,"good restaurant on the highway with decent choice of items. good decor and friendly staff. though we were quite late for lunch time, staff somehow managed to serve us whatever we needed. clean toilets and generally hygienic atmosphere and …",,0.06915209
59,A2B,Adyar+Ananda+Bhavan+ +A2B,"it is on the erode highway. very good ambience, very good food and very good service on the main road. ample car parking is available. rest rooms are also available. this restaurant is one of the food stalls in this location, you can find a …",,0.070328906
59,A2B,Adyar+Ananda+Bhavan+ +A2B,"good place to stop on a highway for a break. has variety of options to munch. restrooms are clean, they have ev charging facility as well.",,0.07130207
59,Sree Annapoorna,Tiruppur Sree Annapoorna Veg Restaurant - Perundurai Highway,good and decent eatery on the highway. it's a complex that has many shops and one can have some relaxation after a long drive. the food was tasty and the price was reasonable. there's enough parking available and toilet facilities are there. nice experience.,,0.07565034
60,A2B,Adyar+Ananda+Bhavan+ +A2B,has good parking for bikes. car parking is limited. the food and quality of food is good. opened newly and the atmosphere is really good,,0.018514775
60,Sree Annapoorna,Annapoorna Hotel,great parking option and very cheap room. food is also good. the only point where things goes a little down is regarding the cleanliness. the place feels a little too old and the washroom facilities and dining place seems to be a little untidy,,0.035999663
60,Sangeetha,Shri Sangeethas Veg. Restaurant,i was very much impressed by the adenium plants in the parking. a good number of plants 🪴. …,,0.057233296
60,Sree Annapoorna,Hotel Sri Annapoorna,food is very nice...parking facility good.,,0.06015516
60,A2B,Adyar+Ananda+Bhavan+ +A2B,"food quality here has degraded over time. restaurant is cramped. going upstairs sitting in dark area and paying a premium for a normal meal, is not a welcomed experience. parking is okay. overall it’s okayish.",,0.06284389
60,Sree Annapoorna,Annapoorna Veg Restaurant - Vellore City,as per local the pricing are costly. but in highways it's okay.,,0.07802249
60,Sangeetha,PORUR,good fine dine spot. ample parking. very good service. self service is also good,,0.08687342
60,Sangeetha,Shri Sangeethas Veg. Restaurant,very good location and very clean atmosphere and parking facilities also available very clean rest room and road road side parking facilities.,,0.08758769
60,Sangeetha,Sangeetha Veg Restaurant,parking slightly difficult fast service good food as usual,,0.0926261
60,Sree Annapoorna,Tirupur Sree Annapoorna Vegetarian Restaurant,"quality of food is good. it's located in a prime area near bus stand, hence parking the car is the issue.",,0.10024111
60,Sree Annapoorna,Annapoorna - Arts College Road Branch,"good has become costly when compared to previous location. no car parking, to hunt outside in road.",,0.10337117
60,Geetham,Geetham Veg Restaurant Mount Road,the restaurant is huge and it’s fully air conditioned. there is good amount of parking space available. the waiting staff have a welcoming attitude. i believe the supervising staff are …,,0.10628042
60,A2B,Adyar+Ananda+Bhavan+ +A2B,a good restaurant in this vicinity. car parking can be bit of a hassle. has a wide range of food options.,,0.11029092
60,Sree Annapoorna,Annapoorna Veg Restaurant - Vellore City,"the ambience isn’t great, but the food and service are good. prices are on the reasonable side. since it’s located on the highway, there’s ample parking available along the service road.",,0.12499819
60,Geetham,"Geetham Veg Restaurant   Vettuvankeni, ECR","good location on ecr with good catchment area, good parking, still new restaurant in 2026. …",,0.12502113
