branch,review,restaurant
Adyar+Ananda+Bhavan+ +A2B,"Adyar Ananda Bhavan in Gandhipuram is offering authentic vegetarian South Indian classics, North Indian, and Tandoori delights, along with Indo-Chinese combos.
All the items are delicious with great taste and servvd hot. …",A2B
Adyar+Ananda+Bhavan+ +A2B,"I liked food here, we ordered fried rice, gobi manchurian watermelon juice and in desserts jamun and rasmalai, it was good.",A2B
Adyar+Ananda+Bhavan+ +A2B,The place is not at all maintained…There is a broken glass that hasn’t been replaced and an overflowing trash can that hasn’t been attended to. You also cannot tip the employees and the food quantity is VERY VERY LESS like for a ₹90 Pongal you get a small cup of portion….the panned butter masala is extremely sweet…Dissapointed.,A2B
Adyar+Ananda+Bhavan+ +A2B,"Mr.Saravana served me Kothu Parotta, which I tried first in my life and it was awsm…",A2B
Adyar+Ananda+Bhavan+ +A2B,"Gobi manchurian poor quality chef dont know what it is, too much sauce and salt and preservatives, too noisy atmosphere, same glove worn by waiters infact they touch lot of places and food too with glove, bare hand allows them …",A2B
Adyar+Ananda+Bhavan+ +A2B,Wonderful menu and freshness of food 🥘 my son enjoyed eating their homemade sweet kolukattai …,A2B
Adyar+Ananda+Bhavan+ +A2B,"The quantity of pongal was very less. For the mini tiffin- 165rs, the coffee was not provided. The quantity and quality of breakfast has become 😞 bad and not worth for money. …",A2B
Adyar+Ananda+Bhavan+ +A2B,"If you want to eat pure veg in tamilnadu then this place is for you. Very supportive staff and most importantly very fast service they provide. And food is also very delicious...
Must try this place.",A2B
Adyar+Ananda+Bhavan+ +A2B,"Food is sour , not worth money 135 dosa full sour taste , idly was better . Not visiting again",A2B
Adyar+Ananda+Bhavan+ +A2B,"The food is good. They serve everything hot and fresh. We sat at table 16 the waiter assigned Ms Amruta varshini was very swift with her service and asked us about our specifications, didn't make us wait too long.",A2B
Adyar+Ananda+Bhavan+ +A2B,"The meals taste very good. I ordered through Swiggy and the price was around ₹150, which is totally worth it. You must try the mushroom biryani as well. For takeaway orders, it takes some time to prepare, so be ready to wait.",A2B
Adyar+Ananda+Bhavan+ +A2B,"Wide range of traditional indian sweets and savories.
Attending staff at sweet counter were very helpful.
The staff went extra mile to pack the sweet boxes securely when she realized that i am bringing it back to my home country",A2B
Adyar+Ananda+Bhavan+ +A2B,"Rating: 4 / 5
📍 Key Review Points:
📌 Location: …",A2B
Adyar+Ananda+Bhavan+ +A2B,"Had a great lunch at the restaurant. All the dishes tasted good. Personally had the south Indian meals.
Parking available maybe for 6-7 cars in the front, so a little congested during …",A2B
Adyar+Ananda+Bhavan+ +A2B,"""The dosa served to me appeared to be made from overly sour batter. The taste and smell were unpleasant, and I was unable to finish the meal. I was disappointed with the food quality and hope the restaurant pays more attention to freshness and quality control.""",A2B
Adyar+Ananda+Bhavan+ +A2B,"# A2B Gandhipuram: A Disappointing Decline

Once a culinary highlight in Gandhipuram, A2B has sadly fallen from grace. The …",A2B
Adyar+Ananda+Bhavan+ +A2B,Food and ambience was good. Fully AC dining area. Washroom and Toilet was outside. …,A2B
Adyar+Ananda+Bhavan+ +A2B,"Good atmosphere and quality food.The other main highlight of this outlet is its opens on 6:30 am, where you can’t find any other vegetarian option in this locality.Neat and clean premises.Congested wash area is the only negative find there.",A2B
Adyar+Ananda+Bhavan+ +A2B,"I visited the Adyar ananda bhavan outlet in  gandhipuram last night.The quantity and quality of the food were reasonably good, but the prices were on the higher side. However, the service style and the staff's demeanor were somewhat …",A2B
Adyar+Ananda+Bhavan+ +A2B,"Worst experience I've had at an A2B, especially in Coimbatore Gandhipuram Branch.
The food quality was far below expectations. The sambar tasted bland and felt …",A2B
Adyar+Ananda+Bhavan+ +A2B,"Lunch menu idli dosa, uttapam not available. Dal, rice and vegetable menu served. Taste and quality is good. Staff is courteous.",A2B
Adyar+Ananda+Bhavan+ +A2B,"It was an unplanned quick visit during our ride to Kovai. Just checked in to have some cool drinks, and the order process was tiring, and nobody was there to help with. Got the order delivered only after 15 minutes that, too, just 2 Orange …",A2B
Adyar+Ananda+Bhavan+ +A2B,"Hopeless! Very rude staff. Before boarding my bus, went in to get a coffee and take out breakfast. I was told to sit and someone would come and attend. Waiters are just walking around . Sat for 5 minutes. They keep talking to each other, but no one would attend. Got frustrated and left. Customer service is zero.",A2B
Adyar+Ananda+Bhavan+ +A2B,I had a sweet paniyaram which is very good taste but outer surface is very hard to bite which made my teeth painful. Please make that as soft as possible to enjoy the delicious,A2B
Adyar+Ananda+Bhavan+ +A2B,"We visited Hotel and had to wait for a very long time. The servers were extremely slow and the service was delayed. This should not happen, especially for a place with such a good reputation. Please ensure your staff attend to customers more quickly and efficiently.”",A2B
Adyar+Ananda+Bhavan+ +A2B,"Limited options for Jain food was available. Jain food prepared was tasty.

Dodha Burfi in sweets was too tasty. It just melts in mouth. I liked the sweets …",A2B
Adyar+Ananda+Bhavan+ +A2B,"Today during dinner, the service quality was very disappointing. None of the staff seemed attentive to customers. The waiters and captains were moving around without any focus, and there was no proper monitoring of the floor. …",A2B
Adyar+Ananda+Bhavan+ +A2B,I have been visiting this place once in a while since 9 years. I just noticed that I never reviewed this place yet. The food here is exceptionally good usually though there was a small difference today. I would have reduced more stars for …,A2B
Adyar+Ananda+Bhavan+ +A2B,I normally eat in A2B but this one the staff were not good. They were slow and made me wait a lot. I've given 4 starts for food.,A2B
Adyar+Ananda+Bhavan+ +A2B,"As Always A2B Stands Firm With Their Quality & Also Its Service, Cos The Welcoming Was So Warm When We Stepped Inside Early Morning For Breakfast At 6.30Am
Offcourse It Was Served Hot & With Warm Gesture …",A2B
Adyar+Ananda+Bhavan+ +A2B,"Visited on 10/09/2025 for breakfast. idli,wada, uttapa ordered. great taste.fast service.must drink coffee here.they have branches outside India also.",A2B
Adyar+Ananda+Bhavan+ +A2B,"Good for a vegetarian lunch and dinner.
Service is good with courteous staff.
Table cleaning is poor and so is the hand wash.",A2B
Adyar+Ananda+Bhavan+ +A2B,"I have been to many outlets of A2B, but the outlet in this area and my experience was not at all good, I found the staff really rude and disrespectful, also the quality off food they have served was really bad, and hygiene I will rate 0, i …",A2B
Adyar+Ananda+Bhavan+ +A2B,Hrithik Roshan is an amazing human. Very sincere and genuine. He was very attentive and served with a smile. He'll come up great in life. Thanks for choosing and training your service people very well.,A2B
Adyar+Ananda+Bhavan+ +A2B,Had Mushroom and paneer sizzler. Food was really tasty. The service person Mr.pratap and manager Mr. Saravanamooorthy  was very engaging to help us to select the platter. A great experience overall.,A2B
Adyar+Ananda+Bhavan+ +A2B,"Don’t go during hungry hrs, u will not be welcomed or pleased to service, we have to find the going to be empty table, need to call the cleaner by own or better u clean it bez clearner person will take own time… …",A2B
Adyar+Ananda+Bhavan+ +A2B,"Excellent dining experience at A2B, Coimbatore. The food is fresh, tasty and consistently good. The dosas were crisp, the chutneys flavorful and the service was quick and courteous. The restaurant is clean well organized and family …",A2B
Adyar+Ananda+Bhavan+ +A2B,"Choose to try  the new menu SIZZLERS the presentation and taste was good, beside this Rawa tossai and fried rice also deserve a good thumbs up👍,  great job Adayar Gandhipuram A2B …",A2B
Adyar+Ananda+Bhavan+ +A2B,Wonderful dining experience. The staffs were very professional. The food quality was amazing :) would love to keep visiting.,A2B
Adyar+Ananda+Bhavan+ +A2B,"Travelled all d way from Bihar,A2B Coimbatore was really refreshing dinner stop.....As hosting assisted by Manager Setu je,We enjoyed delicious Masala Dosa and Ultimate Paneer Biryani..Ended wd tasty tea treat👍 …",A2B
Adyar+Ananda+Bhavan+ +A2B,"Very bad quality food, never expected this from A2B. They mixed water in kichidi and it’s with lumps , not cooked well. This is in Coimbatore gandhipuram branch.",A2B
Adyar+Ananda+Bhavan+ +A2B,"It is one of the best sweet shops ,and also a restaurant in coimbatore.  The service is good ,but self service, the snacks ,and sweet s are of excellent quality . They are one of restaurant in coimbatore, where customer satisfaction is of …",A2B
Adyar+Ananda+Bhavan+ +A2B,Especially chilli idly very crunchy and tasty mind-blowing taste and kothu parotta many vegetables add to this recipe marvelous taste,A2B
Adyar+Ananda+Bhavan+ +A2B,"Nice taste. Bit costly. We have tried idli, poori, pongal and vada. Especially I liked pongal so much. Pongal was really so soft and tasted like halwa. Poori and masal were superb. They have enough seating space to accommodate more people …",A2B
Adyar+Ananda+Bhavan+ +A2B,"a2b is always my life saver no matter where I am. Either Chennai or Coimbatore, it is always my go to place to eat. While compared to other restaurants in Coimbatore, a2b hold best in quality service, food and also somewhat moderate price.",A2B
Adyar+Ananda+Bhavan+ +A2B,"The place has an excellent selection of pure vegetarian dishes. It is really tasty. Also they have some North Indian specialities like Pani puri, pav bhaji etc. Tried the Pani puri and ghee roast. Both were good. Especially the dosa and the …",A2B
Adyar+Ananda+Bhavan+ +A2B,I didn't expect this service it's very worst experience I faced in a2b at coimbatore near gandhipuram branch no waiters are there they can't able to manage the crowd for a sambhar we have waiting for 10 mnts they don't even see the customer to take the order,A2B
Adyar+Ananda+Bhavan+ +A2B,"Happened to order their Mini tiffin. It was too good. The chutneys were amazing and perfect spice in both chutney and sambar. Anyone can try it if you crave idly, pongal or dosai all together at any time. The desert kesari had the right sweetness. It contains masala dosai, soft idly, pongal, 2 chutney, sambar, medu vadai and kesari.",A2B
Adyar+Ananda+Bhavan+ +A2B,Very nice hotel.located very close to gandhipuram town bus stand.nice food.hygenic preparations.very tasty. …,A2B
Adyar+Ananda+Bhavan+ +A2B,"As usual the quality, service of A2B is splendid. The restaurant is located at the prime location in Coimbatore and very near to the Gandhipuram bus stand so it's pretty easy to locate and reach the destination.",A2B
Adyar+Ananda+Bhavan+ +A2B,"A2B on the Salem–Attur Highway is a dependable stop for classic South Indian vegetarian food, especially if you’re traveling. The dining area is clean and spacious, service is quick, and the menu delivers all the favorites—crisp dosas, soft …",A2B
Adyar+Ananda+Bhavan+ +A2B,"Very nice place on the highway. Good rest stop for lunch.. The place is pretty big, with a lot of sitting space still crowded all the time. The menu has only veg options, making it vegetarian friendly! Particularly enjoyed the South Indian …",A2B
Adyar+Ananda+Bhavan+ +A2B,"As always, the food was tasty and satisfying. The staff were busy yet well organised, ensuring smooth service despite the crowd. Ample parking space is available. Being located on the National Highway, the hotel remains consistently busy and popular with travellers and regular customers alike.",A2B
Adyar+Ananda+Bhavan+ +A2B,"As usual, just as any other A2B - no complaints.
Difficult to enter this place unless we intend to, since it is in the service road. Need not park the car right in front of A2B since it is crowded so park near Junior Kuppana in the morning hours especially.",A2B
Adyar+Ananda+Bhavan+ +A2B,"It's a vegetarian restaurant available on the main area.
Easily identifiable location.
Ambience is good. …",A2B
Adyar+Ananda+Bhavan+ +A2B,"Food is good!
But service is very slow.. …",A2B
Adyar+Ananda+Bhavan+ +A2B,"Mr. Sathish served our orders so hygienic, fast and Tasty foods. Co-workers treat everyone to feel Pleasant. Personally loved the restaurant ambience with mild music. Also I had a experience to sit near by Main Manager (senior citizen)who …",A2B
Adyar+Ananda+Bhavan+ +A2B,"I had a wonderful breakfast experience at A2B. The food was fresh, tasty, and served hot. The idli was soft, the dosa was crispy, and the chutneys and sambar were full of flavor. …",A2B
Adyar+Ananda+Bhavan+ +A2B,"Stopped here for lunch. They serve only meals or mini meals that time. Had tomato rice, sambhar rice and chapati korma. Service was fast. Food was good.",A2B
Adyar+Ananda+Bhavan+ +A2B,"It was a very pleasant dining experience for us. Subbalakshmi, our waitress did a wonderful job serving us and responded to our needs which is feel comfortable and the food was tastier. She was very courteous and understanding our needs. …",A2B
Adyar+Ananda+Bhavan+ +A2B,"Special thanks to Vijayakumar for his excellent service and warm hospitality. He was attentive, friendly, and made our dining experience truly memorable. The food was delicious, and the overall service was outstanding. Highly appreciated",A2B
Adyar+Ananda+Bhavan+ +A2B,"Dropped into Snacks Time for some evening munchies, and it delivered on most fronts! The vadai was crispy perfection—hot, flavorful, and just the right spice level. Chat items stole the show too, with that tangy, crunchy burst in every …",A2B
Adyar+Ananda+Bhavan+ +A2B,"Morning time this place seems to be the only decent hotel in that route for a stretch. Actually we made a U turn to go to this place.
But after resuming the journey found a similar establishment in another 30 to 40 …",A2B
Adyar+Ananda+Bhavan+ +A2B,"Very poor service from the waitress. We waited over half an hour just to place our order and another half an hour to receive the food. The staff seemed unaware of which items were available, and for every question we asked, we were told to wait 10 minutes while they checked availability.",A2B
Adyar+Ananda+Bhavan+ +A2B,"Well, I am writing this review after a pathetic experience. I was going to Bangalore in  a cab and dropped here for BF at 9:55 AM.  My driver and I first ordered mini tifin and after 6 to 7 mins, we were informed of non availability. Then …",A2B
Adyar+Ananda+Bhavan+ +A2B,A2B is renowned restaurant across tamil nadu. I happen to travel across attur and wanted to have a quick break to finish the breakfast. We have found and A2B through and reached there. …,A2B
Adyar+Ananda+Bhavan+ +A2B,"It is on the Erode highway. Very good ambience, very good food and very good service on the main road. Ample car parking is available. Rest rooms are also available. This restaurant is one of the food stalls in this location, you can find a …",A2B
Adyar+Ananda+Bhavan+ +A2B,I have been to A2B especially this branch for past 5-6 yrs. Not so regular but most of the time. Especially this time the service is great and the staff named radhika was nice with the greetings and services provided. This what all the …,A2B
Adyar+Ananda+Bhavan+ +A2B,"""The food quality at Anandha Bhavan is excellent, especially the traditional South Indian dishes. The restaurant is well-maintained, staff are polite, and service is fast. Highly recommended for anyone looking for good vegetarian food.""
For @shobana service",A2B
Adyar+Ananda+Bhavan+ +A2B,"This review I wrote after the 3rd time of bad experience with A2B Attur branch. Today it's crowded there, so i expect the delay but after 30mins also no one come and ask for order, the food supplied to all the tables near to us but even …",A2B
Adyar+Ananda+Bhavan+ +A2B,Best place to have lunch. Highly clean and good service. Diwali combo sweets 🎁 were available. Ample car parking. EV charging station is nearby. Family friendly restaurant. Restroom 🚻 available nearby. …,A2B
Adyar+Ananda+Bhavan+ +A2B,"The restaurant is a typical A2B outlet which doesnt disappoint the highway traveller.
Service and food items were on par and really good. …",A2B
Adyar+Ananda+Bhavan+ +A2B,"Had breakfast at Attur branch this morning, attended by Mr. Muthu. Service quality has improved a lot, we were able to feel the difference.  All good but Rates are touching sky rockets. Single coffee costs 50rs is too high. It seems the …",A2B
Adyar+Ananda+Bhavan+ +A2B,Amazing food here! We came in expecting the usual A2B but they had menus here! Mr.Sathish served us and gave us everything on time. The food was really good too. Highly recommend the Chola Poori and always go for the classic Idli. The service was great and so was the food. Another must try is the Paneer Tikka!,A2B
Adyar+Ananda+Bhavan+ +A2B,The service provided was awesome by Ms. Priyadarshini and she saw to it that the food order kept coming fast and swiftly as we were hungry from our long journey.  She was very kind as to oblige with our constant needs of side dishes and her demeanor was especially sweet and welcoming. Thank you ma for the wonderful experience.,A2B
Adyar+Ananda+Bhavan+ +A2B,"The location of this particular branch is perfect with ample parking space, clean washrooms and a lot of interesting stores nearby to shop from. We have had breakfast, lunch and dinner here multiple times and this is our family's favourite …",A2B
Adyar+Ananda+Bhavan+ +A2B,"A2B used to maintain their brand name, food quality and taste in all their branches... Here also they maintaining the same. This hotel has vast area for dine in. . Quick responded services are available here. . . Need not to spend more than …",A2B
Adyar+Ananda+Bhavan+ +A2B,"Highway 🛣️ Relax  Hub with Vegitarian A2B. Cleaned area Spacious 🚘🚖🚍Parking lot with EV🔋🔌⚡Charging Facility Inside of Campus. 🍽️🍸🍹🫖☕🍵🥛🥗🍲🍛🥘🧆🥙🌯🌮🫔🍕🍟🥨🥚🧀🍿🍭🍬🍫🍩🍪🧋🍚Food was Good, also available Fresh Juice 🥤 Sweets and snacks A2B's  Special varieties. Located📍 Towards way To Salem. …",A2B
Adyar+Ananda+Bhavan+ +A2B,Good shop in the highway 🛣️. A2B is trusted hotels on the highway with good quality of food 🍱 . It’s hygienic and quality is trusted for brand . It’s costly as its quality is good . I always eat at A2B on highway as it’s also provide good …,A2B
Adyar+Ananda+Bhavan+ +A2B,Had to detour here and didn’t disappoint as most of the branches in Chennai sucks. Service was really good and fast especially Radhika’s was commendable. Try here if you on the route and won’t be disappointed.,A2B
Adyar+Ananda+Bhavan+ +A2B,"Without any doubt the best Veg Restaurant on  the way to Salem near Attur. The quality of food, service and quantity were all appropriate. Clean restrooms and ample parking are available. Things to try …",A2B
Adyar+Ananda+Bhavan+ +A2B,"The server recommended the special dosa, so I decided to try the malli dosai. Unfortunately, it tasted just like a regular ghee roast with no distinct malli flavor. Paying ₹175 for that dish feels completely unjustified. It’s disappointing …",A2B
Adyar+Ananda+Bhavan+ +A2B,We landed A2B for our lunch while travelling on the way to Salem. The food waa really good and yummy. The waiter Mrs. Radhika was very helpful and ensured the dishes reaches on time. Wishing her all the best and thanks for the service provided.,A2B
Adyar+Ananda+Bhavan+ +A2B,Today had a late lunch at this restaurant. We ordered a mixed variety rice and a curd ride. The curd rice was like ground rice like a dough. The mixed rice had malli rice which was very cold and very low in salt. Other two rices had no …,A2B
Adyar+Ananda+Bhavan+ +A2B,Superb highway restaurant for tasty food. Nice ambiance with spacious parking. Rest rooms are very clean and hygienic. EV charging facilities also available.  Had breakfast and dinner. The taste is simply awesome. Highly recommended for …,A2B
Adyar+Ananda+Bhavan+ +A2B,"Worst sambar vada, mediocre idly. Only thing edible was the drinking water.",A2B
Adyar+Ananda+Bhavan+ +A2B,The mini tiffin we had was mid at best. Though the service was good from Mr.Kannan.. The food being only okayish at this price is something that can be improved,A2B
Adyar+Ananda+Bhavan+ +A2B,"Located in a nice complex center! Family-friendly and well-maintained. The food is decent, and they have a in-built shop for purchasing snacks as well.",A2B
Adyar+Ananda+Bhavan+ +A2B,"Had a pit stop for a cup of coffee at late night, had an excellent cup of filter coffee that would last for a long time, would definetly recommend the place. Thank you sudha akka for preparing one of the best coffee",A2B
Adyar+Ananda+Bhavan+ +A2B,"Adyar Anandha Bhavan used to be one of my favorite restaurants, known for its consistent quality and great taste. However, on my recent visit, I noticed a significant decline in both the quality and taste of the food. The dosas, which used …",A2B
Adyar+Ananda+Bhavan+ +A2B,"The food at A2B is tasty and reliable as always. One concern is the seating arrangement—the distance between the table and chair is too narrow, making it difficult to sit and eat comfortably.",A2B
Adyar+Ananda+Bhavan+ +A2B,Food is great. Had a great meal. Server kannan made a effort in making our meal so special.,A2B
Adyar+Ananda+Bhavan+ +A2B,"I usually prefer A2B cause of the good food, ambience and service, but this morning I happened to have breakfast here and I was unhappy with the service they provided. It took a long time to take the order even when we could see many people …",A2B
Adyar+Ananda+Bhavan+ +A2B,Nice place.. sateesh was very helpful,A2B
Adyar+Ananda+Bhavan+ +A2B,"Food is really good.sambar is so special here ..
Kannan’s hospitality is admirable
Recommend the place for travelers especially",A2B
Adyar+Ananda+Bhavan+ +A2B,"Might be due to heavy rush, Briyani items  especially A2B Spl Briyani not tasted good. Not value for money even their Mushroom or Paneer Briyani are less priced but the Spl Briyani contains Potato was over-priced. Over spicy and loaded masalas. Paid 2300 for 4 briyani and side which shows how costly they are 😓 …",A2B
Adyar+Ananda+Bhavan+ +A2B,"We drove from Bangalore for about 5 hours and reached the hotel by 4.00 pm. When we ordered Idli and Vasai, to our surprise, they told that only the lunch was available and the regular tiffin will be served only after 4.30 pm. We were …",A2B
Adyar+Ananda+Bhavan+ +A2B,A trustworthy place to have food. No side effects no problem nothing. Taste really good and slightly pricey but it's worth it.,A2B
Adyar+Ananda+Bhavan+ +A2B,Food is not bad. But the main problem is the flies which are flying over the sweet section and also on the food tables. Not able to have a comfortable breakfast here. The insect killer machine didn't work & they are using mosquito bats to …,A2B
Adyar+Ananda+Bhavan+ +A2B,We really loved eating. Service was really excellent,A2B
Adyar+Ananda+Bhavan+ +A2B,"The quality of the food is very poor. They don't provide the menu first of all. Which is very suspicious. We ordered special veg meals, usually the other A2Bs provide ice cream with the meal. But here the manager is arguing that the …",A2B
Adyar+Ananda+Bhavan+ +A2B,Had a ghee roast from here. Not the best considering the high price. A bit crowdy and loud. Also bought sweets. They were good and felt worth the price.,A2B
Adyar+Ananda+Bhavan+ +A2B,Todays spl mysore masal dosa suggested by waiter. But is a plain dosa with potato stuffing and chilli chutney. …,A2B
Adyar+Ananda+Bhavan+ +A2B,"I had a disappointing experience at A2B Trichy Junction. No bill was provided for my order, and I was asked to collect it from the parcel counter. Upon reaching there, I was informed that some of the ordered items were unavailable, and the …",A2B
Adyar+Ananda+Bhavan+ +A2B,"Had a breakfast at here and we ordered a ghee pongal,plain dosa and coffee.The ghee pongal was good.And dosa was good.Coffee was very good.But the only in this place was service.The service was very poor not much service person here.It was …",A2B
Adyar+Ananda+Bhavan+ +A2B,This is a mediocre restaurant. The food maybe hygienic but the taste is ordinary. The service personal wear surgical gloves and touch everything while wearing it. That keeps only their hands clean and not what they are touching. …,A2B
Adyar+Ananda+Bhavan+ +A2B,I have ordered veg noodles for take care at A2B at tiruchirapalli junction. They charged ₹236 for a small box and the taste is bland and full of used oil as shown in the photo. Waste of money. A2B is exploiting people by providing very less quantity for the price they charge.,A2B
Adyar+Ananda+Bhavan+ +A2B,"The ambience and taste of the food maintains the name of the Brand. But the  service is abysmal. The staff seem to be forced to serve. Also, from the multiple times I have visited, it is always the same whether it is in the afternoon or evening. The manager needs to do a better job to maintain the Brand Name.",A2B
Adyar+Ananda+Bhavan+ +A2B,"🥘🥙🍲🍛😋🥞🥗🥖🥑🧀🥕😋

Suitable for traveller's. …",A2B
Adyar+Ananda+Bhavan+ +A2B,"While the quantity and pricing were upto A2B standards, I’d sadly say that this is the worst I have tasted in my history of visits to any A2B outlet.
The Gobi Manchurian was bland and had too much of Kadipatta and Mysore Masala …",A2B
Adyar+Ananda+Bhavan+ +A2B,"I have been to many A2B outlets all over TN. The atmosphere, food and the service is completely awful. I ordered a fried rice. It is bland and not at all tasteful. My dad ordered a meal and it was not at all worth a single penny paid for it. Not expected this from A2B.",A2B
Adyar+Ananda+Bhavan+ +A2B,Am visited A2B nice experience with best place foods or ok good not bad with loveable catering 🥰 …,A2B
Adyar+Ananda+Bhavan+ +A2B,One of the worst A2B experience in Trichy A2B Railway Station. I doubt it’s a fake A2B and cheating people with low quality which is not the taste of other A2Bs… Guys please avoid eating in Trichy A2B or A2Bs in Trichy they don’t have a …,A2B
Adyar+Ananda+Bhavan+ +A2B,"food not able to review because the service is so poor that first you have to fight your way yo get seat then even if you have got your table, no one will bother to come and take your order. probably because they have enough of customers coming from railway station that they dont bother about these things.",A2B
Adyar+Ananda+Bhavan+ +A2B,Mallikaamma was exceptional in serving dishes..,A2B
Adyar+Ananda+Bhavan+ +A2B,"Taste of the food for the special paneer dosa was excellent.
Mysore masala dosa was very spicy though. I had to get a idiyappam coconut milk after that to subtle the spice. …",A2B
Adyar+Ananda+Bhavan+ +A2B,"A2B located at Trichy Railway Junction opening time is 7.00 AM, the sad thing is that food are not available at 7.00 AM, usually my train is 7.20 AM, i tried to get my Breakfast fast, but Restaurant always replies it takes time, So I skip …",A2B
Adyar+Ananda+Bhavan+ +A2B,"Food : good , very good for vegetarian
Service : excellent
Atmosphere: neat and clean
Overall : satisfied",A2B
Adyar+Ananda+Bhavan+ +A2B,"The food was delicious, and the service provided by Malika was excellent. She was very kind and attentive.",A2B
Adyar+Ananda+Bhavan+ +A2B,"Servers didn't takecare about the customer arrival inside hotel and not at all asking for orders nearly 15 minutes Eventhough they are free, no humbleness, respect and proper response from the employees.",A2B
Adyar+Ananda+Bhavan+ +A2B,"Very poor Atmosphere.. No AC is literally horrible... How can a A2B be this worst. I would recommend no one to visit A2B which is in Trichy Railway Station. Increasing branches worldwide is not your success, providing a good customer …",A2B
Adyar+Ananda+Bhavan+ +A2B,Service is excellent. We are happy 😊 and fully satisfied. Mrs.Mallika is our Care taker .She …,A2B
Adyar+Ananda+Bhavan+ +A2B,"Had lunch at A2B, Trichy Junction .Food was fresh, tasty, and served hot. The South Indian meals were well-balanced, and the sweets counter was tempting. Service was quick and courteous. A reliable choice for good quality vegetarian food at the station.",A2B
Adyar+Ananda+Bhavan+ +A2B,"A2b food is always good. Service is amazing, they pay attention to customers and take care of us really well.",A2B
Adyar+Ananda+Bhavan+ +A2B,Food quality is very poor because may be master is changed and waiter no body come and askone waiter serve another waiter ask for me what you want very sorry,A2B
Adyar+Ananda+Bhavan+ +A2B,Food was good. Thought multiple lunch items weren't available. Had a plate of Paratha and Kurma with small portion of raita.,A2B
Adyar+Ananda+Bhavan+ +A2B,"Excellent service by maliga akka
Plain Dosa is too oily",A2B
Adyar+Ananda+Bhavan+ +A2B,Thank you Malliga for your exemplary service.  Served dishes on time. The portion size and quality is good.,A2B
Adyar+Ananda+Bhavan+ +A2B,Had a really disappointing experience at the A2B (Adyar Ananda Bhavan) outlet inside Trichy Railway Station. …,A2B
Adyar+Ananda+Bhavan+ +A2B,Very expensive not sustainable. Compared to other restaurants in Trichy this place cannot match in terms of food quality and pricig. Looks only intention to charge customers exorbidently,A2B
Adyar+Ananda+Bhavan+ +A2B,"Evening snacks at Trichy junction A2B.

Poli rs 35 , taste was excellent. …",A2B
Adyar+Ananda+Bhavan+ +A2B,"Prasanth , did a good job thanks a2b , god bless",A2B
Adyar+Ananda+Bhavan+ +A2B,Bought a normal meals at A2B Trichy junction. Sambar is not that good. Other things are fine.,A2B
Adyar+Ananda+Bhavan+ +A2B,"Near railway station best option to eat Meals unlimited for Rs.137.
Food quality and taste is good .",A2B
Adyar+Ananda+Bhavan+ +A2B,Excellent place with very fresh clean tasty food  and very good service. Best Kurma Porotta.,A2B
Adyar+Ananda+Bhavan+ +A2B,Alex named person service is not good and unhealthy,A2B
Adyar+Ananda+Bhavan+ +A2B,"A typical A2B restaurant that maintains its usual standards…but I was pleasantly surprised by their Seeraga Samba veg biryani. It was really good! Being from Chennai, I’m used to basmati rice biryanis, which are my favorite, so this was a refreshing change.",A2B
Adyar+Ananda+Bhavan+ +A2B,"Mr arvind prasad service is excellent.
Overall very good morning breakfast.",A2B
Adyar+Ananda+Bhavan+ +A2B,"I had to wait quite some time for my order of ready-made kichadi, even though the place was almost deserted around 7:15 in the morning. …",A2B
Adyar+Ananda+Bhavan+ +A2B,They give expired basundi and we got stomach upset this is very very worst experience I ever had in my life then staff  service also not up to the mark,A2B
Adyar+Ananda+Bhavan+ +A2B,I asked for a coffee but the waiter didn't listen properly and he delayed the coffee which made my friend to leave for his train. So there is a need to cancel the coffee. But however the taste if one coffee was soo good but the  othe one was too strong,A2B
Adyar+Ananda+Bhavan+ +A2B,Food was good and the service and hospitality by waitress Malika akka was so good.,A2B
Adyar+Ananda+Bhavan+ +A2B,Serve from Mrs.VASUKI..is neatly and hygienic..Good service...Keep it up,A2B
Adyar+Ananda+Bhavan+ +A2B,Good place to have food. Vasuki gave the best service.,A2B
Adyar+Ananda+Bhavan+ +A2B,Kothu parotta was not good. Was over cooked and too gravy,A2B
Adyar+Ananda+Bhavan+ +A2B,Masala Dosa it’s very simple looks like  you have to improve this items carefully chef he done only some pieces of phototo that’s all he have  to add some veg with cashew few only it’s all missing here  kindly try to give authentic Dosa because we are king South Indian items all customers coming from out of our state.,A2B
Adyar+Ananda+Bhavan+ +A2B,"Great food, clean ambience, and Ms Vasuki was very courteous and attentive.",A2B
Adyar+Ananda+Bhavan+ +A2B,Service is worst. I took food parcel with bill amounting close to 1000/- . But one lady service person didn’t allow me to fill even a one litre water bottle. Such a worst and rude behaviour from a service person. I don’t have any problem …,A2B
Adyar+Ananda+Bhavan+ +A2B,"Mrs. Malliga doing good,smiled face,handled the customer very well",A2B
Adyar+Ananda+Bhavan+ +A2B,Food taste is very poor. Waiters are very very slow. They r concentrating only on tips.,A2B
Adyar+Ananda+Bhavan+ +A2B,"Packed with customers all the time, it's a great place to stop and enjoy authentic South Indian food. The restaurant has a spacious dining area, making it a good choice for families and groups. They serve a range of items, from traditional …",A2B
Adyar+Ananda+Bhavan+ +A2B,"It's was really a good experience and today we felt little different because of ""Waiter Baby"". she was was absolutely good and taken care us very well. Service and food was really very nice and Baby have done a fabulous job and made our day …",A2B
Adyar+Ananda+Bhavan+ +A2B,"I had a very bad experience at this hotel. The food quality was poor, and the soup had a bad smell. There was water spilled on the table, and the cleanliness was not maintained. The staff service was also disappointing—they came to take the …",A2B
Adyar+Ananda+Bhavan+ +A2B,"***A Complete Disgrace. Stay Away.***

**A2B Salem has completely destroyed its own reputation.** …",A2B
Adyar+Ananda+Bhavan+ +A2B,"The food's good, but the price is super high. The washing water is totally wastewater. Prices should be half everywhere. This is like double the price of things. It's a pure scam. I'm never coming here again, and I'll tell all my friends and family not to get food from here. I totally wasted my money here.",A2B
Adyar+Ananda+Bhavan+ +A2B,Located on the outskirts of Salem. It was on a weekday so less crowded and service was better. But taste was not upto the mark. Even Sambar was tasteless. They are expanding very rapidly without ensuring quality in their branches. Multiple …,A2B
Adyar+Ananda+Bhavan+ +A2B,"We came to ariyanur for 1008 suvan temple and after the dharisanam we went to A2b for the lunch.We ordered South Indian Special meals,Mini meals and coffee.The south indian special meals was good but Mini meals should be improve the chips …",A2B
Adyar+Ananda+Bhavan+ +A2B,"I recently visited Adyar Ananda Bhavan (A2B) and had an overall okay experience. The place itself is quite appealing—well-maintained and the ambience is pleasant, making it a comfortable spot to enjoy a meal. The decor and seating …",A2B
Adyar+Ananda+Bhavan+ +A2B,"A2B Adyar Anand Bhavan is a great stop for authentic South Indian food, whether you’re with family, friends, or dining alone. Conveniently located on the Coimbatore–Bangalore highway, it’s ideal for both quick snacks and a proper meal. The …",A2B
Adyar+Ananda+Bhavan+ +A2B,"We stopped at A2B for lunch mainly because the ambience looked very nice and we trust the A2B brand. However, our experience was disappointing. …",A2B
Adyar+Ananda+Bhavan+ +A2B,"Good place to have food and snacks. Service is good.
Surendhar is the service person who took orders for us and served.",A2B
Adyar+Ananda+Bhavan+ +A2B,Ive been a customer for years as I travel through the area for vacations. I am still at awe at how they still manage to keep the food quality implacable even after years. Mr. Selva was a polite and caring server for us.,A2B
Adyar+Ananda+Bhavan+ +A2B,This is great place to have your day refreshment I recommend everyone to visit once,A2B
Adyar+Ananda+Bhavan+ +A2B,"Food was so tasty especially chilly parotta. We had mini meals, mushroom 65 and paneer fried rice. Service from Baby was good.",A2B
Adyar+Ananda+Bhavan+ +A2B,This is the second A2B I visited recently and I must say that I have become a fan of this brand. Both the restaurants were situated on national highways. …,A2B
Adyar+Ananda+Bhavan+ +A2B,"Ambience is standard A2B style. Food and beverages were high quality. Service was below par for A2B. Slow and chaotic, even when there was no rush. Only 4 or 5 tables were occupied and novice service staff couldn't handle it. Restrooms were …",A2B
Adyar+Ananda+Bhavan+ +A2B,Awesome food and beverages... Very clean and hygienic toilets.... Best service by the team and had a good time in the restaurant,A2B
Adyar+Ananda+Bhavan+ +A2B,The food is good but the price is extremely high. Due to the crowd there was no one to take orders. Have to wait for 15 mins to get someone's attention. The hotel has to add more staff.,A2B
Adyar+Ananda+Bhavan+ +A2B,"Title: A Gem of a Stop on the Road to Bangalore!

Review: …",A2B
Adyar+Ananda+Bhavan+ +A2B,"""I tried the meals at A2B on Salem Bypass Road, and it was a great experience! The food was fresh, well-prepared, and had an authentic South Indian taste. The portion size was satisfying, and the service was decent. The restaurant was …",A2B
Adyar+Ananda+Bhavan+ +A2B,It's a clown show with clearly nobody responsible managing the place. The staff is beyond pathetic ..What a joke of an outet near Salem for otherwise a good brand in Veg food. Avoid this outlet & go to other better ones right next door.,A2B
Adyar+Ananda+Bhavan+ +A2B,"Unlike other A2B outlets, this place isn’t overcrowded (perhaps it’s a new outlet) and the taste is typical A2B. They have clean restrooms and offer lodging as well. Wash area has salty water and carry bottled water with you! …",A2B
Adyar+Ananda+Bhavan+ +A2B,We came for breakfast. Taste is uniform across all the A2B that is maintained here as well. …,A2B
Adyar+Ananda+Bhavan+ +A2B,"Lunch for 2 ppl
Mushroom pepper dry- so tasty n yummy 😋
Veg fried rice - good taste n quantity. …",A2B
Adyar+Ananda+Bhavan+ +A2B,Had a pleasant dining experience. The food quality was excellent with good taste and fresh ingredients. Our staff Baby service was friendly and prompt were attentive and made us feel welcome.,A2B
Adyar+Ananda+Bhavan+ +A2B,We got good hospitality and food by baby. Explained each and every dishes and served in good manner.,A2B
Adyar+Ananda+Bhavan+ +A2B,"We tried the food, but it is not good  at all and for the  coffee also they are charging more high price my suggestion is don’t go there",A2B
Adyar+Ananda+Bhavan+ +A2B,"1. Good Ambience
2. Decent Staff
3. Tasty Food …",A2B
Adyar+Ananda+Bhavan+ +A2B,I went to the place with my family and M. Sakthivel served us finely with bright expression on his face. His service was top notch and hopes he keeps the work up.,A2B
Adyar+Ananda+Bhavan+ +A2B,"We had South Indian thali meals, chapatti, curd rice and mint mushroom, which were flavourful and fulfilling. The thali meals' seasonal curries and stir fries never cease to amaze me. A special mention to the waitress Baby, who took care of us and answered to our every concern.",A2B
Adyar+Ananda+Bhavan+ +A2B,Sakthivel received us well and had good lunch here.,A2B
Adyar+Ananda+Bhavan+ +A2B,Good A/c Tea break option,A2B
Adyar+Ananda+Bhavan+ +A2B,"It's a better option for veg lovers and Travellers.
Neat and clean premises
Ample space for parking. …",A2B
Adyar+Ananda+Bhavan+ +A2B,One of the most popular restaurant chains in tamil nadu. Expansive parking. Very large air conditioned dining area. There is a take away and quick bite corner as well outside. Polite and friendly staff. Clean restrooms. Good stopover while in a trip,A2B
Adyar+Ananda+Bhavan+ +A2B,"Good place to eat. Food tasted good. Sambhar rice was excellent and so was musk melon juice. Service was prompt. The place is spacious and cool. Only if had they controlled flies, it would have got top ranking. Hope owners/managers take note.",A2B
Adyar+Ananda+Bhavan+ +A2B,"Great food experience, Manimeghai was our server and she really got everything quickly and as per out taste",A2B
Adyar+Ananda+Bhavan+ +A2B,"Good place to stop for lunch or tea. The service is slow comparatively. The quality of food is high ao also the price for normal people. You will certainly enjoy the atmosphere, car parking... Etc. There also other shops for the quick buyers chocolate, dress and so on.",A2B
Adyar+Ananda+Bhavan+ +A2B,"We had breakfast from this restaurant on the way to Bangalore. Nice restaurant and food taste was good. Cost is on bit higher side. Idly was superb, Poori and Ghee roast was OK and Pongal was awesome. Samabar and Chattinees were also too …",A2B
Adyar+Ananda+Bhavan+ +A2B,Atmosphere asusual good and good service.. But food taste is not up to the mark. Tastes okay but not like wow... Got confusion with idiyappam whether it is complete idiyappam or incompleted idly...,A2B
Adyar+Ananda+Bhavan+ +A2B,We had a good experience. Staff Baby happily served food and she was very polite.,A2B
Adyar+Ananda+Bhavan+ +A2B,All food are very tasty 😋 and good quality..we are very Full 🤤 fill for All foods....Good and kind service by BABY... thank you so much …,A2B
Adyar+Ananda+Bhavan+ +A2B,"""We had a wonderful Lunch at [A2B] Today afternoon! The ambiance was cozy and inviting, with perfect lighting for a relaxed evening. Our server, Baby , was fantastic – knowledgeable about the menu and incredibly attentive without hovering. …",A2B
Adyar+Ananda+Bhavan+ +A2B,"The food was good, very comfortable place and easily visible from the highway... They serve great food... Heads up, order loudly... Since most of the servers almost act as deaf to your orders. Ordered poori masal, dosai, rava kesari, …",A2B
Adyar+Ananda+Bhavan+ +A2B,Visited this place for evening snack. We ordered Sev puri and we got thattu vadai with pani poured in it. Also they have added omam instead of sev and they say that this is how they are providing sev puri for years When asked why the name …,A2B
Adyar+Ananda+Bhavan+ +A2B,"We wanted to choose a good place for a lunch break on the highway and A2B was a unanimous choice for everyone in our car!
We got hot and tasty meals with a variety of curries, curd, appalam, payasam and …",A2B
Adyar+Ananda+Bhavan+ +A2B,"Good food available on NH road at this hotel. Had mini meals- 2, keshari - 1, veg noodles-1. For Rs. 504. Nice dining area. Car parking available. Good south Indian food.",A2B
Adyar+Ananda+Bhavan+ +A2B,"Good veg South Indian food outlet. They have lot of other shops also in the complex including a lodge. They have toy shops too. Taste is good but priced high. Example, a tea costs rs.35/- …",A2B
Adyar+Ananda+Bhavan+ +A2B,We got in as we are very hungry and this outlet looks good by the highway. Lots of parking available and I think it's a great location. The place was super crowded when we got in. Service seems terrible on handling a big group of people. …,A2B
Adyar+Ananda+Bhavan+ +A2B,"A typical A2B restaurant. Relatively small one, but parking space is ample. Staffs are good and helpful, …",A2B
Adyar+Ananda+Bhavan+ +A2B,"Despite reaching early, before the restaurant opened waiter Sakthivel was happy to help get food quickly. …",A2B
Adyar+Ananda+Bhavan+ +A2B,Good food! Sambhar was good as it was not sweet like Bengaluru. Visited 7:30AM in last week of May. It was hot inside though they had a lot of fans. I had paper masala dosa! And family members had Rava Onion masala dosa! Food and service was good. Their was nothing to say about atmosphere.,A2B
Adyar+Ananda+Bhavan+ +A2B,The restaurant is easily accessible from Highway. The food was tasty and maintained regular a2b standards. There is a small childrens play area and also ample car parking. Washroom facilities available even though is not that great. The …,A2B
Adyar+Ananda+Bhavan+ +A2B,Food was ok here. Staff are fine. Parking lot available there. It’s average taste. Children play area available. Mushroom biriyani and lemon soda was fine. Recommending 50:50.,A2B
Adyar+Ananda+Bhavan+ +A2B,"Visited A2B (Adyar Ananda Bhavan) during our trip and had a mixed experience.

The restaurant was extremely crowded when we visited, which shows it's a popular …",A2B
Adyar+Ananda+Bhavan+ +A2B,Very pathetic and worst experience I ever had. Staff are very worst. No sense at all. Almost we waited for 15 mins in standing and asked them to clean the table and no one came and however we sat there and we were waiting by sitting on the …,A2B
Adyar+Ananda+Bhavan+ +A2B,"NH 44 - Dharmapuri outlet.

Food: Same mediocre food, nothing extraordinary. They have a useless menu during …",A2B
Adyar+Ananda+Bhavan+ +A2B,"Ordered mini tiffin, quality and taste below average.. looks old stuff… didn’t expect this from A2B , looks like they loosing their standard in highway restaurant … disappointed",A2B
Adyar+Ananda+Bhavan+ +A2B,"Made a pit stop for evening snacks. Ordered filter coffee, paddu. It took some time to get our order, paddu were not fresh. …",A2B
Adyar+Ananda+Bhavan+ +A2B,"It took nearly 10–15 minutes for the table to be cleaned. Despite multiple requests, we were repeatedly asked to wait. The tables were not clean, and the service was slow and inattentive, even though the restaurant was not very crowded, it …",A2B
Adyar+Ananda+Bhavan+ +A2B,"This outlet of A2B, located near Thoppur Ghats, is easy to spot and is housed within the BPCL fuel station. It has ample parking space available. …",A2B
Adyar+Ananda+Bhavan+ +A2B,"The snack options we had at the evening visit was quite decent with its taste.

Also the play area was fine to engage kids for a while. …",A2B
Adyar+Ananda+Bhavan+ +A2B,"I ordered only curd rice for take away ,they charged me 105 ,but the quantity is very less ,atleast for 100 they can keep a big box,bcz of brand ,reducing the quantity is very less ,this quantity is ok for mini meal kind of item ,but people …",A2B
Adyar+Ananda+Bhavan+ +A2B,Pretty good veg place. Always packed. It's self-service now.,A2B
Adyar+Ananda+Bhavan+ +A2B,"Disappointing compared to other A2B standards. Ever so crowded, so difficult even to get a table. The staff does try hard to serve in midst of all the chaos, and that is really commendable. Washrooms are maintained clean.",A2B
Adyar+Ananda+Bhavan+ +A2B,"Excellent pitstop on the Bangalore-Salem highway! We were served by Ramya, who provided top-notch service. She was very attentive, handled our orders perfectly, and served us with a genuine smile. It’s rare to find such personalized care at a busy highway restaurant. Great food and even better hospitality thanks to her!",A2B
Adyar+Ananda+Bhavan+ +A2B,"Disappointing Experience – Not Worth the Hype

We stopped at A2B for dinner on our way back to Bangalore, but it turned out to …",A2B
Adyar+Ananda+Bhavan+ +A2B,"Nothing new, typical A2B, you get all of their standard packed foods here, a quick pit stop to grab something on your way. It has fuel station next to it, restrooms were okay, but the restaurant is crowded most of the time",A2B
Adyar+Ananda+Bhavan+ +A2B,We were served by Minatchi and she was very attentive and quick to serve us. The food was surprisingly warm and fresh. The portions were quite big too. My only complaint was with the toilets. Expected it to be much cleaner since the …,A2B
Adyar+Ananda+Bhavan+ +A2B,As usual A2B food... but no A/C... atmosphere is not that great... but ok,A2B
Adyar+Ananda+Bhavan+ +A2B,"Oh my God, welcome to hell.

Today, I had the worst experience involving two kids and three families eating …",A2B
Adyar+Ananda+Bhavan+ +A2B,"Worst experience in Dharmapuri branch. The rava dosa came in a very bad state, not properly cooked. It was served cold . The staff did not respond properly. Not at all hospitable. We had to wait for the tiffin for a very long. Not that we …",A2B
Adyar+Ananda+Bhavan+ +A2B,"It's A2B!!

This is a good food spot on the highway. The place is always crowded. …",A2B
Adyar+Ananda+Bhavan+ +A2B,"🍴 Delicious cuisine
🍽️ Tasty meals
🥗 Quality dining options …",A2B
Adyar+Ananda+Bhavan+ +A2B,"It's my regular pit stop place while travelling to Bangalore.

Food quality is good like other outlets. Anytime you visit,you will get hot food …",A2B
Adyar+Ananda+Bhavan+ +A2B,"Rice become dried, vegetables not cooked properly, sambar taste is very normal. Payasam is not good and totally not worth for 250 per lunch.",A2B
Adyar+Ananda+Bhavan+ +A2B,"We were traveling to coimbatore from bangalore.

This place is in good area for pitstop. …",A2B
Adyar+Ananda+Bhavan+ +A2B,Food was very good. Sonia Gandhi took our orders. She is very polit and kindly. Appreciate her service.,A2B
Adyar+Ananda+Bhavan+ +A2B,"Great food and prompt response.
Excellent service by Ms.Sonia Gandhi. …",A2B
Adyar+Ananda+Bhavan+ +A2B,"They said - a reviews.

So here's the review: …",A2B
Adyar+Ananda+Bhavan+ +A2B,"The restaurant is located on the main highway. Taste of the food is good,we had tried Idly, Pongal and Mini Tiffin. Chattinis is also tasty. Service is not bad and has ample parking space. They provide neat washroom facilities too. Overall a nice place to have breakfast. Not bad and Recommended.",A2B
Adyar+Ananda+Bhavan+ +A2B,I tried butter masala dosa and vada here dosa was good and on the affordable side in terms of pricing but service could be a little better although the food was nice i would recommend to everyone who is travelling towards Salem,A2B
Adyar+Ananda+Bhavan+ +A2B,The food and service was very good. Kavitha was very polite and prompt with our orders. She kept an eye to ensure if we needed anything. It is much appreciated.,A2B
Adyar+Ananda+Bhavan+ +A2B,Okay A2B place for lunch stop on the highway. Good washroom facilities available for people doing road trips,A2B
Adyar+Ananda+Bhavan+ +A2B,"Good place having quality vegetarian food in the highway near Dharmapuri after crossing Thoppur ghats while driving from Salem. There is no AC within the restaurant and it will be difficult to eat comfortably during summer. Taste, hygiene …",A2B
Adyar+Ananda+Bhavan+ +A2B,Experienced the heavy rate for the food items from a non-ac and very very hot ambient restaurant for the first time. Washrooms are also very dirty. On what basis they're charging this high price? Invoice attached for your reference. Really overpriced !,A2B
Adyar+Ananda+Bhavan+ +A2B,"Travelling Back to Chennai,  had a quick pitstop at A2B before Dharmapuri and it was a decent experience.  Service was fast and Selvi our assigned staff was quick to take order and also end our hunger pangs. Food was tasty and we were able to resume journey again quickly",A2B
Adyar+Ananda+Bhavan+ +A2B,"Adyar Ananda Bhavan - A2B NH Thoppur

Vegetarian hotel at National Highway …",A2B
Adyar+Ananda+Bhavan+ +A2B,"Food is good but during peak time service goes for toss. Very spacious and a lot of car parking space is available. Good spot for breakfast, lunch and evening tea. Just before Salem of you are coming from Bangalore.",A2B
Adyar+Ananda+Bhavan+ +A2B,Located on the same premises of BPCL pump at Thoppur. Food quality is average. Housekeeping and hygienity needs to be improved.,A2B
Adyar+Ananda+Bhavan+ +A2B,Our usual spot in the highway. Again the food is good and enough parking space. It's a best place every we can spend 1 to 2 hours break during the long drive. …,A2B
Adyar+Ananda+Bhavan+ +A2B,It's exactly on the correct spot and it's on highway parking available so rest room is tere cleanly maintained and play area is tere for kids too so u can enjoy eating here with good ambience and if ur in night travelling time it's good to come and eat here the chil winds at night time gives u different feel,A2B
Adyar+Ananda+Bhavan+ +A2B,"Had luch from here. ordered mushroom fried rice , paneer 65 and lassi. The quality was average compared to breakfast they serve. They have ample car parking area as well. They need to work to privide speedy service",A2B
Adyar+Ananda+Bhavan+ +A2B,"Adyar Ananda Bhavan is located near Toppur Toll plaza next to Bharath Petroleum on the Bangalore - Salem Highway.
This place is not maintained well. …",A2B
Adyar+Ananda+Bhavan+ +A2B,"Food was not tasty compared to other outlets of A2B.
Taste was very less.
We tried dosas and masala dosa. …",A2B
Adyar+Ananda+Bhavan+ +A2B,"This A2B outlet is located right beside the national highway inside the BPCL COCO outlet. Due to this, the place becomes a preferred pitstop to most of the highway commuters. They have plenty of parking spaces. The washrooms are pretty …",A2B
Adyar+Ananda+Bhavan+ +A2B,"First thing is the Food was very tasty and the service is more important in every restaurant , in that way Sathya mam's service was very good and polite.",A2B
Adyar+Ananda+Bhavan+ +A2B,Ramya who graduated in engineering is excellent in behaviour and attitude. Though she has good education that too technical in nature values the work with all dignity. I wish her all success in her future endeavours.,A2B
Adyar+Ananda+Bhavan+ +A2B,Again a favorite place to spend a good time with family and kid. It located in a nice and cool place after the hectic traffic from Salem to Bangalore highway near Thoppur tollgate. …,A2B
Adyar+Ananda+Bhavan+ +A2B,Worst branch of A2B we got mushroom fried rice phulka and paneer butter masala and baby corn chilli everything tasted very bad. Baby corn chilli is burnt. Order is also so delayed. Very disappointed.,A2B
Adyar+Ananda+Bhavan+ +A2B,"The hotel's ambience was serene and inviting, with soft lighting, and a peaceful atmosphere. Comfortable seating arrangements.
Our waitress Sathya was very polite and fantastic, ensuring attentive service with a friendly smile.",A2B
Adyar+Ananda+Bhavan+ +A2B,"♥️ I recently visited A2B (Adyar Ananda Bhavan), and as always, the experience was exceptional. The taste of the food was outstanding, with absolutely no compromise in quality. Each dish was prepared with great care and authenticity, …",A2B
Adyar+Ananda+Bhavan+ +A2B,"Table is shabby, please don’t order fruit salads, this contain only two fruit apple and pine apple and black grapes, that too waited for almost 1 hour for three fruit salads, when asked the manager he says why you order the fruit salad at …",A2B
Adyar+Ananda+Bhavan+ +A2B,"Very disappointing experience at A2B Avadi.
I visited with my family for dinner and ordered Naan and Mattar Paneer. To my shock, the dish was made using the processed peas sold in packets instead of fresh …",A2B
Adyar+Ananda+Bhavan+ +A2B,"I recently visited A2B and was disappointed with the overall service. The manager was not handling customers effectively, and I noticed inappropriate behavior employee, including the use of harsh words in an open area. …",A2B
Adyar+Ananda+Bhavan+ +A2B,"UPDATE:  Updates my review after encountering with their customer service.

The head office reached out to me personally and apologized for the …",A2B
Adyar+Ananda+Bhavan+ +A2B,I was an regular customer from A2B. But sadly to say that A2B food is very spicy now a days even sambar & kurma are very spicy how elderly person can eat it. It is not sometimes spicy but they are doing this regular. …,A2B
Adyar+Ananda+Bhavan+ +A2B,"I recently visited Adyar Ananda Bhavan for lunch, planning to have meals. Due to heavy crowd, the waiting time for fine dining was around 30 minutes, so we decided to sit on the ground floor instead. …",A2B
Adyar+Ananda+Bhavan+ +A2B,"The taste was poor. Even the local road side shop taste is better than this A2B. It's just the brand but the taste is just zero. The place was heavily crowded though, just bec of the brand value and there is not hotels nearby. But no one …",A2B
Adyar+Ananda+Bhavan+ +A2B,Due to lack of cylinder the service is very poor now a days. We waited for more than half an hour on 19.4.2026 the servers were just wandering here and the showing as though they were busy. The crowd was as usual only. They were pretending as though they were busy. We waited and left without eating. very poor management.,A2B
Adyar+Ananda+Bhavan+ +A2B,Provided stale food during lunch. Pls dont visit A2B for lunch. They dont respect customer and their feedback.waste of money and stomach will spoil because of their food. Differently not value for money. All gravy will be watery and will …,A2B
Adyar+Ananda+Bhavan+ +A2B,"Service is worst
Price is too much just more than double
Staff not supportive …",A2B
Adyar+Ananda+Bhavan+ +A2B,In this hotel parrota are in different types and good taste. In this hotel tiffen and lunch whatever they made that was so good. They serve and cook the food very quickly. Please visit this place.,A2B
Adyar+Ananda+Bhavan+ +A2B,"Reliable place for South Indian food.
A2B is a good option for quick and tasty vegetarian meals. The food is consistent, hygienic and served fast. Breakfast items and sweets are especially good and …",A2B
Adyar+Ananda+Bhavan+ +A2B,Worst food I ever had in my life. Butter Naan and Kadai Mushroom. Even roadside shop dish is better when compared to this restaurant,A2B
Adyar+Ananda+Bhavan+ +A2B,"Worst customer service. Few restaurants behave as if they don't need any more customers and this is one of them.
You go and sit inside a table, no one cares for the next ten minutes. Only after …",A2B
Adyar+Ananda+Bhavan+ +A2B,"Disappointing Experience – Terrible Service
I rarely write negative reviews, but I feel compelled to share my experience. My group and I arrived at the restaurant at 9:00 PM, and after waiting for over 50 …",A2B
Adyar+Ananda+Bhavan+ +A2B,"I’ve visited this outlet multiple times in 2023-2024, indeed it’s a good place for breakfast. They’ve got lots of Varieties in dosa and many other south indian dishes. It’s usually full in the morning and you might have to wait some time to …",A2B
Adyar+Ananda+Bhavan+ +A2B,"Today(06-03-26) while returning from Thirumala around  1.30PM, i stopped at A2B at Avadi,as i was hungry. Unfortunately,  it was a big disappointment. …",A2B
Adyar+Ananda+Bhavan+ +A2B,Poor customer service. Nobody will come to take ur order unless you ask them to. They will serve only for few tables even when there are lot of tables. They will send you to the first floor. Food quality and quantity has gone down. This mushroom noodles coated 247 rupees,A2B
Adyar+Ananda+Bhavan+ +A2B,"Really worst service. No proper service from the staffs especially in the sweets and savouries section.  Yesterday I went to A2B Avadi and was waiting for some times, but the staffs didn't took any order from me even though there were …",A2B
Adyar+Ananda+Bhavan+ +A2B,"Food taste was good when compared to Thirumullaivoyal , had to post this review because every A2B differs and this Avadi branch is a definite mention for it’s service, taste and value for money.",A2B
Adyar+Ananda+Bhavan+ +A2B,"Horrible food experience i had there ,,, they served me very stale IDLY and told me if they put hot sambar idly becomes hot,,, I changed idly to upma,,they served stale upma and it was yuk,,, I really appreciate A2B serving people ,,but few …",A2B
Adyar+Ananda+Bhavan+ +A2B,"Food taste is average.

Service is to be improved",A2B
Adyar+Ananda+Bhavan+ +A2B,"I visited A2B recently while wearing the Sabarimala Ayyappan mala and following vratham, so we specifically chose a pure veg restaurant. Unfortunately, the experience was very disappointing. …",A2B
Adyar+Ananda+Bhavan+ +A2B,"The sweets here taste great and are definitely worth buying, but the restaurant service is painfully slow. Be prepared to wait so long that you’ll start wondering if they forgot your order.",A2B
Adyar+Ananda+Bhavan+ +A2B,"Worst taste and worst service I had here with a2b
1* no proper cleaned table
2* order aloo tokori -bad taste
3*boli good but dahi bel puri worst taste",A2B
Adyar+Ananda+Bhavan+ +A2B,"Need to be improved in order taking because we  have waited for the order booking 30 min and they need to make sure first starter serve after that main course.
They are servicing the both together",A2B
Adyar+Ananda+Bhavan+ +A2B,"Ordered plate idiyappam and medu Vadu. Was upset with medu Vadu, very hard and crisp also the coconut milk was watery. Didn't expect this from A2B we have been visiting this Avadi A2B for past 5 years this was worst",A2B
Adyar+Ananda+Bhavan+ +A2B,One of the best A2B restaurants i've been to. Service and food quality is best.,A2B
Adyar+Ananda+Bhavan+ +A2B,"Lot of parking
Lot of options
Good washrooms …",A2B
Adyar+Ananda+Bhavan+ +A2B,"""What is the use of having too much of side dish with a min amount of rice?""

Best place to check in. A2B serves you one of the finest vegetarian dishes. …",A2B
Adyar+Ananda+Bhavan+ +A2B,Adyar Ananda Bhavan is located near Avadi check post it has car parking and bike parking facilities and it has mini party hall above the restaurant the food quality and taste are awesome we have tried various item all the items are good but …,A2B
Adyar+Ananda+Bhavan+ +A2B,"Adyar Ananda Bhavan Vegetarian Restaurant is situated on the New Military Road.
Ample parking space is available for four wheelers.
Food quality is above average and are priced at premium. …",A2B
Adyar+Ananda+Bhavan+ +A2B,"2nd bad experience in quality..
Their concentration on quality n taste is very poor.. baby corn 🌽 kebab n mushroom biryani was salty...
1st bad experience through online order. …",A2B
Adyar+Ananda+Bhavan+ +A2B,"I'm giving this place a 1 star because Google doesn't allow me to give a rating below that! The service was very bad.
The plates weren't clean. The vada was soggy and dosa wasn't really good. …",A2B
Adyar+Ananda+Bhavan+ +A2B,"One of the worst a2b in chennai pls change the security there and educate the staffs there pls the security guard was very rude, I knew it was peak hour, instead of requesting to park somewhere else that person asked me to not come there …",A2B
Adyar+Ananda+Bhavan+ +A2B,"We are regular visitor to have evening tiffin at a2b but this time we visited for lunch in 1st floor. Special lunch should be tried for sure, you would love it. Since it was crowded, we dint find any service after taking the initial order …",A2B
Adyar+Ananda+Bhavan+ +A2B,"MY NAAN WAS BURNED Black like CHARCOAL!

I recently ordered Naan Parcel from here and was disappointed to find that the …",A2B
Adyar+Ananda+Bhavan+ +A2B,No coconut chutney they provide . Waste of money. U r charging 180 rs for a dish.,A2B
Adyar+Ananda+Bhavan+ +A2B,"Decent typical veg food, not too special
Crowded and busy one",A2B
Adyar+Ananda+Bhavan+ +A2B,"After a long time, had zero-waste meals. All items served in reusable plates and cutlery. Enjoyable south Indian, north Indian and all-millet meals. If you can avoid using paper napkins, you would have consumed responsibly, and can come away guilt-free. Makes all the difference.",A2B
Adyar+Ananda+Bhavan+ +A2B,Your service is very nice but I have one small quotation for our side.why or your not give in payasam.i have order in more than 6 item,A2B
Adyar+Ananda+Bhavan+ +A2B,Prime spot to place a restaurant in avadi. Avadi now has almost all the brands and franchise. Development is fast. Coming to the food we had. Stopped for a snack. Tried bhel puri. Though over priced seemed okay to have than other outlets. …,A2B
Adyar+Ananda+Bhavan+ +A2B,"Nice restaurant. Traditional recipes are available. They have follow covid precautions. I have ordered kulippaniyaram, gee parota, aappam with mushroom and  mini tiffen, sweet paniyaram is made with gee. Taste was awesome. Worth for money. …",A2B
Adyar+Ananda+Bhavan+ +A2B,Recently tried there Asorrted dry fruit sweets.... All we're soo yummy😋... Soooooo fresh they were.... Bit costlier then the normal Sweet's..... But really really worth buying those 😍 …,A2B
Adyar+Ananda+Bhavan+ +A2B,The hotel gave me a bill with increased prices and when I asked said they cannot change the bill since it's already printed. Worst service. Cheats,A2B
Adyar+Ananda+Bhavan+ +A2B,"I have ordered idly and sambar through Swiggy for my mother who had her surgery, I have found a live insect in Sambar while feeding her.
This type of unsafe preparation of food from the reputed Brand is shocking and …",A2B
Adyar+Ananda+Bhavan+ +A2B,Had ordered 3 veg biriyani and 1 mini lunch in swiggy and delivery man had no idea that the hotel would provide only 2 veg biriyani due to no unpack policy before delivery. Meanwhile ordered this when we were really hungry and such a disappointing experience. Food was good but half of the money was scammed. So not ordering again.,A2B
Adyar+Ananda+Bhavan+ +A2B,Poor service. Ambience not up to mark. Wide parking but they don't know how to handle customers and their needs. Not recommended!,A2B
Adyar+Ananda+Bhavan+ +A2B,Had superb food in A2B avadi. Vallarasu served dinner in good and polite manner. Thank you team😊 …,A2B
Adyar+Ananda+Bhavan+ +A2B,"Adyar Ananda Bhavan is a reliable go-to spot for classic South Indian sweets, snacks, and quick meals ( Breakfast, Lunch, Tiffin, Dinner ) in the heart of Adyar. …",A2B
Adyar+Ananda+Bhavan+ +A2B,"One of the best Adyar Ananda Bhavan branches in Chennai! The food is consistently delicious and full of authentic South Indian flavor. I tried the Idiyappam with korma, Masala Ghee Dosa, and their classic Filter Coffee – all were absolutely …",A2B
Adyar+Ananda+Bhavan+ +A2B,"We were delighted with the culinary offerings during our visit. The flavors were wonderfully balanced and presented with care. Complementing the delicious food, the service we received was truly exceptional by (priyadharshani) staff member was attentive and friendly. We greatly appreciated the overall positive experience.",A2B
Adyar+Ananda+Bhavan+ +A2B,"We have visited this branch of A2B few times before and have always sat on the ground floor. This time, we tried the 1st floor for dinner. The menu items are a little more pricey but the ambience is good. We ordered ghee roast, pongal and …",A2B
Adyar+Ananda+Bhavan+ +A2B,"Food quality here has degraded over time. Restaurant is cramped. Going upstairs sitting in dark area and paying a premium for a normal meal, is not a welcomed experience. Parking is okay. Overall it’s okayish.",A2B
Adyar+Ananda+Bhavan+ +A2B,I visited the restaurant today with family food is not soo good but itz ok my favorite idly sambar and hot gulab jamun itz too good  but disappointment is pongal itz very dry pongal usually A2B pongal is very oily added more ghee but today is very dry pongal i ever eat...,A2B
Adyar+Ananda+Bhavan+ +A2B,"The famous brand that all would have heard of. They sell sweets, snacks, and savouries on the ground floor & fine dining is situated on the first floor. We had lunch, which started with a decent veg manchow soup. The starter we selected was …",A2B
Adyar+Ananda+Bhavan+ +A2B,"I recently ordered from A2B and was very happy with the experience. The variety of snacks was really good, and everything was neatly packed and fresh on arrival. The poli and appam were outstanding perfectly made with just the right amount …",A2B
Adyar+Ananda+Bhavan+ +A2B,"Worst behavior and service. Service is really slow and no proper service at all, for meals everytime had to wait for the waiter to serve the dishes. There is 45 mins delay to bring the dishes ordered, when asked to the waiter, there is a …",A2B
Adyar+Ananda+Bhavan+ +A2B,"Went to Fine Dining and had 1 spl north Indian meals(260Rs) and 1 spl south Indian meals(250rs), it tasty, and ful till night, Good quality and ambience and had good time with good food …",A2B
Adyar+Ananda+Bhavan+ +A2B,"I had a very disappointing experience at Adyar Ananda Bhavan, LB Road (Adyar) yesterday. …",A2B
Adyar+Ananda+Bhavan+ +A2B,Everything is toooooo sweet. How does the food authority allow such white poision to be fed to everyone? …,A2B
Adyar+Ananda+Bhavan+ +A2B,"We ordered cheese balls, cheese sandwiches & South Indian thali.
The hot rice texture is too good. …",A2B
Adyar+Ananda+Bhavan+ +A2B,"We went to this restaurant around 9 am for breakfast on a weekday. The place was neat and clean, but a little bit crowded at that time. Because of the crowd there was a delay in the service. We ordered 2 mini tiffin and coffee. Mini tiffin …",A2B
Adyar+Ananda+Bhavan+ +A2B,"I went to A2B, Adyar to buy 1/2kg assorted premium variety sweet to gift in a family function yesterday. The waiting time for packing the sweet was too long, and also the billing time. I had to wait for about 20 minutes, and that was not a peak time and I was the only customer there to attend. Very unhappy with the service.",A2B
Adyar+Ananda+Bhavan+ +A2B,Ordered on swiggy. Very bad dosas. Also they used to give decent quantity of various chutneys.. but now they will only give you 1 variety of chutney and sambar that too in very small amount. Nowadays they had started to make dosas with …,A2B
Adyar+Ananda+Bhavan+ +A2B,"Over priced for small cup of milkshake,  0% clenliness",A2B
Adyar+Ananda+Bhavan+ +A2B,"It's Pure Vegetarian Restaurant. All kind of item you would get. Starting with Breakfast Pongal, Rawa Khichadi (Upma), etc. Veriety of Dosa, Every Day there is one Special Dosa.. today it was Paneer Dosa... You also get Dumplings , Mini …",A2B
Adyar+Ananda+Bhavan+ +A2B,A great veg dining place authentic chats varieties available in this place this is the first branch of adyar anadha bhavan located In adayar from where the name is derived all kinds of sweets are available here and from evening 7 1st floor …,A2B
Adyar+Ananda+Bhavan+ +A2B,"Worst Sunday experience. We opted for AC division, but to our experience it was filled with Zomato and Swiggy people. I think their order was delayed and they were abusing in extremely bad language. I had kids with me and they started …",A2B
Adyar+Ananda+Bhavan+ +A2B,"Very tasty and healthy vegetarian food. Even though we went late at 10 pm, our idlis were hot, soft and fluffy. Not old or reheated onea. Bringing in new varieties of parotta. Garlic parotta was awesome.",A2B
Adyar+Ananda+Bhavan+ +A2B,Had nice experience with waiter. Food served hot and tasty. Dining is so ambient. Price is not much expensive and dishes were worth for the price. I definitely recommend veg dudes to visit this superb restaurant.,A2B
Adyar+Ananda+Bhavan+ +A2B,"Very good service and very kind staff. Good taste is best when compared to other branches. Very good service by Mr.Ram Babu, very kind person. Served everything didn't hesitate to ask again and again. Very kindly atmosphere.",A2B
Adyar+Ananda+Bhavan+ +A2B,"Adyar Ananda Bhavan is specialist in sweets and savories.

We like Mothi Laddu very much.. Other Sweets are also nice. …",A2B
Adyar+Ananda+Bhavan+ +A2B,Had Lunch with my friends! As usual lunch was awesome!! If u prefer to have meals try to eat before 3 pm!! Parking space available!,A2B
Adyar+Ananda+Bhavan+ +A2B,"Best restaurant, food very tasty, hygienic, pure veg.
Rambabu and All staff members very polite and good service.",A2B
Adyar+Ananda+Bhavan+ +A2B,"Has got a variety of options in sweets and savouries. Packs in various weights are also available.
We can purchase as per our requirements. …",A2B
Adyar+Ananda+Bhavan+ +A2B,"I recently visited a restaurant that had an average dining experience. The ambiance was decent, and the service was okay, but the food didn’t quite meet expectations. Some dishes lacked flavor, and the presentation could have been better. It wasn’t a bad experience overall, but there’s definitely room for improvement.",A2B
Adyar+Ananda+Bhavan+ +A2B,"Had Masala Dosai & Watermelon 🍉 Juice.. Food was Awesome, Tasty, Hygiene & Fast Service..
I strongly recommend A2B …",A2B
Adyar+Ananda+Bhavan+ +A2B,"Insects in food.

I am an ardent vegetarian and choose food very carefully. …",A2B
Adyar+Ananda+Bhavan+ +A2B,"Below average resturant
It was dark, they must have sufficient lighting
They switched off AC before we completed our lunch …",A2B
Adyar+Ananda+Bhavan+ +A2B,Couldn't have south Indian food because of lunch time. Was disappointed by that but the food we ended up having was an extremely pleasant surprise. Parotta kurma and roti kadai paneer are things I would not have imagined to have at the …,A2B
Adyar+Ananda+Bhavan+ +A2B,"Did not rate it 5 stars because the food items are made from palm oil, which is not so good for health as compared to gingelly oil or groundnut oil. And, the place is mostly croweded because it's popular!",A2B
Adyar+Ananda+Bhavan+ +A2B,"Good food. Especially the filter coffee.
Service and hospitality offered by the staff Priyadharshini is overwhelming.",A2B
Adyar+Ananda+Bhavan+ +A2B,"I visited this place for a quick and short meal and tried pani puri and papdi chat. Both were fantastic in taste and serving was hygienic. I even tried their food chain in banglore and Ooty and found very nice and best quality. Nice , clean and calue for money. For vegetarians its a must visit place.",A2B
Adyar+Ananda+Bhavan+ +A2B,I ordered North Indian thali. The food(rice) was not cooked well. Taste wise also not satisfied.,A2B
Adyar+Ananda+Bhavan+ +A2B,"I am visiting regularly to this restaurant.

It is in the main place and parking facility is also very good. …",A2B
Adyar+Ananda+Bhavan+ +A2B,Today we ordered dal and fried rice it was very spicy . Inspite of me telling to reduce the spice they gave that. We couldn't eat and 650 rs got wasted,A2B
Adyar+Ananda+Bhavan+ +A2B,"If you like to have a decent breakfast, lunch evening snack or dinner. You can quickly get in any time and have something. …",A2B
Adyar+Ananda+Bhavan+ +A2B,Good ambience. Right location. Good taste and variety of food items at one place !!,A2B
Adyar+Ananda+Bhavan+ +A2B,"It's a nice place to eat... Quality food and good service

They have two floors first floor AC and ground normal …",A2B
Adyar+Ananda+Bhavan+ +A2B,Good restaurant for vegetarian food. Vast car parking facility available. Went here to take breakfast. Pongal and sambar taste awesome.,A2B
Adyar+Ananda+Bhavan+ +A2B,"This A2B outlet is located at LB road, Adyar. I went to this place for lunch and ordered mini meals. Mini meals was good but I have to try other items to be precise about taste. Ambience of this place was decent and service was quick.",A2B
Adyar+Ananda+Bhavan+ +A2B,"One of the best restaurant near Chennai trade centre... Good ambience, well maintained, quick service and courteous staff...keep it up",A2B
Adyar+Ananda+Bhavan+ +A2B,"We are asking hot water to the server. He's saying simple not there. And He's consuming a tobacco (like Pan, etc)",A2B
Adyar+Ananda+Bhavan+ +A2B,Worst experience ever. Ordered benne Dosa.. gave me a normal dosa with butter and argued that the benne dosa for 10 minutes.,A2B
Adyar+Ananda+Bhavan+ +A2B,Food was cold The karapaniyarsm was hard and cold..Tomato chutney had too.much garlic.They took 50 min to get the order ready.The swiggy delivery person was made to wait for a long time,A2B
Adyar+Ananda+Bhavan+ +A2B,"I had a pleasant evening here. The food was authentic and the presentation was top-notch. The service from Mr. Ram and Mr. Esaki was good too. Their new menu was so tasty and yummy, must try!",A2B
Adyar+Ananda+Bhavan+ +A2B,"Tasty foods served here especially all south indian dishes, One of the best options in the locality for vegetarian dine in.",A2B
Adyar+Ananda+Bhavan+ +A2B,"Excellent South and North Indian dishes. Very good taste. Ghee Sambhar idli, podi Dosai, Special onion masala Dosai, paav bhajji are some must try dishes. Spacious parking facility. Staff service could’ve been better",A2B
Adyar+Ananda+Bhavan+ +A2B,"We had South Indian meals. Taste is not as expected from A2B. For the price 180/meal o expect the taste also in higher range.
Unfortunately not up to the mark …",A2B
Adyar+Ananda+Bhavan+ +A2B,"Excellent stop for a great trusted vegetarian food. Tried all time favorite Mini Tiffin. As usual to any other A2B, delicious food, great service with good parking space. Keep it up A2B.
Could consider giving a Mini Coffee.",A2B
Adyar+Ananda+Bhavan+ +A2B,"Exceptional service by Sudha – A standard of professionalism!

I recently dined at Adyar Ananda Bhavan (A2B) and wanted to specifically …",A2B
Adyar+Ananda+Bhavan+ +A2B,"Pls Must Consider your New Branch Open in either Namakkal Bye Pass r Karur Bypass . It is very difficult I will enter in both city’s n Parking my car . It will take time 1.30- hours Even Self drive r with Driver  get in city n dinning .
Arvind Chouthry Service is Always Very good Because I am living in Elampillai near Salem city.",A2B
Adyar+Ananda+Bhavan+ +A2B,Good service. Quality of food good. Well maintained toilet. Overall experience nice,A2B
Adyar+Ananda+Bhavan+ +A2B,"Tasty South Indian vegetarian food. Excellent service. Clean environment. What I like about these A2B restaurants on highways in Tamil Nadu is the fact that they have paid attention to cleanliness, smiling service people, and most of all maintaining a clean western style restrooms. Most of the other restaurants are far behind. Thanks.",A2B
Adyar+Ananda+Bhavan+ +A2B,This resturant has ample car parking space and moderately hygiene restroom. Didn't like the idly but other items were good. Sudha provided a good service. It is on the exit bypass of Salem,A2B
Adyar+Ananda+Bhavan+ +A2B,"Food tasted sooo bad.  I had a regular south Indian meal, nothing was upto any good.. puli kulambu was so horrible I stopped eating further after tasting it. Simple basic meals itself is not good, but the charges are way too much for such poorly tasting food.",A2B
Adyar+Ananda+Bhavan+ +A2B,"Good food with nice service by Ms Sudha
A2b is right in the service lane with a lot of parking  space and clean toilets",A2B
Adyar+Ananda+Bhavan+ +A2B,"Had a wonderful lunch at Ananda Bhavan on the way to Coimbatore. The restaurant was very clean, the food was extremely tasty, and the service was excellent. A special thanks to Mr. N Mohan for his warm and attentive service — he made our experience even better. Highly recommended!",A2B
Adyar+Ananda+Bhavan+ +A2B,"Had a wonderful dining experience at A2B. The food was delicious, fresh, and true to the authentic South Indian taste that A2B is known for. The ambience was clean and comfortable, making it a pleasant place to dine with family. …",A2B
Adyar+Ananda+Bhavan+ +A2B,"Good restaurant on the highway, quality taste and quick service. Cleanliness is average and could be maintained better. Staff members are super humble and helpful. Car parking is easily available right outside along with a bunch of other …",A2B
Adyar+Ananda+Bhavan+ +A2B,Thank you Mylsamy for serving us the best way.. Cleanliness can be improved. No paper napkins at Hand wash area,A2B
Adyar+Ananda+Bhavan+ +A2B,"Could improve the ambience a lot better, also if the billing could be unified between sweets and restaurant, it would be great. Priya was good. …",A2B
Adyar+Ananda+Bhavan+ +A2B,Good place. The food was okay - veg fried rice cost 180 and meals cost 140. It was a bit oily but taste was fine. Lots of place to sit and the parking lot is spacious as well. …,A2B
Adyar+Ananda+Bhavan+ +A2B,Excellent service by Mr.kesavan... Hygienic quality is too good... Food is served very hot so nice to eat... Must eat place to everyone... Who travel in this salem highway excellent place ..,A2B
Adyar+Ananda+Bhavan+ +A2B,Food was really good. Thanks to Gomathla for excellent table service.,A2B
Adyar+Ananda+Bhavan+ +A2B,"Had a wonderful dining experience at A2B Restaurant. The food was fresh, authentic, and consistently delicious, maintaining the high standards A2B is known for. The ambience was clean, comfortable, and perfect for a relaxed meal with …",A2B
Adyar+Ananda+Bhavan+ +A2B,"Right by NH544, so extremely convenient to locate this restaurant.  Very clean and well maintained.  Best part was the tasty food they served.  Friendly staff, good parking area and adjacent to a petrol pump are all additional advantages here. Special shout-out for the amazing filter coffee they served.  Definitely going there again.",A2B
Adyar+Ananda+Bhavan+ +A2B,"Here is a strong, harsh, but safe negative restaurant review you can use:

--- …",A2B
Adyar+Ananda+Bhavan+ +A2B,"The restaurant is located on the main highway. While going towards coimbatore, before the flyover, your have to take left to reach the restaurant. Food was tasty and offers all vegetarian varieties, staff helped to get medu plane dosa for …",A2B
Adyar+Ananda+Bhavan+ +A2B,"Huge shoutout to Thyagarajan at A2B Salem! We had a wonderful breakfast, and his hospitality was the highlight—he really made us feel like we were dining at home. It’s rare to find such attentive service; A2B definitely needs more people like him on their team!",A2B
Adyar+Ananda+Bhavan+ +A2B,"I am asking hundred peoples food, but not responsibility. Manager comfortable packing, not. I have a giant food but not available. ????? I am staying mumbai now in Salem",A2B
Adyar+Ananda+Bhavan+ +A2B,Well.maintained restaurant.  The staffs are courteous and food is what you get in any typical A2B. The restrooms are available and are well maintained.  Its a perfect place for a stop over on your long journey..,A2B
Adyar+Ananda+Bhavan+ +A2B,"Parking problem, we have waited 45 mins for single dosa, no proper management! Worst behaviour ! No friendly nature totally worst experience! Not recommended for regular visit.",A2B
Adyar+Ananda+Bhavan+ +A2B,Very tasty good food,A2B
Adyar+Ananda+Bhavan+ +A2B,"Had a wonderful dining experience! The food was delicious, beautifully presented, and full of flavor. What truly made the visit special was our server, Sudha—she was warm, attentive, and incredibly professional. She made great …",A2B
Adyar+Ananda+Bhavan+ +A2B,"We had visited the restaurant with 9 people around 7PM. We ordered Rava Roast (Onion & Masala), Poori, Idly, Coffee & Tea, Bajji. The taste was good. The person served us, Mr. Mohan who served us very fast. He was very polite. We would visit again if travelling through this route.",A2B
Adyar+Ananda+Bhavan+ +A2B,"Well known very nice place for dining.
As expected clean and tidy.
Food is tasty and wide varieties. …",A2B
Adyar+Ananda+Bhavan+ +A2B,"Excellent service.
Service person Mr. Mohan doing great work",A2B
Adyar+Ananda+Bhavan+ +A2B,I'm always having bad experience with respect to service. Recently traveled to CBE and on the way tried lunch and breakfast in A2B and experience was no different. Worst experience for sure. These are common issues in A2B branches in …,A2B
Adyar+Ananda+Bhavan+ +A2B,"had a wonderful breakfast experience at A2B. The masala dosa I ordered was absolutely superb – crispy, flavorful, and served hot with delicious chutneys and sambar that complemented it perfectly. What made the experience even better was the …",A2B
Adyar+Ananda+Bhavan+ +A2B,"Very authentic south indian filter coffee and food. The service by Mr. Arvind Choudhary was very nice.
Worth visiting if you are visiting Salem.",A2B
Adyar+Ananda+Bhavan+ +A2B,"Give out 4/5
As compared to to Ann purana and Shree ananda
Food flavours are not so true South Indian. …",A2B
Adyar+Ananda+Bhavan+ +A2B,"Good and clean Hotel,All the employees ade good especially mr.vijaykumar AND PRABHU doing Good service and Gomathi and Other servantS are doing Good,Satisfied for Money and Taste KEEP IT UP.",A2B
Adyar+Ananda+Bhavan+ +A2B,"Today my family Had a wonderful breakfast and my favourite Ghee Roast Dosa Onion Rava Dosa and idiyappam with excellent tasty Vada curry, Sambar and Chutney  Service we thank  Kousalya for her very polite Service",A2B
Adyar+Ananda+Bhavan+ +A2B,"Had a great experience at this veg restaurant! The food was fresh, flavorful, and served hot. Special thanks to Priya for her excellent service—she was friendly, attentive, and made sure we were comfortable throughout. Will definitely visit again! 😌 …",A2B
Adyar+Ananda+Bhavan+ +A2B,Good service by staff gayatri and great food.,A2B
Adyar+Ananda+Bhavan+ +A2B,Excellent service done by the whole team. Special thanks to Mr.Madhavan & Coffee master Mr.Dharnish. …,A2B
Adyar+Ananda+Bhavan+ +A2B,"Compared to other A2Bs this place is excellent. The food tasted very good. Service is also very good. This location is also on the way on the highway, so easily reachable. The wash room was clean and odourless.",A2B
Adyar+Ananda+Bhavan+ +A2B,Loved the food here . Authentic taste . Service was good special mention to Manasi for her kind Service. Ample parking space is available and clean toilets 🚻  also present …,A2B
Adyar+Ananda+Bhavan+ +A2B,"Manasi service is excellent. Drinking water is not good. Tasteless.
Please take necessary steps to change the water.",A2B
Adyar+Ananda+Bhavan+ +A2B,"Had lunch here. But limited food options only. But good quality and ambience. Fast service. Good restaurant on National highway. For lunch, they offer meals, mini meals, north indian items like roti, fried rice. Rest room is available. …",A2B
Adyar+Ananda+Bhavan+ +A2B,"Overpriced special biryani for 300+ rs is not worth, they said its special with paneer etc but not correct. Meals missing papad.",A2B
Adyar+Ananda+Bhavan+ +A2B,Excellent service. Very fast. Totally unexpected. Not too crowded. Food is very very tasty. Best to be taken is dose here,A2B
Adyar+Ananda+Bhavan+ +A2B,"My experience generally with A2B in the last couple of years is, it's a very rigid organisation with no flexibility at all. Even in the last 2 days, the experience is d same. Hv explained it to the supervisior at this location, now in …",A2B
Adyar+Ananda+Bhavan+ +A2B,A2B is getting worst day by day. This is the condition of onion dosa with full raw onion which is not even cut properly.,A2B
Adyar+Ananda+Bhavan+ +A2B,"We had breakfast - masala dosa and ghee roast. As it was a Sunday, it was crowded by 9am. While we got the masala dosa after 15 minutes ghee roast was delayed; so I requested to change it to masala dosa, but they told it will be delivered …",A2B
Adyar+Ananda+Bhavan+ +A2B,"Good food and good service provided by kausaliya.
Everything is neat and clean here.",A2B
Adyar+Ananda+Bhavan+ +A2B,Good restaurant on the highway and everything is so good but price is always higher side.Food quality always maintained but even at 7pm now a days they stated items over/not available,A2B
Adyar+Ananda+Bhavan+ +A2B,"Very poor service. There are many people standing and dazed. They don’t know what to do. They are not having eye contact, basic things to ask for customer. When asked for poori they said time agum and it came in 5 mins, I don’t know if this …",A2B
Adyar+Ananda+Bhavan+ +A2B,I recently visited A2B (Adyar Ananda Bhavan) and noticed a clear price inconsistency. …,A2B
Adyar+Ananda+Bhavan+ +A2B,Poor service . Poor quality food . Yesterday i went here food was very poor and cost was to high service people make good times with another serving person .no manager no more response,A2B
Adyar+Ananda+Bhavan+ +A2B,"I bought sweets from your shop and was very disappointed to find both an insect and a hair strand inside the sweet box. This is a serious hygiene issue, and I request you to look into it immediately.",A2B
Adyar+Ananda+Bhavan+ +A2B,Had breakfast and evening tea here two to three times in the last year. Very tasty food. Very good ambiance. The restaurant is in first floor. One thing I noticed is that the service is slow. May be because not many people to eat that time. …,A2B
Adyar+Ananda+Bhavan+ +A2B,Food is quite tasty. Friendly staff. They seve with smile.Idlis are quite soft and tasty Dosas are crispy and well made. They serve in plates with banana leaf which is quite hygienic . One very good activity I found here. They serve food …,A2B
Adyar+Ananda+Bhavan+ +A2B,"Adyar Ananda Bhavan (A2B) is a renowned Indian vegetarian restaurant chain specializing in South Indian cuisine, sweets, and snacks. The mahabalipuram branch is one of the best branch to take the morning breakfast before visiting the …",A2B
Adyar+Ananda+Bhavan+ +A2B,"We prefer A2b over hygiene but the taste is disgusting. What they call as a2b special biryani is nothing but rice mixed with just chilli powder. The chef has put plenty of whatever came in to his hand like cashew , mushroom.. etc. which …",A2B
Adyar+Ananda+Bhavan+ +A2B,"Excellent place for Vegetarian Breakfast, Lunch,  Dinner and Snacks. Very good quality food.  They have a separate sweets and savouries counter , which is very big and they have a huge range of South Indian, Bengali  and North Indian Sweets …",A2B
Adyar+Ananda+Bhavan+ +A2B,"Very miniscule quantity, I was shocked to see such less quantity.. really absurd. Did not think that quantity will ever be an issue from A2B.",A2B
Adyar+Ananda+Bhavan+ +A2B,"A2B offers decent food, but there are significant areas that need improvement to enhance the overall dining experience. …",A2B
Adyar+Ananda+Bhavan+ +A2B,As usual taste is fine... No complaints about the taste of kesari... But I don't think it's worth for the money... Other snacks we had was taste wise price wise ok. Ground floor bit congested and sounds like market... For us service was …,A2B
Adyar+Ananda+Bhavan+ +A2B,"Really frustrating and disappointing experience. The service was painfully slow and it took an unreasonably long time for our food to arrive even after ordering well in advance. To make things worse, the seating was handled very poorly — we …",A2B
Adyar+Ananda+Bhavan+ +A2B,Used to have lunch . Especially south indian Spl thali. Yesterday they were bad. The kootu was just watery and some default poriyal. Looks like mgmt change. Kindly don't kill quality,A2B
Adyar+Ananda+Bhavan+ +A2B,"This restaurant was over crowded, has a seating capacity of around 150 and there qas no space. No moving space as well. Table and chairs were quite cramped. Guess there is no proper similar restaurant in and around this, hence the crowd. …",A2B
Adyar+Ananda+Bhavan+ +A2B,"As usual A2B is one of the best! Be it the breakfast or the Lunch//Dinner, they provide the best and tasty food! The service is mostly fast in their branches and  maintained very neat and clean! I always trust them for good food when traveling with family. Their filter coffee is one of the best available!",A2B
Adyar+Ananda+Bhavan+ +A2B,"It's all packed crowd. Service to call bit late. When we sit, we call few staffs to take our order. Hmm …",A2B
Adyar+Ananda+Bhavan+ +A2B,Worst service I have ever experienced. every item that I asked for was unavailable. The taste of the podi onion utthapam was below average. If you are a south indian food fan then I would definitely advise you to not visit this place.,A2B
Adyar+Ananda+Bhavan+ +A2B,Worst service got in lunch. I visited more than 40 A2Bs around Tamilnadu but this was very poor service. All servers are from other state and they don't know and understand tamil which cause so many chaos for my elders.,A2B
Adyar+Ananda+Bhavan+ +A2B,Worst customer service. You sit in a chair for hours but not even one person would come and take order. All will stand in a place and talk but nobody will take order. I understand that people dont speak tamil there but they should know what …,A2B
Adyar+Ananda+Bhavan+ +A2B,Over all it's OK to have lunch here. Veg biriyani was in basmathi rice. There is a parking space on right of the hotel. For lunch and for meals you have to go upstairs.,A2B
Adyar+Ananda+Bhavan+ +A2B,"Food was delicious and served hot. We loved their IndoChinese. Szechwan fried rice, paneer 65 and stuffed Kulcha were delicious.",A2B
Adyar+Ananda+Bhavan+ +A2B,"what oil is being used is it good?dishes were floating in oil
Not really great as I expected it was okay and I thought North Indian thali will have more ok roti and look less of rice but again there two different varieties …",A2B
Adyar+Ananda+Bhavan+ +A2B,Very average taste n service.  Didn't enjoy.  Ambience is good,A2B
Adyar+Ananda+Bhavan+ +A2B,"Very good dosa and their tomato chutney was awesome. Coffe as usual was very good. Also tried their baked rasgulla which was fine too.
Service was kind of ok nothing to complain of.
Parking is street parking.",A2B
Adyar+Ananda+Bhavan+ +A2B,"A very good place to have something that ""FEELS"" premium but at a better price than most other restaurants of comparable quality. Although specializing in South Indian cuisine, you get a whole lot of North Indian and Chinese dishes too. As …",A2B
Adyar+Ananda+Bhavan+ +A2B,After a long year visited this place. Costly but ok with taste,A2B
Adyar+Ananda+Bhavan+ +A2B,"Worst service very bad service.
Do not visit this place worst experience.",A2B
Adyar+Ananda+Bhavan+ +A2B,My experience in this hotel is pathetic the staff is so irresponsible and do not even care when we call them. They did not even provide for a menu car or serve water even after we made repeated requests for the menu card and water . When …,A2B
Adyar+Ananda+Bhavan+ +A2B,"A beautiful place for a family outing.  The items are of high quality like idli, vada, pongal, keasari, masal dosa, puri, etc., The snacks are very tasty.  The service is good.  Overall, a must visit place.",A2B
Adyar+Ananda+Bhavan+ +A2B,"Very good place to dine with family. The rates are slashed and well within limits.
My recent visit today (13th July, 2024)  confirms my belief that this chain is …",A2B
Adyar+Ananda+Bhavan+ +A2B,"Much improved service from last 2 years. Food is also amazing and nominal pricing. Must try family dosa here. Parotta was soft and fine. Loved sambhar idly and try sweets , they are tasty too. We tried hot poli and loved it. Bakery items are great (atleast whatever I tried). Aapam is tasty. Accepts gpay and phonepe. Parking available",A2B
Adyar+Ananda+Bhavan+ +A2B,"Very tasty food, serving hot. Neat and Clean. Good ambience huge parking area too. Variety of sweets and savouries available.",A2B
Adyar+Ananda+Bhavan+ +A2B,Little crowded. Not comfortable for 5 people on that small table.  The food taste was good. Service was good. We can go there for a quick bite.,A2B
Adyar+Ananda+Bhavan+ +A2B,Visited this restaurant with my superior for having snacks in the evening. Too much of crowd on that time. There is no seperate parking for this restaurant. You can park the vehicle on the road side itself. As it is too crowded place it is …,A2B
Adyar+Ananda+Bhavan+ +A2B,Visited the place after 2 years for breakfast with family and it was a total disappointment with the slowwww service and cluttered unclean ambience. Communicating with the server was quite hard due to language barrier. A2B was the place we …,A2B
Adyar+Ananda+Bhavan+ +A2B,"A2B Adyar offers a delightful South Indian dining experience with authentic flavors and a clean, well-maintained ambiance. The food quality is consistently good, and the service is usually prompt. Their dosas, idlis, and sweets are a …",A2B
Adyar+Ananda+Bhavan+ +A2B,"I ordered the Mushroom Biryani, and it was absolutely delicious—served hot, flavorful, and very satisfying. The packaging was also good. It’s definitely a must-try dish from this A2B branch. …",A2B
Adyar+Ananda+Bhavan+ +A2B,Been here many times. This particular branch at mg road Besant Nagar is always buzzing with people any time any day . Tried their bfast & dinner which is relatively ok. Of the rare times went for lunch - service was bad. We preferred the ac upstairs. Food was ok. The waiters are not courteous mostly Hindi speaking. Disappointing.,A2B
Adyar+Ananda+Bhavan+ +A2B,They serve a wide range of dishes with good taste and the ambience is really pleasing and makes you feel a good sense. A nice restaurant to come with your friends and have a chit chat.A good delight to your tongue and the taste is tooo …,A2B
Adyar+Ananda+Bhavan+ +A2B,Ordered poori and dosa from Swiggy today. Poori was dry and too oily. Found a worm in chutney. I called to restaurant to inform this they didn’t answer me and hanged call.,A2B
Adyar+Ananda+Bhavan+ +A2B,"The service was extremely disappointing — I wouldn’t even give a single star for this branch. The customer service was very poor; the staff did not listen properly, and they even forgot our order halfway through. We waited for 20 minutes, …",A2B
Adyar+Ananda+Bhavan+ +A2B,"The location is infront of Railway Station -Mysore.  Food quality is very good. Hygiene is also very good  This is a chain of restaurants with lots of branches. Masala dosa, Poori,Ragi roti,veg fried rice, you order anything, you love it. …",A2B
Adyar+Ananda+Bhavan+ +A2B,Pretty good. The service was prompt. The servers were nice and quick to respond. Had paper roast which was really good but huge. Definitely try their Ghee Roast …,A2B
Adyar+Ananda+Bhavan+ +A2B,Usually i like a2b hence decide to dine here but alas the experience was not good. Service looked like they wanted us to eat and fast and get out. No tissue papers.. no quick attendance to our order. The food is obviously good but we can …,A2B
Adyar+Ananda+Bhavan+ +A2B,Anytime favorite place to eat South Indian food and some fast food. Quality and taste is really good. Only self service in this restaurant and billing is fast. In peak hours wait time may be slightly high but it may be worth the wait for …,A2B
Adyar+Ananda+Bhavan+ +A2B,Good quality breakfast but expensive compared to the same other places.,A2B
Adyar+Ananda+Bhavan+ +A2B,"The taste is good, food is good but quantity is an issue.  Dosha and other items like idiyappam are not available during lunch.",A2B
Adyar+Ananda+Bhavan+ +A2B,"Ordered North Indian Meal, Naan was not fresh and its very thick like rubber, please make it fresh or remove North Indian meal from the menu .... I think they know to make only South Indian meal properly... side dishes were good, but Naan is very bad",A2B
Adyar+Ananda+Bhavan+ +A2B,"Ground floor serves only mini meals and South Indian snacks.
We went to the 1st floor, ordered mini meals, mushroom pepper fry and palak paneer. …",A2B
Adyar+Ananda+Bhavan+ +A2B,"Their service is so pathetic that at 9 PM they'll accept the order and after 1 hr shamelessly, they will call to inform Vada is not available and even more pathetic behavior is they'll silently send Upma instead of Pongal without even …",A2B
Adyar+Ananda+Bhavan+ +A2B,"They have a large variety of snacks and it's in a prime locality where there are not many restaurants like this. There's no AC. It's closer to Fort railway station in Trichy. The members follow a hygine system, and the food is of high quality.",A2B
Adyar+Ananda+Bhavan+ +A2B,UNBIASED REVIEW....Had a small work in thillai nagar trichy....hence finished and searched nearby restaurant and finalized to go to A2B.....It's a bakery attached with small veg restaurant inside...Capacity approx 50... no separate bike or …,A2B
Adyar+Ananda+Bhavan+ +A2B,"Worst ever experience, was initially given cold dosa and masala dosa when objected changed masala dosa which was completely burnt . Poor service had to ask people for switching on the lights as well.",A2B
Adyar+Ananda+Bhavan+ +A2B,"Ananda Bhavan Hotel in Annamalai Nagar, Trichy, offers a decent dining experience but leaves room for improvement. The service here is commendable; the staff is attentive and courteous, making you feel welcome from the moment you step in. …",A2B
Adyar+Ananda+Bhavan+ +A2B,Regularly use to order here! But! Today was poor packages and taste was so bad compared to previous! Also today they used some other rise for mushroom briyani! Instead of basmati!,A2B
Adyar+Ananda+Bhavan+ +A2B,We tried many items with my favourite falooda🤤....so tasty and good service balaji bro .... satisfied..thank you 😍 …,A2B
Adyar+Ananda+Bhavan+ +A2B,It was a nice Morning with A2B Breakfast have ordered a Mini Tiffin tasty kesari I have never had it before like this I’m from Mumbai we have never get tasty South Indian food like this good service by Ms.Satya,A2B
Adyar+Ananda+Bhavan+ +A2B,"Nice food one must try every a2b , neat and clean place with varities of north indian south indian also sweets snacks available",A2B
Adyar+Ananda+Bhavan+ +A2B,"Zero taste, too oily chilly parota. Never expected from A2B. Not worth for single penny. Waste of trying",A2B
Adyar+Ananda+Bhavan+ +A2B,"Poor hospitality and due to less staffing.
The staffs are least bothered to receive their guests. No proper assistance on seating the guests. Supervisor was so rude when we asked for table. They didn't …",A2B
Adyar+Ananda+Bhavan+ +A2B,"The service is awesome and clean the food quality is best, I like the place so much the best place for snacks in trichy,thillainagar but in small A2B Branch",A2B
Adyar+Ananda+Bhavan+ +A2B,Pricey. Tastes sometimes good  but sometimes ends up average,A2B
Adyar+Ananda+Bhavan+ +A2B,"Food quality and taste are good. Need more improvement in the service and management. Especially in this branch, not enough waiters to wait the tables and the food served mostly cold even prepared just before. Cause of delay in waiting …",A2B
Adyar+Ananda+Bhavan+ +A2B,Had very worst experience. Supervisor shows very rude attitude. You have to wait for long time to order your food. If you order for lunch you will receive in the evening. You can visit there if your tummy waits for this.Had this experience twice,A2B
Adyar+Ananda+Bhavan+ +A2B,"Don’t know what happened.  Poor quality of foods & running with very minimal staff.  Sambar,  dosa varieties are very average.  Just like other cities, No supervisor. You have to wait 30 minutes to get bill & come out. I have seen Lots of frustration in the faces.",A2B
Adyar+Ananda+Bhavan+ +A2B,"I ordered cashew peas pulao mushroom tikka , both of them very not at all eatable, didn't like their service. I ordered cashew peas pulao which is around 260 rs. First they give me pulao without any peas in it. After when I complained about …",A2B
Adyar+Ananda+Bhavan+ +A2B,"Much more scope for improvement!!
Food is bad I dunno quality is not at all par with what they charges !!
Sai Sangeeth is new favourite in trichy I feel , only reach and location can't …",A2B
Adyar+Ananda+Bhavan+ +A2B,"We waited for almost 40 minutes to get an onion utthapam. The inside of the uthappam was not cooked properly. Additionally, there was no water to wash our hands. Very bad service.",A2B
Adyar+Ananda+Bhavan+ +A2B,"Though we order a lot from this place, we thought getting a dine-in experience. The restaurant was in the main market and had a decent footfall when we entered. …",A2B
Adyar+Ananda+Bhavan+ +A2B,The food was good. But the seating area is very less and there is no AC. The service was good,A2B
Adyar+Ananda+Bhavan+ +A2B,Taste is good. But don't go here when you are in hunger. Everything will be delayed. Initially you have to struggle to place your order to the service persons. They won't attend table quickly. May be lack of resources. They have to make sure for quicker service as their price is at premium.,A2B
Adyar+Ananda+Bhavan+ +A2B,Located inside the city and not on the Trichy highway. Had enough parking space. Regular a2b menu and its service. Single bathroom for both men and women. Good pit stop on the way to Trichy airport for pure veg option.,A2B
Adyar+Ananda+Bhavan+ +A2B,Too expensive and not worth the money at all . I would suggest to avoid any chaats here .,A2B
Adyar+Ananda+Bhavan+ +A2B,It was a lunch time with few diners and not crowded at all. The order was taken after we requested them and we were waiting for more than 10 min for normal south Indian meal which was readily available. …,A2B
Adyar+Ananda+Bhavan+ +A2B,"Very less man power to serve the weekend croud. Only 1 female to clean the tables and hardly 4 servers.Very bad experience , every table had to wait for their food. The management should increase the workers during festive time.",A2B
Adyar+Ananda+Bhavan+ +A2B,Service is a hit or miss.  Service in the sweetshop is fast and pleasant.  In the restaurant it could be improved.  Surprisingly varieties in south indian items are less.  Plenty of chat items are available.  Space to sit is limited and there is no parking,A2B
Adyar+Ananda+Bhavan+ +A2B,Very poor reception. The man in charge as supervisor is not at all responding our request. It will be appropriate to replace him.,A2B
Adyar+Ananda+Bhavan+ +A2B,Gone Worst. Sweets are very old stock. The very next day its got rotten. But the bill is so expensive... Not worthy at all. Bad customer service. No respect at all. We have to wait nearly 20 to take the order. My foot😡 …,A2B
Adyar+Ananda+Bhavan+ +A2B,Worst service by server Manikandan. He assumes we come to eat with his money in the hotel. Highly disrespectful person. Doesn't deserve to be a server. Trichy thilai nagar branch A2b. Never step in!,A2B
Adyar+Ananda+Bhavan+ +A2B,"A good place for break fast, lunch and dinner. Well maintained and neat. Serves almost all indian food varieties. Food varieties are tasty. Large dinning hall with sufficient number of service personnel. Preparation of foods are hygienic. Coffee is really a highlight one. Price is moderate.",A2B
Adyar+Ananda+Bhavan+ +A2B,Too costly. Okay taste. Can find some other eateries at the location. Dining area can't accommodate more than 10-15 people at a time. If you want to spend some quality leisure time look some where else.,A2B
Adyar+Ananda+Bhavan+ +A2B,"We visited this place little late.. however,  service was good with but slow.. taste of dishes were nice and clean.. if they improve the cleanliness of washroom would much better for kids.. there was no water to wash hands and just imagine …",A2B
Adyar+Ananda+Bhavan+ +A2B,"Good place for veg food, sweets, chats, multiple food options. Food quality is very good. Tasty sweets. Fresh food. The place is pricey. But you can enjoy the food here. There is also ample car parking space, rest room is also available. The restaurant is air conditioned as well.",A2B
Adyar+Ananda+Bhavan+ +A2B,"At 9:30 am few food only was available. When I asked poori malaa they said not available. When asked for chappathi, they said no kurma available..it was shocking..Normally in all famous restaurants.all.verieties. available till 11;00 am. Only one cook was doing everything. Otherwise it is ok. It took one hour to finish the breakfast.",A2B
Adyar+Ananda+Bhavan+ +A2B,"It is adjacent to the main road leading to Trichy Central bus stand. Good and courteous staff. Excellent indian sweets and food, juice varieties available. Good for family brunch and evening snack. Little expensive though. Has small parking space in front of the restaurant.",A2B
Adyar+Ananda+Bhavan+ +A2B,"Worst ever service
Don't choose A2B shastri road
Better prefer Shri Sangeethas Restaurant for quick dine service …",A2B
Adyar+Ananda+Bhavan+ +A2B,"Worst service and food quality in this branch. They served dosa with one fly inside the dosa. Informed the waiter, he doesn't care that much or say anything, just replace that one with another.. people service is also worst. Cleanliness is not good as other branches.. don't go to this just branch because of the brand name..",A2B
Adyar+Ananda+Bhavan+ +A2B,"Good staff...
Good service...
Good food... (Esp the coffee, it's divine...) …",A2B
Adyar+Ananda+Bhavan+ +A2B,"Amazing food especially the dosas and paniyarams. The milkshakes are excellent as well. Lot of South Indian choices to order from. They take only a short time to get your order to the table. Very good service. Near to a lot of cloth shopping exclusives like Van Heusen, Basics etc.",A2B
Adyar+Ananda+Bhavan+ +A2B,Valli looked after us very closely and was extremely helpful. Enjoyed our meal here,A2B
Adyar+Ananda+Bhavan+ +A2B,"Food was delivered late , it took 1 hr for lunch in week end saturday as they had to cook  rice  for customers who came by 2:30 pm and in a hurry rice was not cooked properly it was like soaked rice very hard to eat, curd was very sour, …",A2B
Adyar+Ananda+Bhavan+ +A2B,Had lunch here and found it good. The only lacking part is the staff strength is little low and the waiting time is more. Appreciate the staff. Very kind people but very few in number like mentioned above and they have to attend to a bigger crowd,A2B
Adyar+Ananda+Bhavan+ +A2B,"I went to the restaurant with big expectations but the customers service in worst. We went in side the restaurant there is no one to welcome us, no one came & approch us what we need & for what we came, more than 10 employees are there no …",A2B
Adyar+Ananda+Bhavan+ +A2B,"Rates are too high,  they were swindling customsers money just in the name of taste.  High time to reduce the rates. Not fit in to middle class people budget.  Also quantity is very very poor. Simply making money out of innocent customers. …",A2B
Adyar+Ananda+Bhavan+ +A2B,"Worst service.. Kindly change all service people1 hour late for one order.
Sorry
No one satisfied your hotel servixe..
Worst",A2B
Adyar+Ananda+Bhavan+ +A2B,"Nice place for dine-in. Food price is relatively costly but worth for its quality.
Almost all variety available. …",A2B
Adyar+Ananda+Bhavan+ +A2B,I ordered one chole patura and one rava dosai. The chenna was not good I taste and not sufficient. Onion raitha not provieded. Chutner sambar was very little. Tastewise very average. But too costly.,A2B
Adyar+Ananda+Bhavan+ +A2B,"Quality of staff is not good. Was speaking loudly while delivering , saliva is sprinkling. …",A2B
Adyar+Ananda+Bhavan+ +A2B,Taste very bad. spoiling the name. Maximum sweets are old stocks .no fast moving sweets. Very slow in packing and billing. no skilled workers. Archana sweets is completely better in all aspects than a2b.,A2B
Adyar+Ananda+Bhavan+ +A2B,Great taste and quality. Prices are a little high but it's totally worth it. It can get busy in evening hours but the staff deserves a shoutout. They personally take care of your orders. I had a great chat with them. I ordered a masala …,A2B
Adyar+Ananda+Bhavan+ +A2B,"A disappointing visit to A2B Mylapore. They had very limited menu items, and I got a small stone/large dirt particle in my butter masala dosa. The waiter was nice and attentive and the decor is fancy.",A2B
Adyar+Ananda+Bhavan+ +A2B,"Food was nice, but service was bad. We were eating food but not yet finished and the waiter came gave us the bill and asked us to do the payment, he was seeing that we are still eating and food was in our hand and he was like sir please …",A2B
Adyar+Ananda+Bhavan+ +A2B,"Great place to have food. We love the Chilly idly, deep fried and the special adai avial . Nice ambience. …",A2B
Adyar+Ananda+Bhavan+ +A2B,"Such a good hearted restaurant, they don't offer you bill even after you demand several times. A2B owner please have a look into this. Your workers are so lethargic in that. …",A2B
Adyar+Ananda+Bhavan+ +A2B,Generally good.Sweets not available except Kesari.. If you ask the Staff would tell A2B Sweet stall is nearby and there only you get...The Management should arrange sweets on the table somehow.Not good to inform the customer where we get …,A2B
Adyar+Ananda+Bhavan+ +A2B,Recently ordered 30 Dinner boxes for a small function at home. The food was very tasty. …,A2B
Adyar+Ananda+Bhavan+ +A2B,"Bhel puri in A2b is one of the best in town.
Both sweet and savory paniyaram were sumptuous. Kozhukattai was tasty.",A2B
Adyar+Ananda+Bhavan+ +A2B,"Giving one star just for the atmosphere. Not to spread hate on north indian workers, but if you are gonna employee them teach them the name of the food present in the menu atleast. After ordering and waiting for 30 mins I got wrong order …",A2B
Adyar+Ananda+Bhavan+ +A2B,"Very poor service experience. I waited for more than 10 minutes, yet my order was not taken. During this time, the staff seemed more focused on chatting and laughing instead of attending to customers. This is not the first time I’ve faced …",A2B
Adyar+Ananda+Bhavan+ +A2B,"Value for money restaurant, taste and quantity is good. Location is good. Pintu staff good service. Good location.",A2B
Adyar+Ananda+Bhavan+ +A2B,"Delayed service due to limited staff to serve.
Misunderstanding among the staff, made thinks worse.
Food have less taste when compared to earlier days. …",A2B
Adyar+Ananda+Bhavan+ +A2B,Lovely restaurant with good ambience. Food was so tasty & price was little bit high. Restaurant have both South Indian & North Indian dishes. Valet parking available. Food server brother was very polite & respectful. Clean surroundings with good decor.,A2B
Adyar+Ananda+Bhavan+ +A2B,"Food taste, was very, very bad…  servis people not understand Tamil only Hindi..",A2B
Adyar+Ananda+Bhavan+ +A2B,Very good service by Aditya Kumar. Nice food and ambience.,A2B
Adyar+Ananda+Bhavan+ +A2B,Amazing clean place. Lovely personal and the best uttapam I ve had in long time! Highly recommended,A2B
Adyar+Ananda+Bhavan+ +A2B,Much better ambience than the Sangeetha hotel nearby. Limited car parking available. Ordered bonda but was given 2 small size pieces,A2B
Adyar+Ananda+Bhavan+ +A2B,Costly to have even simple dishes. Service of casual North Indian gup - shup. Slow to deliver only leisure guys fit in.,A2B
Adyar+Ananda+Bhavan+ +A2B,"Nice place , staff is very good.
Akash help allot for food suggestions and services is wonderful",A2B
Adyar+Ananda+Bhavan+ +A2B,A2B near Mylapore Tank. Very good place and the server Mr Samodh Kumar Yadhv is extremely friendly and lovely. Speaks many languages.,A2B
Adyar+Ananda+Bhavan+ +A2B,He group was here for our 30 years reunion. Enroute we halted at A2B Restaurant. Turned out to be an amazing experience.Samodh Kumar Yadav was an excellent server. We had amazing food and relieved our old Chennai memories,A2B
Adyar+Ananda+Bhavan+ +A2B,"Ghee roast was too good. I left my bag there by mistake and they had kept it safe. Thank you, all at A2B",A2B
Adyar+Ananda+Bhavan+ +A2B,"Guv name Santhosh, who stands at the entrance and watches the phone
Who owns this Restaurant? - Try to teach your employees how to give respect to ladies …",A2B
Adyar+Ananda+Bhavan+ +A2B,Mini meals fine. For normal eaters it is little bit more quantity. By 2.45 pm they are giving tiffin items too. That's really nice,A2B
Adyar+Ananda+Bhavan+ +A2B,"Great food and service.
I will be back here again.
Dependent Kumar. L@ shanmugam b were both fantastic hosts and very helpful.
Highly recommend eating here.
Thank you",A2B
Adyar+Ananda+Bhavan+ +A2B,Worst Service by kundhan. Please educate him to not to judge a book by it's cover. Very much disappointed with A2B and their staff today,A2B
Adyar+Ananda+Bhavan+ +A2B,"I typically go to Sangeetha restaurant for veg, but I decided to try A2B, which has recently opened in Mylapore. …",A2B
Adyar+Ananda+Bhavan+ +A2B,Good experience - excellent service by Anant Kumar. Special thanks,A2B
Adyar+Ananda+Bhavan+ +A2B,Great experience . Food was great and service was wonderful. The waiter shiva Kumar was very friendly and polite,A2B
Adyar+Ananda+Bhavan+ +A2B,Has good parking for bikes. Car parking is limited. The food and quality of food is good. Opened newly and the atmosphere is really good,A2B
Adyar+Ananda+Bhavan+ +A2B,Service slow and lethargic. The attenders dont seem interested. Food is good.,A2B
Adyar+Ananda+Bhavan+ +A2B,Good food nice ambiance,A2B
Adyar+Ananda+Bhavan+ +A2B,"Nice Atmosphere. Hotel maintained well.

Good service. Thanks to Aakash Alex for giving good food service.",A2B
Adyar+Ananda+Bhavan+ +A2B,Everything about this place is fantastic! Deependra kumar Choudhary who served us was really really amicable. This place is a must visit. Parota kurma was exceptional. Thankyou so much A2B!!!,A2B
Adyar+Ananda+Bhavan+ +A2B,"Stepping in for the 3rd time and first time for dinner.
Breakfast was ok but dinner the place seems full and service took forever to get the food to your mouth. …",A2B
Adyar+Ananda+Bhavan+ +A2B,Food is too good...had a very good experience..the staffs are very friendly and service was good...Ananda Kumar did a very good service to us...,A2B
Adyar+Ananda+Bhavan+ +A2B,Really nice food. Exceptional service by Mr.Bharat.,A2B
Adyar+Ananda+Bhavan+ +A2B,Staff served us cold samosa when told them they just laughed it off. Unacceptable behaviour and service.,A2B
Adyar+Ananda+Bhavan+ +A2B,"Kundan kumar’s service was really good, and food was first class",A2B
Adyar+Ananda+Bhavan+ +A2B,"The atmosphere was great but the service not so much. We asked fir warm water, but the server did not bring it to us for the whole dining experience.",A2B
Adyar+Ananda+Bhavan+ +A2B,"Had Parotta for Lunch, they're super soft to eat.",A2B
Adyar+Ananda+Bhavan+ +A2B,Had a breakfast at this place. Ordered mini tiffin and they served kesari of previous day's. Didn't even bother to even slightly heat it to appear fresh. Waiter and supervisor didn't seem to care much when complained. Very poor service and …,A2B
Adyar+Ananda+Bhavan+ +A2B,"Samodh kumar was excellent and service very good as well as food.
I'll come back again",A2B
Adyar+Ananda+Bhavan+ +A2B,"Excellent service and superb atmosphere, a very nice place for a family get-together.
Mr.Shanmugam the branch manager was so kind enough in organising everything …",A2B
Adyar+Ananda+Bhavan+ +A2B,Mr Eswaran manager is willing to walk an extra mile to satisfy the customers. Good Job.,A2B
Adyar+Ananda+Bhavan+ +A2B,The chilly parotta was disgusting ! We ordered 2 chilly parottas for Rs.175 each excluding taxes. The food we recieved had oil in abundance and tasted horrible...It was too crisp. Salt was completely missing …,A2B
Adyar+Ananda+Bhavan+ +A2B,Samodh Kumar yadav . Very good communication in hindhi ...food is awesome ..,A2B
Adyar+Ananda+Bhavan+ +A2B,Dependerkumar L gave us amazing service.,A2B
Adyar+Ananda+Bhavan+ +A2B,"Good place to eat .. hospitality at its best.. delicious food to serve..
Overall a nice place for family visit
The gentleman who served us is Mr Anand Kumar..very humble and offered us a great service",A2B
Adyar+Ananda+Bhavan+ +A2B,The food was excellent and shivkumar provided great service.,A2B
Adyar+Ananda+Bhavan+ +A2B,"A Pleasant Spot for a Coffee
I recently visited A2B and had a coffee, which was truly delicious. The taste was rich and satisfying, definitely one of the highlights of my visit. …",A2B
Adyar+Ananda+Bhavan+ +A2B,"We came to have breakfast here with my cousin family who were to take the Westcoast Express to Chennai.
The place was crowded. Two waiters were attending to two x four, eight guests, …",A2B
Adyar+Ananda+Bhavan+ +A2B,"Recently ordered sambar vada at Salem Junction through swiggy, the price was Rs 70, and I paid Rs 112 including swigy charges. And the vada I got for Rs 70 is too small. I have no complaints about the food, but charging Rs 70 for this small vada is audacity. I get a bigger sambar vada for around Rs 50 at other A2B outlets.",A2B
Adyar+Ananda+Bhavan+ +A2B,"Ordered mini tiffen, idly and tea. Naresh is a wonderful person who served. Listens well and responds as needed to customer with a smile.
Appreciate his service :)",A2B
Adyar+Ananda+Bhavan+ +A2B,"“Perarusu good service” 👍
So happy you loved the food! Thanks for sharing.” …",A2B
Adyar+Ananda+Bhavan+ +A2B,"I went to Adyar Ananda Bhavan recently and loved the ambiance. The food was top-notch! I tried their Masala Dosa, which was delicious, especially when paired with their chutney and sambar. The restaurant was clean, hygienic, and provided a wonderful dining experience for all of us.",A2B
Adyar+Ananda+Bhavan+ +A2B,"This branch is located at the railway station and is always very crowded. It has both a lower and an upper floor, but even during peak hours, only the lower floor is open — resulting in long waiting times. Moreover, the customer service …",A2B
Adyar+Ananda+Bhavan+ +A2B,"I had a wonderful experience here today, specifically thanks to Apatti. She made me an absolutely perfect cup of coffee—easily one of the best I’ve had in a while. Not only is she a skilled barista, but her friendly attitude and …",A2B
Adyar+Ananda+Bhavan+ +A2B,Huge Fly in this hotel. Very worst. Kindly look at this almost 5 time visited everytime same issue immediately left the hotel.,A2B
Adyar+Ananda+Bhavan+ +A2B,"Had Pongal and filter coffee here, and it was a really satisfying experience. The Pongal was soft, well-cooked, and perfectly balanced with ghee and pepper—simple yet authentic South Indian taste. The filter coffee was excellent, strong, …",A2B
Adyar+Ananda+Bhavan+ +A2B,"Good food and hospitality.
Price is too much for tea. They are charging 40 rups. Even vada price is less than tea.",A2B
Adyar+Ananda+Bhavan+ +A2B,"One of the best Restaurants for a really good Coffee and Vegetarian Food, One of the OG place that makes my journey accross Tamil Nadu extra beautiful ❤️",A2B
Adyar+Ananda+Bhavan+ +A2B,"Brought Dates Laddu fr this outlet on swiggy. Good one. But, the issue is only 20% dates in it. 80% cocunut & sugar.",A2B
Adyar+Ananda+Bhavan+ +A2B,"I ordered the veg thali, which cost around ₹200–₹250. The food was delicious and had a comforting, homely taste. The quantity was generous—enough to easily serve two people. The payasam was fantabulous. Overall, I had a great lunch while travelling.",A2B
Adyar+Ananda+Bhavan+ +A2B,"In Salem junction very worst in service
Were where the junction platform food giving two type of chutney they giving also to type of chutney what the different between dose nothing waste of money and time very worst",A2B
Adyar+Ananda+Bhavan+ +A2B,"There were quite a few flies around the table, which was unpleasant. We ordered one chapati - curry combo and one mini meals. The chapati was okay, and a few items in the meals were also fine. Might be a better option for vegetarians, but overall the experience could have been improved.",A2B
Adyar+Ananda+Bhavan+ +A2B,A conveniently located joint for both passengers and general public. The food was classical like any other A2b joint. Them operating only limited seats at the ground floor at peak morning hours despite having a first floor dining was something questionable.,A2B
Adyar+Ananda+Bhavan+ +A2B,Quality of food was fresh and hot even at 10pm. Quick service. Very polite attitude of the staff. Very clean.,A2B
Adyar+Ananda+Bhavan+ +A2B,"Had dinner at Adyar Ananda Bhavan at Salem Railway Station. The outlet is clean, and the food and service were good. We ordered Ghee Roast, Pani Puri, Idly, Vada, Lime Juice, Tea, and Coffee. Everything was great except the Lime Juice, …",A2B
Adyar+Ananda+Bhavan+ +A2B,"A2B (Adyar Ananda Bhavan) -

A2B (Adyar Ananda Bhavan) at salem, railway station. Location is a popular spot …",A2B
Adyar+Ananda+Bhavan+ +A2B,For the cost and bill they charge the service they provide is absolutely miserable. You have to wait in queue even during regular hours and any item you order will arrive 30mins later. Considering the location of the hotel (Salem railway …,A2B
Adyar+Ananda+Bhavan+ +A2B,It's my honest review.myself and my grandmother who is a octogenerian are regular consumers..not only tasty but also  within  good standard followed .my grandmother who is a octogenerian loves the food.she consumes Chappathi instead of …,A2B
Adyar+Ananda+Bhavan+ +A2B,Worst service at 10am. No server to ask for food. Fight between servers as to who will serve which table and one table no one was ready to serve. That too when crowd was negligible. How are we supposed to know to not sit at table where we …,A2B
Adyar+Ananda+Bhavan+ +A2B,The food and hygiene is good. But price is so hight I pay ₹236 for single veg fried rice here. The price is not reasonable.,A2B
Adyar+Ananda+Bhavan+ +A2B,Waiter amutha interaction and service is good... Otherwise the dishes tasty but prices so high.... Down dining so conjusted....,A2B
Adyar+Ananda+Bhavan+ +A2B,"Food is good. But the management should train the service people service people to serve with smile & patience.  One tall, fair complexion table service staff is behaving very rude with tight face. Otherwise good.",A2B
Adyar+Ananda+Bhavan+ +A2B,"While waiting for your train's arrival, you can have some quick meal here..
Just connected to plateform number 1 at Salem railway station..
You can also get sweet & Bakery items..",A2B
Adyar+Ananda+Bhavan+ +A2B,"Coffee is excellent with aroma flavour
Thank you
Specifically mrs pappathi make such good & hospitality",A2B
Adyar+Ananda+Bhavan+ +A2B,Absolutely poor hygiene. Full of fly everywhere. One cannot eat with calm mind. Fly sitting everywhere. A2B cannot compromise on these basic things.,A2B
Adyar+Ananda+Bhavan+ +A2B,If you increase seating arrangement even more it will be easy to manage people during crowd.customer need not to wait for long time. …,A2B
Adyar+Ananda+Bhavan+ +A2B,"I got my food delivered to my train seat 🚆, which was super convenient. The meal was hot 🔥, and they provided a good amount of sambar and chutney. Loved the delivery service! 😋👍 …",A2B
Adyar+Ananda+Bhavan+ +A2B,Ac cooling is not enough very hot inside the dining it's 08:30 AM only and please keep tissue paper on dining table. No other complaints except this all thing was fine,A2B
Adyar+Ananda+Bhavan+ +A2B,"Had coffe here, it was the best coffee I've ever had.It instantly reduced my work stress",A2B
Adyar+Ananda+Bhavan+ +A2B,Perarasu his service is awesome actually his customer service is super and also i like the coffee very well thanks for good breakfast to give me....!!,A2B
Adyar+Ananda+Bhavan+ +A2B,"Excellent Service. Hygienic and clean. Sambar not hot. A.Amutha, excellent host.
Excellent experience for us.",A2B
Adyar+Ananda+Bhavan+ +A2B,"Very tasty n very good quality..customer service.is good...All items kalagand poli , medhu vadai n coffee are awesome taste. Fully satisfied..",A2B
Adyar+Ananda+Bhavan+ +A2B,"Service is good by Mr.Naresh, A2B is running because of these people.....and this is the reason I come to A2B in Salem near Junction. Keep it up to Mr.Naresh.",A2B
Adyar+Ananda+Bhavan+ +A2B,I loved all the aspects but the branch's assistant manager was siting in my table scrolling reels and stuff that was kinda disappointing and lacked privacy,A2B
Adyar+Ananda+Bhavan+ +A2B,"Gandhi sathiyavan- supervisor did perfect job !!
His service was very good and he was very polite in talking !!",A2B
Adyar+Ananda+Bhavan+ +A2B,"Service too bad, food average price but high,serving food in small plate,how can it possible to eat peacefully",A2B
Adyar+Ananda+Bhavan+ +A2B,The service was excellent as well the food. With good cleanliness and environment. Should try for family dining,A2B
Adyar+Ananda+Bhavan+ +A2B,"Pls keep the food items closed from dust  and houseflies.  It is common in all the hotels, so A2B is no different.",A2B
Adyar+Ananda+Bhavan+ +A2B,"Been a regular customer on weekends since 4 yrs , i feel there is no improvement in the time duration for order taking .Pls deploy more staffs",A2B
Adyar+Ananda+Bhavan+ +A2B,Amutha mam and other service providers are taking care of every one like a family member and providing the Best of service with smile and care .Best Wishes .Regards,A2B
Adyar+Ananda+Bhavan+ +A2B,"SERVICE FABULOUS
FOOD TASTE AND HEALTHY
CLEAN ATMOSPHERE",A2B
Adyar+Ananda+Bhavan+ +A2B,Great service by this branch and mr naresh was off great help he attended our table well great management.,A2B
Adyar+Ananda+Bhavan+ +A2B,The name of the staff annapoorani and nandhu in packing area have doing a great job and treating the customer in humble manner,A2B
Adyar+Ananda+Bhavan+ +A2B,"service provided by amudha was extremely good without any hesitation she bought too many cups of sambar, came with friends for a vacation enjoyed the food ambience and the service.",A2B
Adyar+Ananda+Bhavan+ +A2B,"Really good service, excellent hospitality. Great staff especially Gandhi satyavan",A2B
Adyar+Ananda+Bhavan+ +A2B,No attention to customer...very poor service.... working like part of railway body....flies are busy for eating our food before we do...,A2B
Adyar+Ananda+Bhavan+ +A2B,"This A2B restaurant is not even deserved to get one star. ZERO star.

Extremely disappointing experience at this restaurant last night. The service …",A2B
Adyar+Ananda+Bhavan+ +A2B,Stopped by A2B today for a family lunch and tried a bit of everything. The experience was consistent with the high standards they are known for. …,A2B
Adyar+Ananda+Bhavan+ +A2B,"Very poor service and management. I sat for 10 minutes and no one came to take my order. I finally had to go to the billing counter and inform them, and only then did a staff member come to take the order. It was a very disappointing …",A2B
Adyar+Ananda+Bhavan+ +A2B,"While the South Indian tiffins are impressive, their sambar is quite different from others. The North Indian items are only average, and their soups are poor and require immediate improvement.",A2B
Adyar+Ananda+Bhavan+ +A2B,"I got delivery through swiggy, food is good but packaging pickle pocket was inside, under chapathi, on the food. You can keep with papad pocket or tape outside the box. Will you wash that sachet  before put inside!? Simple things. Pls note.",A2B
Adyar+Ananda+Bhavan+ +A2B,"I had an amazing experience at Arayar Ananda Bhavan (A2B). During my visit, I didn’t even realize I had dropped my valuable silver ring in the wash basin. It was Mr. Dileep Kumar, from Bihar, who noticed it and kindly approached me with the …",A2B
Adyar+Ananda+Bhavan+ +A2B,"A2B Restaurant is quite decent overall. The parking facility is good and makes it easy to park, which is a plus. …",A2B
Adyar+Ananda+Bhavan+ +A2B,We recently had dinner here. Their atmosphere is fantastic. More spaces available so you can have food relaxed. And Ms. Durga’s approach towards customers is great.,A2B
Adyar+Ananda+Bhavan+ +A2B,"Complaint Regarding Poor Food Quality & Service – Baby Shower Catering Order.

I am writing to express my deep disappointment regarding the special lunch order …",A2B
Adyar+Ananda+Bhavan+ +A2B,"Visited Adyar Ananda Bhavan (A2B) after a couple of months, and honestly, the experience has slipped compared to earlier visits. The place didn’t feel as clean and tidy as it used to be—flies around and used plates/trolleys left unattended …",A2B
Adyar+Ananda+Bhavan+ +A2B,"This was our second visit to A2B (Adyar Ananda Bhavan), and once again, the experience was excellent! This is the perfect spot for vegetarian food lovers, living up to its famous name. …",A2B
Adyar+Ananda+Bhavan+ +A2B,This hotel is located in very good atmosphere but the service quality is very poor or more than worst. Waiters never come to your table and you literally need to drag them to place order. I felt like begging them to serve food though we pay …,A2B
Adyar+Ananda+Bhavan+ +A2B,Service was terrible. No water was offered till the end. Taste is just par. And the bill is 462!! Not worth the money,A2B
Adyar+Ananda+Bhavan+ +A2B,"We went for the lunch, food tastes and quality is good. We had veg dum briyani, pudhina gobi and  paneer briyani,,, it's a fine Family restaurant. We can enjoy our meal.. service by mownika is great.",A2B
Adyar+Ananda+Bhavan+ +A2B,"Nice place to have your breakfast, lunch and dinner. Vast parking area. Affordable price. Excellent service.",A2B
Adyar+Ananda+Bhavan+ +A2B,"The food, ambience, and service were all very good. Ample car parking is available, which is a big plus. The only minor drawback is that the road tends to be congested on weekdays. Other than that, I would strongly recommend this place for …",A2B
Adyar+Ananda+Bhavan+ +A2B,"Premium place for a relaxed dining.
You get that quality for what you pay.
Good food and relaxed dining experience with family …",A2B
Adyar+Ananda+Bhavan+ +A2B,Mugilini is such a sweet soul who served us. She has a smiling face. We just had 4 South Indian simple meals. It felt so good since she was so cordial and friendly. She served us whatever we wanted. Interacting with her was the highlight!! …,A2B
Adyar+Ananda+Bhavan+ +A2B,"Sorry to say,the food is of very bad quality and taste.
There is no salt in chutney
The glasses are having a very bad smell.
Not clean.",A2B
Adyar+Ananda+Bhavan+ +A2B,"This A2B  branch offered a fantastic dining experience with good service and a warm ambiance. The food was flavorful, beautifully presented especially masal dosai and many tiffin items.  Overall, a must-visit spot for anyone looking for a good breakfast and snacks.",A2B
Adyar+Ananda+Bhavan+ +A2B,"Surprisingly, good place..  I went on a Sunday… Food,  ambience and service were very good… lots of car parking place.. the only downside I can think of this. The road is congested during weekdays… but otherwise, I would strongly recommend this place for a vegetarian breakfast… for those who are living in Nolambur",A2B
Adyar+Ananda+Bhavan+ +A2B,"I ordered for mushroom masala and Basundi and Rasmalai. Mushroom masala mushroom Where smelling we cancel and we got the Dal immediately from them. Rotis were horrible. Worst experience. Even the Basundi Malai was spoiled the next day by mistake. I went here. Service and Staff, a very good.",A2B
Adyar+Ananda+Bhavan+ +A2B,"Today Visited the A2B branch at Ayanambakkam (near Vellammal School) today hoping for a good meal, but what we got was a complete let-down. We ordered chola poori and chilli parotta, and both dishes were totally unsatisfactory. …",A2B
Adyar+Ananda+Bhavan+ +A2B,"Adyar Anand Bhavan in Ayanambakkam is nearly 1 year old .We have visited many times for tea time snacks .Today we happen to drop for a midday meal A2B special lunch .Minimeals,curd rice soups lovely flavour drumsticks and millagu soup …",A2B
Adyar+Ananda+Bhavan+ +A2B,Never step in thinking like regular A2B - we were group of 12 people. The hotel was empty. The service teams wants to wait ua for 10 mins to allot a place and which they did with no coordination - food was not as per A2B standard - sambar …,A2B
Adyar+Ananda+Bhavan+ +A2B,We stepped in during late hours for dinner. Durga waited on us with a great smile. She managed to get all of the orders without making us wait for a longer time. I would definitely visit back especially to meet her again 🤪 …,A2B
Adyar+Ananda+Bhavan+ +A2B,Ms. Durga is very kind and polite with customers. She has served the food which we have order with a great love and passion towards her job. Candidates like Durga is highly appreciable for this job. Hats off to A2B for hiring such a good staff .,A2B
Adyar+Ananda+Bhavan+ +A2B,"We had a plate of Idli and coffee this morning.  The coffee taste was good, the three different chutney were ok and ok. …",A2B
Adyar+Ananda+Bhavan+ +A2B,"Food is really very good at affordable rates.

Mainly the reason to choose A2B is the toilets are very neat & clean. …",A2B
Adyar+Ananda+Bhavan+ +A2B,Good food .. good ambience ... Sometimes understaffed and take more time to serve,A2B
Adyar+Ananda+Bhavan+ +A2B,"It is famous for various types of veg meals, snacks and sweet dishes. South Indian and north Indian dishes are mainly available there. It has multiple outlets across the Chennai city.",A2B
Adyar+Ananda+Bhavan+ +A2B,P.visaali Parcel service was very nice this girl was very fast and quick paking of our order  rava idly is very tasty and very hygienic food and service this area is very comfortable and all variety item is available for any time and …,A2B
Adyar+Ananda+Bhavan+ +A2B,"We ordered food for a party. All arrangements were perfectly made by Mr selvakumar and miss durgadevi. Food was delicious and appreciated by all guests. thanks to a2b ayanambakkam, manthopu salai.",A2B
Adyar+Ananda+Bhavan+ +A2B,"The organiser Mr Jaswanth , Mr Yelumali
The best helping hands Miss Roja & Mr Gowari Shankar was soo dedicated service did for birthday function …",A2B
Adyar+Ananda+Bhavan+ +A2B,"No Ac
No service very late to take order
Food taste average …",A2B
Adyar+Ananda+Bhavan+ +A2B,"Quantity of food is very little only half bowl filled, not worth for Money",A2B
Adyar+Ananda+Bhavan+ +A2B,"I'm very glad of the  work of waiter  Durga's service. Her hospitality is very good.
Overall satisfied",A2B
Adyar+Ananda+Bhavan+ +A2B,Amazing service. Induja and Rajeshwari were kind and hospitable. Will recommend 100%,A2B
Adyar+Ananda+Bhavan+ +A2B,"It was a nice experience especially the coorg panner, I tried it for the first time and loved it and mounika was the one who served us... she's amazing !! Definitely recommended",A2B
Adyar+Ananda+Bhavan+ +A2B,"Found a worm inside the parotta/kurma I ordered today (11th Dec, 1:20 PM). Very poor hygiene. The supplier just said “sorry” and billed only for the chappathis. Extremely disappointed. This needs immediate attention from management.",A2B
Adyar+Ananda+Bhavan+ +A2B,"It's located on Moggappair west to Vanagaram road
The prices are different here
due to recent opening all products are highly placed …",A2B
Adyar+Ananda+Bhavan+ +A2B,Taste of the food was quite okay. Vegetable dum biryani was not even hot. Service done by waitress Durga is good overall. Has to improve a lot in taste of food. The signature touch of a2b is some where missing,A2B
Adyar+Ananda+Bhavan+ +A2B,The service was excellent. Waiter Durga so kind and helpful and surprisingly quick! Kuddos! Keep up the good work!,A2B
Adyar+Ananda+Bhavan+ +A2B,Had Mushroom tikka sizzlers with veg noodles served by Ms. Harini. Enjoyed the sizzler. Service is good.,A2B
Adyar+Ananda+Bhavan+ +A2B,"Excellent service! Durga was very polite, attentive and made our dining experience very comfortable. Thank you for the great hospitality!”",A2B
Adyar+Ananda+Bhavan+ +A2B,Surprise in the chutney and A2B response blank face...we'll done,A2B
Adyar+Ananda+Bhavan+ +A2B,Good Service.... Abinaya served the food fast and good behaviour....,A2B
Adyar+Ananda+Bhavan+ +A2B,"If you are looking for great food and service both together in come here. It is best place in Chennai. Staff is supportive.I want to highlight Ms Rishma  is wonderful, polite and supportive.",A2B
Adyar+Ananda+Bhavan+ +A2B,Mounika served us very well. Best customer service. And sizzler was good.,A2B
Adyar+Ananda+Bhavan+ +A2B,"We visited the A2B for our family dinner, the service was outstanding by your fellow staff R.Anushya. Keep up the great work. Thankyou for your wonderful service. We would love to visit again",A2B
Adyar+Ananda+Bhavan+ +A2B,"Had a wonderful breakfast experience at Adyar Ananda Bhavan (A2B). The food was fresh, delicious, and served hot. The dosa and idli were perfectly prepared, and the sambar and chutneys were very flavorful. …",A2B
Adyar+Ananda+Bhavan+ +A2B,"We are regulars here !

Undoubtedly best stop for pure veg hotel. …",A2B
Adyar+Ananda+Bhavan+ +A2B,I bought sweets from this Mallur-Salem. One of worst taste I had from A2B.the mixed sweet box all the sweets are dried and salty. Mysore Pak is 3rd grade and half baked.i could feel raw flour smell. We are paying double the price comparing …,A2B
Adyar+Ananda+Bhavan+ +A2B,"Visited this A2B for a quick meal, restaurant was completely fully, waiting for sometime to get a table,
tried chola poori and filter coffee, choola poori was good and coffee was …",A2B
Adyar+Ananda+Bhavan+ +A2B,Taste is good. Service was super . They have wide variety of foods available. Only issue here was price. It's very expensive.,A2B
Adyar+Ananda+Bhavan+ +A2B,"Pure veg food as A2B always known for.. Food was good and recommended for veg people.  Service can be improved,  short staffed - hence fewer people have to take orders and serve for multiple table causing slowness.",A2B
Adyar+Ananda+Bhavan+ +A2B,Sambar idly was good. Not an exceptional food quality but okay. Try Sambar dipped idly and it tastes good. Service was good if there are manageable crowd.,A2B
Adyar+Ananda+Bhavan+ +A2B,"Extremely disappointed with the service here. Three of us stopped by for dinner and ordered our meal along with coffee. Since we were all feeling quite cold and struggling with throat pain, we politely requested some hot water. …",A2B
Adyar+Ananda+Bhavan+ +A2B,Rasipuram highway A2B very rude to talk and they don't customer behaviour. May be verysoon  they make very lose in owners. We ate most of A2B. But today I saw suden changes in behavior in this A2B.,A2B
Adyar+Ananda+Bhavan+ +A2B,"Hotel was neat and clean overall, but the tumblers for drinking water were not very clean.
I ordered Dosa, Rava Dosa, Podi Onion Uthappam, and Poori – the food was super …",A2B
Adyar+Ananda+Bhavan+ +A2B,"A place for this who has no self respect
It's too crowded and one has to wait like beggars to get a seat. If you think crowd is cus of the greatness, nope, it's like many other places due to the hype …",A2B
Adyar+Ananda+Bhavan+ +A2B,"**⭐ 1/5 — A Complete Disgrace. Stay Away.**

**A2B Salem has completely destroyed its own reputation.** …",A2B
Adyar+Ananda+Bhavan+ +A2B,Well located by the Highway. We had north indian meals and it was very delicious. Havenot expected this in core Tamilnadu.,A2B
Adyar+Ananda+Bhavan+ +A2B,"Myself, visited your esteemed and high quality restaurant.As there was no seats inside, we were happened to Wait outside. Unfortunately,  there was no chair arrangement for the waiters, elderly people and patients. Those could not stand and …",A2B
Adyar+Ananda+Bhavan+ +A2B,"Food is really great. We ordered one South Indian meal, kadhai paneer, mix veg and tandoori rotis. All the dishes tasted delicious and as per the North indian tastebuds. The service is also fast and good. The server Priyadarshini understands Hindi and English and very helpful.",A2B
Adyar+Ananda+Bhavan+ +A2B,"We had a great experience at Adyar Ananda Bhavan, thanks to Ms. Kowsalya. She was very courteous, attentive, and ensured we were well taken care of throughout. Her service was prompt and professional, and she handled everything with a …",A2B
Adyar+Ananda+Bhavan+ +A2B,Food quality very good and hygienic. Muthukumar service was very nice,A2B
Adyar+Ananda+Bhavan+ +A2B,Worst restaurant with poor quality of foods. Still not sure why people are so crazy about this restaurant chain. Over hyped. We were ordered meals and variety rices for lunch. But the waiter said only special meals are available which costs …,A2B
Adyar+Ananda+Bhavan+ +A2B,"On your way to Kodaikanal, this is a very good stop, proper rest room, proper food with hygiene and also you can pack some more food also",A2B
Adyar+Ananda+Bhavan+ +A2B,"Mr Surya from A2B Rasipuram did a fantastic job in serving me with the customized food I want to have. He is fast, friendly and never turned his face throughout his service of help. Thank you.",A2B
Adyar+Ananda+Bhavan+ +A2B,Today morning we had breakfast. Quality of food is average. As per our Tamil tradition we should serve water first. Nowadays they never do that in almost all hotels. At least A2B management should give training to their staff on this issue. …,A2B
Adyar+Ananda+Bhavan+ +A2B,"Very good food, particularly south indian meals are very wholesome and filling.  Service is a notch lower majorly because of language issue. Otherwise perfect for food and refreshments.",A2B
Adyar+Ananda+Bhavan+ +A2B,The food was good. Mr.Muthukumar served us. V ordered for black tea. Initially it was not available later he informed us politely mam pls wait I'll make some arrangements n getvyu black tea. Chappathi v order was bit hard. It can b improved. Service was good..,A2B
Adyar+Ananda+Bhavan+ +A2B,Known for Veg Food. Good parking space. Rest room is neat and clean. 1st serve staffs were keen to take orders. But they did turn up again for the next order. I feel cost of Pongal is high as compare to other chain hotels in the town. …,A2B
Adyar+Ananda+Bhavan+ +A2B,Event hough coffee rate is high I love love coffee in a2b branch near rasipuram branch near attiyambatti.i always recommend to have coffee here.infact I have travelled here far from 10 lms daily for coffees. thanks to a2b for proving and providing best stress free coffee and environment.,A2B
Adyar+Ananda+Bhavan+ +A2B,Full of flys in the table asked manager about the flys he said because of sweet the flys are coming inside.This not the standard we expect from the A2B.It is bad hygiene.Management look into the issue and add one more door at the entrance to make double block.,A2B
Adyar+Ananda+Bhavan+ +A2B,"It's a busy Place heard it's a food chain popular in Tamil Nadu, often have to wait for the seats.
We we tried …",A2B
Adyar+Ananda+Bhavan+ +A2B,"A great spot for vegetarian food along this route. Tamilarasi was extremely kind and attentive, which made the dining experience even better. Highly recommended!",A2B
Adyar+Ananda+Bhavan+ +A2B,Limited food options around 10:30ish. But the service is good.,A2B
Adyar+Ananda+Bhavan+ +A2B,"The restaurant's small size is problematic. 👎 During busy periods, managing the crowd is ineffective, compromising service quality. 😔 Additional seating and staff are necessary, particularly on weekends and holidays. 🍽️ The atmosphere is unappealing. …",A2B
Adyar+Ananda+Bhavan+ +A2B,"The food is good. Kausalya served us, she was friendly.
The cleanliness can be bettered, especially in the washroom and hand wash area, given the premium they charge for the food. 3 star for value of money.",A2B
Adyar+Ananda+Bhavan+ +A2B,"Staffing Behaviour is Good
Perfect stop during early morning ride. Clean place good coffee and tasty breakfast 👌 …",A2B
Adyar+Ananda+Bhavan+ +A2B,"The service was quick
Well maintained like other outlets. …",A2B
Adyar+Ananda+Bhavan+ +A2B,"100/- Masalapuri
40/- Coffee
60/- Panipuri …",A2B
Adyar+Ananda+Bhavan+ +A2B,"A2B always gives a pleasant experience. The food was served quickly after ordering, and even the non-regular items didn’t take much time to arrive. The ambience was nice and calm, not too noisy. …",A2B
Adyar+Ananda+Bhavan+ +A2B,"Filled Our Hearts!!
We ordered mini meals, South-Indian thali & some rotis for lunch. A very gracious waitstaff named Tamizh akka served us with bright smile & genuine care & thus made the meal taste sooo divine. Thankyou A2B & Love U always❤️❤️",A2B
Adyar+Ananda+Bhavan+ +A2B,"It's wonderful veg restaurant in the NH road , if you want to have a good breakfast then plz visit before 10.30 Am , unless most of the items will be over and you have eat without choices , sweets and savouries  also available but plz check twice before you purchase because unknowningly we bought some old items which is spoiled already",A2B
Adyar+Ananda+Bhavan+ +A2B,"Very popular for highway Travellers.
All vegetarian food. We have ordered south Indian lunch",A2B
Adyar+Ananda+Bhavan+ +A2B,"Revisited in July 2024

They have two  Electric Vehicles (EV) charging stations available at this A2B …",A2B
Adyar+Ananda+Bhavan+ +A2B,"Good place to stop on a highway for a break. Has variety of options to munch. Restrooms are clean, they have EV charging facility as well.",A2B
Adyar+Ananda+Bhavan+ +A2B,"Best spot for food on the way towards Salem or Dindigul.
We visited this hotel during dinner time around 10.00PM. Even at that time the hotel is with full of customers. …",A2B
Adyar+Ananda+Bhavan+ +A2B,"Had mini idlis and Dosa n they were delicious 😋
They had sweets n biscuits n other snacks available to buy …",A2B
Adyar+Ananda+Bhavan+ +A2B,"Pathetic restroom with no drainage on the floor.

Waiters pushing expensive food. Discouraging to order full South Indian meal at 1:20 pm and pushing mini meal with no price difference.",A2B
Adyar+Ananda+Bhavan+ +A2B,"Excellent spot for breakfast on an early morning ride out of Bangalore towards the SOUTH 👌🏼😋
Located on a quiet stretch of national highway surrounded by hills and greenery. …",A2B
Adyar+Ananda+Bhavan+ +A2B,"I'm absolutely delighted with your service! The team was efficient, friendly, and ensured every detail was handled perfectly. Highly recommended!""Go and eat with A2B.(The name of service women is UMA). Thank you A2B😍. …",A2B
Adyar+Ananda+Bhavan+ +A2B,"# Good customer service.
# Just in the National Highways.
# Variety of vegetarian food items available. …",A2B
Adyar+Ananda+Bhavan+ +A2B,"Very worst Experience,When ever i will go i will preferred to A2B but here no service and waste of time to sitting in the table no one should attend to ast what we need waste of time to sit in this mallur A2B,They did in put water after waiting 10 min in table",A2B
Adyar+Ananda+Bhavan+ +A2B,"A2B Rasipuram offers a pleasant dining experience with a nice ambience and clean, well-maintained washrooms, reflecting good hygiene standards. The service was prompt and courteous, with Ms. Ramya Perumal attending efficiently and …",A2B
Adyar+Ananda+Bhavan+ +A2B,"We went for lunch, and the place was extremely crowded. Only three service staff were handling over 50 guests, which led to long delays. We ordered a simple dish but had to wait for more than 30 minutes. The management should focus on improving the service staff allocation to handle peak hours efficiently.",A2B
Adyar+Ananda+Bhavan+ +A2B,Muthu kumaran did a great job in serving and delivering the food,A2B
Adyar+Ananda+Bhavan+ +A2B,"We were a group of 13 devotees traveling from Chennai, and after searching in Google for a pure vegetarian restaurant, we chose this A2B outlet for our lunch. Unfortunately, our experience was far from satisfactory. …",A2B
Adyar+Ananda+Bhavan+ +A2B,"""This vegetarian restaurant is impressively clean and neat. The interior design and the standard of hygiene maintained here are truly commendable. However, the taste of the food was not that great, which was disappointing. Additionally, the …",A2B
Adyar+Ananda+Bhavan+ +A2B,"Visited A2B Thillai Nagar, Trichy (Karur bypass road). One of the worst waiter, they have. We are genuinely regular customer who spent 45 minutes travel to consume the hotel's food. This one particular waiter, The way he asks about orders …",A2B
Adyar+Ananda+Bhavan+ +A2B,"Restaurant is clean and ambience is good.
Since I had been gone to the hotel in the peak hours the services was little delayed. …",A2B
Adyar+Ananda+Bhavan+ +A2B,We are regular customers of Adyar Ananda Bhavan (A2B) in Bangalore and often visit or order online. It has always been one of our favorite places. …,A2B
Adyar+Ananda+Bhavan+ +A2B,We had been to Adyar Ananda Bhavan A2B. Food was really amazing. We wanted to buy sweets and savouries. And Sri. Paneer selvam Sir was at the counter to guide us. Thank you Sir for your perfect packing and service. There were plenty of …,A2B
Adyar+Ananda+Bhavan+ +A2B,"A2B at trichy was just amazing! We had plain dosa, rava onion masala, rava dosas  and chilli Parotta was absolutely awesome! Veeramani was our waiter ans he was super awesome, pleasing and took good care of my family! I will come back to A2B again",A2B
Adyar+Ananda+Bhavan+ +A2B,"Not what you expect from a2b.
The oothappam and idly was good.
Bhelpuri and coffee where good. …",A2B
Adyar+Ananda+Bhavan+ +A2B,"The serving pattern for chat items is not comfortable.  The food spills away

We ordered pav bhaji and got the shock of our life....bhai in a small chutney …",A2B
Adyar+Ananda+Bhavan+ +A2B,Food as always is so wonderful and in this outlet near trichy One of the lady called Jayanthi in the restaurant is one of the swing lady who was helping to server food on time and being so kind. Thank you,A2B
Adyar+Ananda+Bhavan+ +A2B,"Had a great dining experience at A2B, Trichy Annamalai Nagar. The food was fresh, tasty, and up to A2B’s usual quality standards especially the South Indian dishes. What really stood out was the service. Leo handled us wonderfully very …",A2B
Adyar+Ananda+Bhavan+ +A2B,This is the only A2B I know to have the best quality rasmalai. Would recommend pav bhaji and panipuri as a evening snack. Ghee roast is the best here. Service here is good. Plenty of parking available.,A2B
Adyar+Ananda+Bhavan+ +A2B,Lots of options for Sweets and Snacks. Excellent sweet stall! The sweets were very fresh and incredibly tasty. Highly recommended for anyone with a sweet tooth!,A2B
Adyar+Ananda+Bhavan+ +A2B,"Very disappointing experience. The tables were dirty when we walked in, with leftover crumbs and stains clearly visible. When we asked the staff to clean the table, the person who came showed a very rude attitude, banging the cups and …",A2B
Adyar+Ananda+Bhavan+ +A2B,"This restaurant is really nice in India. I hope I can go back again soon!

Staff Leo is super helpful!",A2B
Adyar+Ananda+Bhavan+ +A2B,"Visited A2B recently and it was quite disappointing. The Mushroom 65 was overly oily, and the mini meals lacked flavor – especially the cabbage poriyal and the Kesari dessert, which were both underwhelming. The only saving grace was the …",A2B
Adyar+Ananda+Bhavan+ +A2B,Nowadays A2B are very worst in food and service.We ordered Special Meals and Pani puri.Pani puri was very bad the rasam in the poori was higher turmeric not good to eat we kept away.And the meals was bad with not proper …,A2B
Adyar+Ananda+Bhavan+ +A2B,"My family which is basically from Chennai, came to Srirangam for a temple visit today and based on the experience of Chennai A2B hotels,  selected this restaurant and drove all the way. While the ambiencewas good, but we were quite …",A2B
Adyar+Ananda+Bhavan+ +A2B,Nice food..excellent service of  Mme Jansi.. but the manager was talking loudly..,A2B
Adyar+Ananda+Bhavan+ +A2B,"I turned up at rush hour in the morning while I was on my way to catch my flight. But Latha's service and attentiveness to my preferences were exceptional. Moreover, while I had issues with payment, the cashier was very patient and looking for solutions. I’ll visit again.",A2B
Adyar+Ananda+Bhavan+ +A2B,"We've been to A2B so many times and have found their service disappointing- improper response from the waiters, and so on. But only this time did we get to be served by one waiter called Ms. Valli, whose service was very good. She was polite, and patient enough to take and provide us with our orders.",A2B
Adyar+Ananda+Bhavan+ +A2B,"If you are in Trichy and looking for a perfect spot to enjoy authentic South Indian vegetarian food with a modern touch, Adyar Ananda Bhavan (A2B) is without doubt one of the best places to visit. The moment you step into the restaurant, …",A2B
Adyar+Ananda+Bhavan+ +A2B,Food was absolutely fantastic. Felt each and every curry has its own taste. High standard but service need to improved. One person cannot handle 4 table at a time especially during peak lunch time.,A2B
Adyar+Ananda+Bhavan+ +A2B,Went for dinner on 09-05-26. Every item we ordered is served chilled. Not even sambar was hot. Very much delay for each item. Even the dishes taste got degraded.,A2B
Adyar+Ananda+Bhavan+ +A2B,"Dear A2B Team,

I'm disappointed with the service at this branch. Despite arriving first, I was …",A2B
Adyar+Ananda+Bhavan+ +A2B,"The food and service were Good, but I recommend focusing more on crowd management to improve the guest experience. A special mention to Ms. Sathya, who is doing a wonderful job in her role",A2B
Adyar+Ananda+Bhavan+ +A2B,Service by Mr Leo was Exceptional as usual. The reason for coming back for our Group and Family Get togethers at A2B always is because of good food and excellent Service. Extremely Happy,A2B
Adyar+Ananda+Bhavan+ +A2B,"We had a wonderful experience at A2B Restaurant thanks to the excellent service provided by Mr. Leo and his team. They were polite, attentive, and ensured everything was well taken care of throughout our visit. The service was quick, …",A2B
Adyar+Ananda+Bhavan+ +A2B,"It's a very worst experience for me at A2B for the first time.
I & my son take our sheat at table number 26(4pm @ 04.10.2025)
for a long time no one attended us for orders. …",A2B
Adyar+Ananda+Bhavan+ +A2B,"The service here is very supportive — the staff is courteous, attentive, and always ready to help. Truly appreciate their hospitality.
I am thoroughly enjoying the South Indian cuisine — the flavors are authentic, …",A2B
Adyar+Ananda+Bhavan+ +A2B,Hi.. I have ordered Idly in this restaurant 7.57 PM ... There is no response almost for 1 hr .. and also.. I have cancelled the order they have not refunded my amount... They have charged... The full amount... I this too unfair... Time …,A2B
Adyar+Ananda+Bhavan+ +A2B,"Today we go there by 4pm. We had bad experience in this place

They are not ready to give even menu also only 3 options parotta chappathi and …",A2B
Adyar+Ananda+Bhavan+ +A2B,"We had received quotations from many top restaurants, but after meeting Mr. Leo the day before the event, we were truly impressed — he made everything so effortless. The food was excellent, and the service was outstanding. Mr. Leo was very courteous and stayed with us until we left the restaurant, ensuring everything went smoothly.",A2B
Adyar+Ananda+Bhavan+ +A2B,I had wonderful food specially the veggie sandwich was really made well. The staff also very efficient. We were served by Veeramani who was really patient and curteous. …,A2B
Adyar+Ananda+Bhavan+ +A2B,"No one came to take order even after waiting for 15 mins.

Worst A2B hotel branch I have ever visited. …",A2B
Adyar+Ananda+Bhavan+ +A2B,"""I am writing to express my disappointment regarding the service at your restaurant during my recent visit. We waited for more than half an hour after being seated, but no staff member came to take our food order, even though we tried to …",A2B
Adyar+Ananda+Bhavan+ +A2B,Sir we ate in A2b Anand Bhavan in trichy ….here your supervisor Leo is so nice and welcoming ..we had good lunch because of him….requesting you to lunch  one branch in Hyderabad Telangana,A2B
Adyar+Ananda+Bhavan+ +A2B,Service was good. Quality of food better than most other restaurants. Price reasonable,A2B
Adyar+Ananda+Bhavan+ +A2B,Ms.Jancy Rani akka excellent service. She's smiling face with each & every mints. She's done a great job. Keep it up akka. Thank you for your service akkka. Gud luck 💐💐💐 …,A2B
Adyar+Ananda+Bhavan+ +A2B,"Mr.Veeramani was excellent in his service and very attentive, overall the restaurent is in easy location and good cozy environment",A2B
Adyar+Ananda+Bhavan+ +A2B,"Today’s dinner from A2B was good. The service, in particular, was excellent.
Ms. Jhansirani provided service with a pleasant smile throughout, and we sincerely appreciate her efforts. …",A2B
Adyar+Ananda+Bhavan+ +A2B,"Located near Megastar Theater...
Parking available...
Taste is good... …",A2B
Adyar+Ananda+Bhavan+ +A2B,"I have to give zero star only. Very worst and Poor service.
We have waited almost 30 mins and the server said We have to wait till the other table bill is closed due to the shortage of chef. …",A2B
Adyar+Ananda+Bhavan+ +A2B,"Adyar ananda bhavan hotel is best for quality, taste and service. They maintain the hotel hygienically good. You will have quality time when you visit. But peak hours crowd is unavoidable. That time you can't do anything but wait for your turn.",A2B
Adyar+Ananda+Bhavan+ +A2B,"I had mini meals and Panner tikka. I won't suggest this place for quick bite.
mini meals - 4/5
Paneer tikka - 4/5 …",A2B
Adyar+Ananda+Bhavan+ +A2B,"From the past 2 times, the order they sent is totally spilled. They can't afford a simple cello tape to seal the order. Don't recommend at all. No taste. And even they can't accept the mistake. Their manager is worst in all of them.",A2B
Adyar+Ananda+Bhavan+ +A2B,Worst and worst service ever in trichy.  One tall man so called supervisor showing attitude and not customer friendly. Staffs here are so lethargic and we came out without eating food.. We nearly waited 30mins in the table. And they didn't …,A2B
Adyar+Ananda+Bhavan+ +A2B,Felt very pleased with the service especially Ms Ramaii and Mr.Leo. Kudos to them and give them a raise. Food was very nice as well,A2B
Adyar+Ananda+Bhavan+ +A2B,"The service is good, the waiter is very active and listening and taking order nicely. The food is overpriced and quality of food just ok",A2B
Adyar+Ananda+Bhavan+ +A2B,"A decent restaurant..Food was delicious..I recommend 😊

Tried below items …",A2B
Adyar+Ananda+Bhavan+ +A2B,"Adyar Ananda Bhavan,  Gopalapuram, Coimbatore is always extremely busy as it is located just opposite the railway station. Despite the heavy crowd and constant rush, the place is very well maintained. The cleanliness, quick service, and …",A2B
Adyar+Ananda+Bhavan+ +A2B,Wonderful place for tourists like me… serving little slow… economical prices… taste wonderful.. must come,A2B
Adyar+Ananda+Bhavan+ +A2B,"A good popular Pure Veg restaurant having many branches throughout in Tamil Nadu. This particular outlet is located near Coimbatore Railway station. Had visited a couple of times for having meals and the food was good. The restaurant is A/C and the staff were attentive, helpful and friendly. (Jan 2026)",A2B
Adyar+Ananda+Bhavan+ +A2B,This A2B has lesser products than the A2B in Chennai.  Food was the small quality.  The atmosphere was more cramped because it was close to the railway station.,A2B
Adyar+Ananda+Bhavan+ +A2B,Ponnammal attended us. She served very well. We loved the ambience.,A2B
Adyar+Ananda+Bhavan+ +A2B,One of the best hotels near Coimbatore railway station. Food options would be limited if you visit this place at closing time (11 PM). But everytime the food quality at A2B is top notch.,A2B
Adyar+Ananda+Bhavan+ +A2B,"A2B Adyar Anand Bhavan Coimbatore is one of The best vegetarian restaurant serving tasty food. Excellent service.
Recommending the following …",A2B
Adyar+Ananda+Bhavan+ +A2B,"A2B Near Railway Station - Review

This small A2B outlet has a convenient location near the railway station, but …",A2B
Adyar+Ananda+Bhavan+ +A2B,"I usually don’t prefer to give negative reviews, but my experience here was very disappointing. I visited this place with my team of 6 people during our trip. Even though there were empty tables available, the staff did not allow us to sit …",A2B
Adyar+Ananda+Bhavan+ +A2B,Worst Service and customer service... The Waiter will treats us like beggars.. They served the food which was not ordered by us and argued with us.. Then the waiters will inform sir they amount ll be charged in our salary.. After that we …,A2B
Adyar+Ananda+Bhavan+ +A2B,"I recently visited A2B with a colleague, hoping for a simple and relaxing outing. Like most people, we chose the restaurant not just for the food, but to spend some quality time together—chatting, unwinding, and taking a break from our …",A2B
Adyar+Ananda+Bhavan+ +A2B,"A2B - Adyar Ananda Bhavan is my go-to place for sweets and tiffin. The sweets are always fresh, rich in taste, and consistently good, while the tiffin items are hygienic, satisfying, and perfect any time of the day. A reliable spot for classic South Indian food and traditional treats!",A2B
Adyar+Ananda+Bhavan+ +A2B,"Today, I visited this restaurant for dinner and planned to buy some sweets afterward. My phone battery was almost drained, so I asked a waiter (he was new, had no uniform, and seemed quite polite) if I could charge my phone for a couple of …",A2B
Adyar+Ananda+Bhavan+ +A2B,"Sambar rice was good, tasty.
Attenders very few, getting late. Peak hours should arrange accordingly since many are travelling by train and would expect immediate service. …",A2B
Adyar+Ananda+Bhavan+ +A2B,Well if you are visiting TN and don't enter one of these A2B branches then who will know that you have been to TN? …,A2B
Adyar+Ananda+Bhavan+ +A2B,"I ordered a simple meal of two curd rice portions via Swiggy, and it was a complete letdown. No pickles or papad, just an insufficient portion of beetroot poriyal which was also tasted ghastly. The whole experience was quite disappointing.",A2B
Adyar+Ananda+Bhavan+ +A2B,"A2B is a great brand, whenever I think of a vegetarian restaurant ,A2B will be my first preference, but this is not one of them. …",A2B
Adyar+Ananda+Bhavan+ +A2B,I visited this restaurant of A2B with my pleasant experience on other A2B outlets primarily around Bangalore. I am sad to say I was truly disappointed with the service recieved. Nobody came to take order in 20-25 mins. They were just …,A2B
Adyar+Ananda+Bhavan+ +A2B,What a beautiful service and authentic south indian dishes.. little bit expensive but worth it. …,A2B
Adyar+Ananda+Bhavan+ +A2B,"Good veg hotel.
Very crowded around 9 pm coz of very less seats.
Food is okay but bit of a costly side though. …",A2B
Adyar+Ananda+Bhavan+ +A2B,Adyar Ananda Bhavan in Coimbatore is an absolute gem for those seeking authentic and delicious South Indian cuisine. …,A2B
Adyar+Ananda+Bhavan+ +A2B,"Vegitable items are poor , only rasam , curd and rice are just good",A2B
Adyar+Ananda+Bhavan+ +A2B,"We visited this hotel few days back.
We ordered food. Four people came and took the order. It's time for the train. They served food very late. The taste of the food was good. But they delivered it late.",A2B
Adyar+Ananda+Bhavan+ +A2B,"First tried pani puri here so that we could plan the dinner but completely disappointed. What a rubbish and third class pani puri I got. I would get better on the road side side. Never had such worst pani puri. What is this non sense @a2b
Water leaking from all the puris.",A2B
Adyar+Ananda+Bhavan+ +A2B,Very much disappointed being ar an a2b outlet like this.  Surely this is an extremely low standard outlet and must be avoided. The staff behave as the customer is a begger at their mercy. No one responsible at this outlet and the supervisor …,A2B
Adyar+Ananda+Bhavan+ +A2B,Wonderful Food. Best Veg Restaurant in Coimbatore in reasonable price. Also air conditioning is there. South Indian and North Indian delicious food available here. And their collections of Sweets is also good. Highly recommended,A2B
Adyar+Ananda+Bhavan+ +A2B,"Whenever we travel by train or visit the railway station, we often stop at this place. The food is tasty and of good quality. There can be a short wait, but it is worth it for a nice South Indian meal while travelling.",A2B
Adyar+Ananda+Bhavan+ +A2B,"Awesome food provided here. I tried mixed grilled sandwich, just loved the taste. Best in Coimbatore I would say. Noodle was also very good, can be better. Paanipoori at reasonable rates. 6 pieces for 50 rupees only. Overall loved this …",A2B
Adyar+Ananda+Bhavan+ +A2B,"One of the best veg restaurant available near the coimbatore railway station.Very clean and hygienic place.Table service is done mostly by waitresses which is really amazing.Mostly crowded all the time,especially during the lunch and …",A2B
Adyar+Ananda+Bhavan+ +A2B,"The best place for breakfast lunch and dinner!!! Highly recommend their special ghee roast masala dosa, podi masala dosa and the famous filter coffee! Absolutely mesmerising food and very kind staff!",A2B
Adyar+Ananda+Bhavan+ +A2B,The food was good. They had chats as well as sweets. A nice place for couples to have dinner. They had north Indian cuisine as well. The place looked clean. The hotel has a good view of the road. You have to go up the steps to get inside. …,A2B
Adyar+Ananda+Bhavan+ +A2B,"The outlet is least bothered about the customer oriented services. No staff attended unless and until you ask for it.  No water served, no menu card and the staff, who employed do not understand the local language clearly. The brand may be in the thought that their brand is well established and the care is no more required for them",A2B
Adyar+Ananda+Bhavan+ +A2B,Vada was super fresh and crispy. Dosa with ground oil was so crispy and super thin. Compared to Chennai the food is so good in coimbatore.,A2B
Adyar+Ananda+Bhavan+ +A2B,"Worst experience ever in life.
They treat customers like dog.
Bad food test.. mere ever go there specially who want good food and family …",A2B
Adyar+Ananda+Bhavan+ +A2B,"We indulged in authentic South Indian delicacies like dosa, idli, and medu vada on our first day traveling from Coimbatore to Coonoor. The breakfast, which starts early and is conveniently close to the Coimbatore railway station, didn't …",A2B
Adyar+Ananda+Bhavan+ +A2B,Charging heavy for the basic food using brand tag. It’s in walkable distance to Coimbatore railway station go only if you have no other option,A2B
Adyar+Ananda+Bhavan+ +A2B,"Whatever you ask from Menu is unavailable,  it's Saturday night and 2100 hrs, there is no lassi or any curd item, no masala dosa, no poori baaji, no falooda,  waiter unfriendly and poor management.  Better to visit alternate Veg restaurants like Anandhas",A2B
Adyar+Ananda+Bhavan+ +A2B,The best in class experience of Authentic South Indian food at a walkable distance from Coimbatore Junction railway station. Good service. Sweets also available.,A2B
Adyar+Ananda+Bhavan+ +A2B,ASKED FOR VARIETY RICE AND REPLIED WITH CURD AND SAMBAR RICE . AND SHE TOLD THERE IS VEGETABLE  BIRIYANI WHICH WAS 3 TIMES EXPENSIVE  THAN THE ABOVE SAID VARIETY RICE. TRY TO IMPROVE BY INFORMING ABOUT the dishes and keep the menu card compulsory on every table.,A2B
Adyar+Ananda+Bhavan+ +A2B,Ate Vadai. Rate is too high. Two vadais in other hotels including coffe is 99 Rs. Here it is ! 145Rs. Suggest to reduce...,A2B
Adyar+Ananda+Bhavan+ +A2B,Worst service here with Service staff behaviour needs improvement. We come here to eat quality food with pleasant experience but staff behaviour here made not to touch the food after paying the bill.,A2B
Adyar+Ananda+Bhavan+ +A2B,"The food was extremely disappointing—both in taste and quality. It felt as though they were serving free meals, with no regard for customer satisfaction or basic standards and not worth for money. The staff’s attitude also worst.  I wouldn’t recommend this place to anyone looking for a decent meal or respectful service.",A2B
Adyar+Ananda+Bhavan+ +A2B,"Very bad experience. Service was really bad...
I placed my order in 5 minutes they asked me what I wanted. Even after waiting 30 minutes wait, they came back and asked me to order again...🙄  i ordered Rava dosai but the food was very cold... …",A2B
Adyar+Ananda+Bhavan+ +A2B,"Service staffs are very worst, they don’t allow 6 of us in a family to sit together . They don’t behave politely. Rude answers . Too much waiting time , when no customers there .",A2B
Adyar+Ananda+Bhavan+ +A2B,"Air curtains not working , too of mosquitoes entering. Wash basin place not cleaned, it's a dumping area. Cleanliness and odor too much.",A2B
Adyar+Ananda+Bhavan+ +A2B,Very good place to have evening light snacks here. .and also taste is very good. .they are having more choice of food. . Nice. .,A2B
Adyar+Ananda+Bhavan+ +A2B,"Good Restaurant just walking distance from Coimbatore Railway Station.
Has a variety of food to offer from package snacks own branding to À la Carte.
Token system for snacks but if you are having Lunch or Dinner order from table …",A2B
Adyar+Ananda+Bhavan+ +A2B,"It is just 09.00pm and a Hotel near Railway Station which needs to serve floating passengers continuously finds difficult to serve any steam cooked food items, including idli",A2B
Adyar+Ananda+Bhavan+ +A2B,Very nice and hygienic food is to be served.....All the staffs are very kind ....,A2B
Adyar+Ananda+Bhavan+ +A2B,Worst watery coffee. No taste and no value for money.,A2B
Adyar+Ananda+Bhavan+ +A2B,"If you have more money to spend on useless, irritating things, then go to this particular A2B outlet in Vikravandi toll plaza and get served liked crap by spending loads of money on the very mediocre, less quantity food. The outlet is a ragebait for people who expect dignity in food services and value for money.",A2B
Adyar+Ananda+Bhavan+ +A2B,One of the cleanest restaurant chain in Tamil Nadu. The location has other options like kulfi house and a party hall. The location has a huge parking space and the restrooms are very clean. I think the location got opened recently ( a year …,A2B
Adyar+Ananda+Bhavan+ +A2B,"Ensured that i wanted to stop here since i have stopped this in my previous trips..
Ample parking space, quick service, neat place and quality food is hallmark.. …",A2B
Adyar+Ananda+Bhavan+ +A2B,"South Indian meals was good and tasty. Veg Pulao taste was good, but very oily. Sweet is not fresh. Filter Coffee and tea was good. Pista and black currant scoup ice cream was fresh and good. Chapati and paneer fried rice was good. They …",A2B
Adyar+Ananda+Bhavan+ +A2B,"Another A2B. Same quality and taste. Sweets and snacks available. Tried few items like bonda, Vada and coffee. All were having authentic taste. Spacious car parking with dedicated parking space. EV charging station is available within the property. Well maintained restrooms is a plus point.",A2B
Adyar+Ananda+Bhavan+ +A2B,"This place has been opened recently and it's fantastic. Excellent hygiene, restrooms are super clean. Staff were very good and food was exceptionally tasty. I had the North Indian Thali at about 1.45 pm in the afternoon. It was amazing, the …",A2B
Adyar+Ananda+Bhavan+ +A2B,"Very pleasant Restaurant to Dine in in the Tiruchirapalli Chennai National Highways.......
Neat and Hygiene Dinein …",A2B
Adyar+Ananda+Bhavan+ +A2B,Ample Car Parking. After a long drive we can relax there . Kids can roam and play. Wash room are available. Food quality same as other food outlets of Adyar ananda bhavan. Sweets varities are less when compared to other outlet. Good service and Courteous Staff,A2B
Adyar+Ananda+Bhavan+ +A2B,"Excellent hotel A2B near Tindivanam.
It's on the highway from Tindivanam to Achchirupakkam.
Just 10 feet inside the highway. …",A2B
Adyar+Ananda+Bhavan+ +A2B,New one ..Good.. taste is as usual .. dining space is not enough to access.. conjusted too . They should have  concentrate in designing... Area not used in proper way.. rest rooms are good ..,A2B
Adyar+Ananda+Bhavan+ +A2B,"As usual best of South indian,  North indian and Chinese with add one like ice cream & shakes. Quality backed by excellent service is their forte. Even on highways they maintain the same standards as their city outlets.",A2B
Adyar+Ananda+Bhavan+ +A2B,"Closing time 11, but by 9.30 itself nothing is there except dosa and idly. Idly  some how okay but dosa full of oil, not even near to A2B taste, even some small hotel have the best of taste",A2B
Adyar+Ananda+Bhavan+ +A2B,"EV fast charging port unit available..sweet and tea coffee .. bonda.. break fast , lunch and dinner available.. …",A2B
Adyar+Ananda+Bhavan+ +A2B,A simple yet heart warming South Indian vegetarian thali/ meal. The service was warm the waiters kept asking if we wanted refill. Clean and hygienic rest rooms were definitely impressive.,A2B
Adyar+Ananda+Bhavan+ +A2B,Very well maintained restaurant .... food items are tasty like standard taste Well maintained wash rooms and ample parking as it's on highway. Good service,A2B
Adyar+Ananda+Bhavan+ +A2B,"Good, Located near highway 🛣 in villupuram to Chennai.

A big Hotel, nice people. they serve very respectfully. …",A2B
Adyar+Ananda+Bhavan+ +A2B,I guess this is the new A2B in Olakkur on the Highway.Looks very posh with lot of parking space and clean toilets but the food items seems to be very expensive. …,A2B
Adyar+Ananda+Bhavan+ +A2B,"Adyar Ananda Bhavan (A2B) offers a wide range of South Indian dishes that are flavorful and authentic. Their menu includes dosas, idlis, vadas, and various types of rice dishes like pulao and biryani. The quality of food is generally …",A2B
Adyar+Ananda+Bhavan+ +A2B,All Zeon chargers can be trusted with an awesome customer service. It works flawlessly. Very well located and a2b food will never disappoint you. Food was delicious. …,A2B
Adyar+Ananda+Bhavan+ +A2B,Newly opened A2b. Food was ok and well maintained place looks really neat and clean. Due to covid no dine in. Took parcel and had it in car. Restroom is good.,A2B
Adyar+Ananda+Bhavan+ +A2B,The same layout of all A2B shops. Huge parking space. The restrooms are not well kept and common for all the shops in the complex. U have to walk a lot to reach the restroom. Dry service. No attention to detail.  The place was also smelling of mop when we came.,A2B
Adyar+Ananda+Bhavan+ +A2B,Worst experience. Ordered 2 watermelon juice and both my daughter's vomited,A2B
Adyar+Ananda+Bhavan+ +A2B,Poor service. The supervisors are busy in arranging the tables and chairs than serving the people. Please avoid these kind of places. We all are fooled by the name. Food is good but can't enjoy because of all the things you have to do to …,A2B
Adyar+Ananda+Bhavan+ +A2B,Very good vegetarian restaurant on National Highway dindigal .... Electric charging facility available in parking lot for those are required vehicle charging... overall good restaurant,A2B
Adyar+Ananda+Bhavan+ +A2B,Mini meals pakka..it is more than enough for lunch instead of full meal.juices are so fresh and yummy. …,A2B
Adyar+Ananda+Bhavan+ +A2B,Very big restaurant in the Vikravandi chennai road.  Usual A2B food standards and taste. Good service by the team.  Sweets and savouries section and juice section is also there. …,A2B
Adyar+Ananda+Bhavan+ +A2B,"Food is tasty but we found the small plastic in dosa which is very sharp, we are not expecting this from here.",A2B
Adyar+Ananda+Bhavan+ +A2B,Good Hotel. Very good customer satisfaction. Nice taste. All variety is available,A2B
Adyar+Ananda+Bhavan+ +A2B,"Hotel Adyar Ananda Bhavan is a well-known vegetarian restaurant chain in India. They have a branch in Villupuram, which is conveniently located on the Chennai-Tiruchy Highway. The restaurant has ample parking space for cars and is easily …",A2B
Adyar+Ananda+Bhavan+ +A2B,"Good food..Good parking area,, hygienic washroom and toilets, best place to visit while having a long journey",A2B
Adyar+Ananda+Bhavan+ +A2B,New A2B between Tindivanam and Chennai. Nice parking place. And here you've Electric vehicle charge station too.,A2B
Adyar+Ananda+Bhavan+ +A2B,"Excellent hotel A2B near Tindivanam.
It's on the highway from Tindivanam to Achchirupakkam.
Nice car parking. …",A2B
Adyar+Ananda+Bhavan+ +A2B,"Just wow ....🤩💥❤️‍🔥One of the best thing is neat and clean toilet, and good parking facilities. …",A2B
Adyar+Ananda+Bhavan+ +A2B,"It's a highway restaurant so mostly depending on Passengers and students and staffs from nearby medical college..
It's one of the best veg restaurant for veg lovers.. Providing South Indian, …",A2B
Adyar+Ananda+Bhavan+ +A2B,I am the top eater of A2B. Today I had very worst exp at this outlet. Idly was like cricket ball. Poori was like rubber. Sambar was lunch sambar. Got stomach pain. Worst quality. I think it may a duplicate A2B.,A2B
Adyar+Ananda+Bhavan+ +A2B,I went to panner  super food tasty,A2B
Adyar+Ananda+Bhavan+ +A2B,"Place is huge ample parking, but very small hall with service and another with self service which has no sign board to let people know when they come after we sit in the second hall inside no one turns up for service even after 15 mins on …",A2B
Adyar+Ananda+Bhavan+ +A2B,One of my favourite place... good taste but quite expensive.,A2B
Adyar+Ananda+Bhavan+ +A2B,"This Adyar Ananda Bhavan Situated in NH 45 near Vikravandi Toll Gate before Villupram, is a decent restaurant for travellers.  The rates are also reasonable for all items.",A2B
Adyar+Ananda+Bhavan+ +A2B,Good place on the Hi way. Good food and snacks and toilet is neat and clean with good service .,A2B
Adyar+Ananda+Bhavan+ +A2B,Hotel located on highway road of Villupuram to Chennai. It has made its own wide and free parking for any class of vehicle. Clean and very neat circumstances inside the hotel. I like the cleanliness of hotel. But food are not delicious at …,A2B
Adyar+Ananda+Bhavan+ +A2B,"Good for quite bite and take a journey, worth for money. Good parking facilities and rest room facilities. Neat and clean environment to have a healthy food.",A2B
Adyar+Ananda+Bhavan+ +A2B,"Atmosphere is good, EV station is available... Need to improve dosa types taste",A2B
Adyar+Ananda+Bhavan+ +A2B,"There is ample parking space, good toilets and ample seating available. They serve Indian vegetarian food. Service was good too.",A2B
Adyar+Ananda+Bhavan+ +A2B,"As usual, it's another good A2B outlet well placed on the highway with good food, parking, EV Fast Charging facilities",A2B
Adyar+Ananda+Bhavan+ +A2B,Had quick lunch.. best in quality always. Good service and hand wash place maintained very well. Got it quickly.. servers were polite and good. Can park in front of hotel. Good ambiance.,A2B
Adyar+Ananda+Bhavan+ +A2B,"Really Very worst Restaurant. What the hell are you thinking about your customers ,don't you have sense?. I can understand this is pandemic situation but You carry the chair inside so that the pregnant woman can not ask for a seat. This is …",A2B
Adyar+Ananda+Bhavan+ +A2B,great place to have food where there are no good decent class restaurants in the vicinity,A2B
Adyar+Ananda+Bhavan+ +A2B,"Had tea and snacks, tastes authentic a2b. Plus you have good car parking space and clean toilets on a  Highway 👍 …",A2B
Adyar+Ananda+Bhavan+ +A2B,Yummy kichadi. Tasty Vada. Fantastic service. Overall great value for the money spent 👌 …,A2B
Adyar+Ananda+Bhavan+ +A2B,The ambiance is so good. Food tasting good. Only the servents is not taking orders soon. They are just roaming outside an inside only.,A2B
Adyar+Ananda+Bhavan+ +A2B,"Visited the newly opened A2B recently. The ambience was amazing, and the food quality was really good, especially the Schezwan noodles and coffee, which we enjoyed a lot. …",A2B
Adyar+Ananda+Bhavan+ +A2B,"Completely disorganised. DONT VISIT THIS PLACE.

Visit this place only if you want to lose your peace of mind.place looks good, …",A2B
Adyar+Ananda+Bhavan+ +A2B,Sambar rice quality too low Not even single child not enough for this food price 110rs not worth for price mention price menu card 90rs but bill 105rs,A2B
Adyar+Ananda+Bhavan+ +A2B,"Worst response , inside giving wrong items for delivery and their response is too late they made me to wait more than 1 hour , Manager is very rude while talking to costumer, in restaurant item was not available, they informing us later 1 hour , bad experience 👎 …",A2B
Adyar+Ananda+Bhavan+ +A2B,"Big brand, past experience and new outlet but highly disappointed.
They ll not kisten to you.
You have to beg for water and to clean the table. …",A2B
Adyar+Ananda+Bhavan+ +A2B,Food Quality is very bad.. Ordered Veg Brigini… They gave me Veg Biriyani..Rava Keshri is very poor.. Chappathi is very bad… It was hard and rough…Total Waste of money…,A2B
Adyar+Ananda+Bhavan+ +A2B,"Ambiance looks good...
More seats, ... Good food more importantly 😉.... 👍 …",A2B
Adyar+Ananda+Bhavan+ +A2B,"Worst Experience, around 30 Mins, nobody came to table, they turned face other side. They never bother about customer. Came out without having food, around 30 Mins",A2B
Adyar+Ananda+Bhavan+ +A2B,A good restaurant in this vicinity. Car parking can be bit of a hassle. Has a wide range of food options.,A2B
Adyar+Ananda+Bhavan+ +A2B,Worst and taking the too much time very bar,A2B
Adyar+Ananda+Bhavan+ +A2B,"Mini tiffen (quantity reduced a lot with lpg crisis I guess) and a regular coffee charged at 240₹. Service is so pathetic, even when it was not crowded, they took 20-25mins to serve mini tiffen, 15 mins for coffee and another 10-15 mins for bill totalling one hour.  I could see many unsatisfied customers around.",A2B
Adyar+Ananda+Bhavan+ +A2B,Waiter S Raman had given outstanding service,A2B
Adyar+Ananda+Bhavan+ +A2B,Not tasty food. Not worth for money,A2B
Adyar+Ananda+Bhavan+ +A2B,Worst food and service.,A2B
Adyar+Ananda+Bhavan+ +A2B,homely service by all from entry till exit,A2B
Adyar+Ananda+Bhavan+ +A2B,Food quality is bad,A2B
Adyar+Ananda+Bhavan+ +A2B,Too Expense.! For a single vada they charged 55rs. Other A2B don't charge this much price.,A2B
Adyar+Ananda+Bhavan+ +A2B,good service Amar Kumar,A2B
Adyar+Ananda+Bhavan+ +A2B,Taste is good,A2B
Adyar+Ananda+Bhavan+ +A2B,"All delay service, very worst behavior from staff",A2B
Adyar+Ananda+Bhavan+ +A2B,Worst customer service . Had to wait 30 mins and no one had attended to take order. And this happened thrice already,A2B
Adyar+Ananda+Bhavan+ +A2B,Good,A2B
Adyar+Ananda+Bhavan+ +A2B,If a2b has more number of tamil staff will be much appreciated,A2B
Adyar+Ananda+Bhavan+ +A2B,Good,A2B
Adyar+Ananda+Bhavan+ +A2B,Clean & tidy. Good service. Quality food!,A2B
Adyar+Ananda+Bhavan+ +A2B,"I am a regular customer at this newly opened A2B outlet.

The food quality is good and the ambience is also pleasant, making it a nice …",A2B
Adyar+Ananda+Bhavan+ +A2B,"Good and neat place for veg lovers

Only concern is self service order",A2B
Adyar+Ananda+Bhavan+ +A2B,"A2B, you broke our trust today.

We walked in bright and early, excited for our vada fix, a craving only A2B …",A2B
Adyar+Ananda+Bhavan+ +A2B,"Till last week, I used to come here regularly and the food was good.

Suddenly from today, they changed to Self Service. Kitchen is changed and the …",A2B
Adyar+Ananda+Bhavan+ +A2B,"Great ambience and a pleasant dining experience. Mr. Raman was exceptionally friendly, attentive, and patiently helped us with menu suggestions. I am not usually a fan of veg restaurants, but his service would definitely make me want to visit again!",A2B
Adyar+Ananda+Bhavan+ +A2B,One normal Sandwich 160 +gst,A2B
Adyar+Ananda+Bhavan+ +A2B,"I was charged extra due to rounding off in the bill. For Rs.130 + 5% tax, the total should be Rs.136.50, but they collected Rs.137 instead. When I raised this with the staff, they said it was system-generated and insisted I pay the amount …",A2B
Adyar+Ananda+Bhavan+ +A2B,Good👍 …,A2B
Adyar+Ananda+Bhavan+ +A2B,"The food taste is below par… the dosas were made way before and served warm to save Gas. We don’t pay for such service. Onion rava dosa and butter dosa both were not crispy, both were like rubber sheets.",A2B
Adyar+Ananda+Bhavan+ +A2B,Good service good ice cream,A2B
Adyar+Ananda+Bhavan+ +A2B,Captain amar service good,A2B
Adyar+Ananda+Bhavan+ +A2B,Good service and atmosphere,A2B
Adyar+Ananda+Bhavan+ +A2B,filter coffee Good 👍 …,A2B
Adyar+Ananda+Bhavan+ +A2B,Cashier Good. Receive,A2B
Adyar+Ananda+Bhavan+ +A2B,"Good service break fast masala dosa
Mr Nitish captain",A2B
Adyar+Ananda+Bhavan+ +A2B,Captain Amar Kumar Good service aema branch amatur,A2B
Adyar+Ananda+Bhavan+ +A2B,Good service sarala madam,A2B
"A2B,+Trichy+Railway+station","Namaskaram 🙏🏻

Hey hi buddies, …",A2B
"A2B,+Trichy+Railway+station","Food is good, service isn't. Ordered items go missing and staff blames each other
Price is also on the higher side and construction and maintenance work goes on …",A2B
"A2B,+Trichy+Railway+station",Worst ever experience in A2B of all their branches as even Dosa is not available at this time at 7 PM. Servers telling that the Dosa master hasn't started from his room yet when they should ideally be serving dosa from 7 PM. Many items in …,A2B
"A2B,+Trichy+Railway+station","Very poor service experience. We had to wait a long time just to place our order, even though the staff could clearly see us sitting there. No one bothered to respond or attend to us. …",A2B
"A2B,+Trichy+Railway+station",Don't fall for the name A2B . A simple idli ordered came after 45 mins that too half cooked. Most of us going to board a train plz avoid this restaurant as they'll make you wait for longer without intimation. Find a better restaurant nearby.,A2B
"A2B,+Trichy+Railway+station",Worst a2b such a disappointing experience. All person were standing in that same place without noticing customers sitting behind calling them. Literally they were there for 5 mins. Each will point out another person. Been to other a2b …,A2B
"A2B,+Trichy+Railway+station","The worst A2B , I , had encountered so far . When I visited the outlet around 1400 hours , to my utter expectations found the Restaurant almost empty . I wondered why ? …",A2B
"A2B,+Trichy+Railway+station","Good food.. side dishes are giving less like chutney sambar..

Cost bit high might due to near railway station",A2B
"A2B,+Trichy+Railway+station","> I ate breakfast fast mini tiffin that cost Rs.147 contains idly, dosa, kichadi,mini masala. Dosa , Kesari only .
> No mini coffee or tea given. …",A2B
"A2B,+Trichy+Railway+station","Subject: Disappointing Experience at A2B – Trichy Railway Station Branch

I had a very unpleasant experience at your Trichy Railway Station branch today …",A2B
"A2B,+Trichy+Railway+station","The restaurant has a calm atmosphere and is moderately busy. The staff are friendly and polite, but the waiting time is quite long. The food is slightly expensive, and the sweets are also priced on the higher side. Overall, it’s a decent place to visit if you don’t mind waiting and are comfortable with the cost.",A2B
"A2B,+Trichy+Railway+station","Very poor serverce and management's stinginess shows how they have cheap mentality in service by giving littile bit of additional raitha or chutney...  the servers never seems to look back at the customer's table once they gave food,  after …",A2B
"A2B,+Trichy+Railway+station","Had a evening snacks paniyaram here, served in a worst way, takes more than 10 mins for only that just to reheat the dish and serve, taste was too bad not taste like as it is. The plate they served was worst.",A2B
"A2B,+Trichy+Railway+station","Very worst food taste and Very worst service , I have came here multiple times but whatever I am asking , that food is not available.. …",A2B
"A2B,+Trichy+Railway+station","A2B restaurant 100% vegetarian restaurant situated in Trichy Railway Junction. You can find the outlet near two wheeler parking area or auto drop location. All type of  options available (dine in, take away and delivery via food apps). …",A2B
"A2B,+Trichy+Railway+station","Had dosa cofee and snacks.

This is a very good food chain, but unfortunately I noticed packed snacks are made of refined palmolein oil, despite the high price.",A2B
"A2B,+Trichy+Railway+station",The food was okayish but the food quantity wad very low and price is very high. It's at railway station exit and convenient location for quick food grab. The size of dosa was like normal home dosa and the coconut chutney was little stale / …,A2B
"A2B,+Trichy+Railway+station","Feeling bad to write this review,,,the worst service i ever faced in a2b. Visited around 8:30pm on this Friday and it's crowded as well. They can't able to handle that much crowd and they are unable to serve it out properly. Eating food with that much delay it's bad",A2B
"A2B,+Trichy+Railway+station","Good place for a quick bite while you are waiting or trying to catch a train at Trichy Junction. Clean, healthy and hot food available. There is a choice of pure South Indian, North Indian and Chats. You could buy some good snacks for your train journey as they are packed very nicely.",A2B
"A2B,+Trichy+Railway+station","The food was okay, nothing extraordinary, but decent enough for a casual meal. The place itself was very clean and well maintained, which made the experience more pleasant. Service was good too; the staff were attentive and polite, which we …",A2B
"A2B,+Trichy+Railway+station","Worst service. They r banking on their brand but surely their bad service will pull them down. They r not customer friendly. I am regular purchaser of dinner items from almost all hotels in Trichy. On 12 th, I purchased 2 dosai along with …",A2B
"A2B,+Trichy+Railway+station","Yesterday night, I had an unpleasant experience at your restaurant. The staff said the bill couldn’t be generated due to a machine issue and orally quoted ₹750, which was clearly incorrect. When I asked for the itemised amount on paper, the …",A2B
"A2B,+Trichy+Railway+station","nice ambience at railway junction...we checked in around 5:00pm and all items were like fried rice,idiyappam etc",A2B
"A2B,+Trichy+Railway+station","No AC working on summer
Having pedestal fan for name sake …",A2B
"A2B,+Trichy+Railway+station","Quality of the food has drastically decreased. I usually visit this restaurant for my breakfast. For the last couple of times, i wasnt satisfied in the quality of the food. It's better to skip this outlet.",A2B
"A2B,+Trichy+Railway+station",Worst a2b restaurant i have ever seen no proper service persons . Taking too long time to serve food . It should be closed or else change the manger or supervisor to take care,A2B
"A2B,+Trichy+Railway+station",I always prefer A2B due its hygiene standards and availability of packed food to buy across the counter. …,A2B
"A2B,+Trichy+Railway+station",Worst service ever it was early morning i have came along with my parents they dont have even look after the customers and i have keep on asking them for food and then they reply so arrogantly and i prefer please no one visit this branch 🙏🏻 …,A2B
"A2B,+Trichy+Railway+station",Good not great . Curd rice smells and only thing I liked is sweet . So I think they are good only in that . Can’t recommend . Eat only if you are in hurry to catch a train .,A2B
"A2B,+Trichy+Railway+station","The standard you expect from A2B is present across the outlets and this is no exception. Service is top class. Whenever I travel, A2B has become the restaurant of my choice",A2B
"A2B,+Trichy+Railway+station",Yesterday I had my breakfast where the service was too late because where there was no cooperation among the workers where they are fighting for the ordered plate due theor fight the foods are provided too late and main thing I observed the …,A2B
"A2B,+Trichy+Railway+station","Best place for breakfast, rate is some more but quality is very good. Staff behaviour is friendly.",A2B
"A2B,+Trichy+Railway+station","Whatever you order its not there.
Dosa not there, manchurian not there …",A2B
"A2B,+Trichy+Railway+station",Dosa was crisp and nice. The chutneys and sambar they served with the dosa need to be improved.,A2B
"A2B,+Trichy+Railway+station","A to B Restaurant is a nice spot for enjoying authentic South Indian vegetarian food. The place is clean, service is quick, and the taste is consistent. Popular items like dosa, idli, and meals are well-prepared and satisfying. A good choice for both family dining and quick bites at a reasonable price.",A2B
"A2B,+Trichy+Railway+station",This was my first bad reviews about a restaurant. First time dine in no crowd but food was delivered after half hour we left quiet. Second time also worst experience in dining. We have ordered tiffen and waiting for nearly 45 mins food was …,A2B
"A2B,+Trichy+Railway+station","The worst experience ever,they didn't serve us properly and one more thing I won't come again.",A2B
"A2B,+Trichy+Railway+station",Eat podi dosa chutney no taste and no salt and drinking water is fully dust,A2B
"A2B,+Trichy+Railway+station","Today we had a bad experience.  We found a table and were about to sit, the supplier said us that there's no person to serve there and told us to go sit at the back. There were no empty seats there.  It was really embarrassing for us and we …",A2B
"A2B,+Trichy+Railway+station",Worst experience too slow and not even responding.I ordered just one plait dosai it takes them 40min to give 🤡 …,A2B
"A2B,+Trichy+Railway+station","Worst experience :
Ordered plain dosa which was ok.
But the sambar served was worst ever sambar I've ever tasted. …",A2B
"A2B,+Trichy+Railway+station",Food is very worst..i ordered pani puri today but they didn't add onion in the masala..then they give very less pani water which was already kept in fridge..the taste was very worst..I asked to bearer they didn't responded.. street food is much better than a2b..guys don't buy panipuri at a2b Trichy..cost is also high..,A2B
"A2B,+Trichy+Railway+station","Food taste is average and high at cost.
For those who like self-service are served slow compared with table-service. They have to wait like anything. …",A2B
"A2B,+Trichy+Railway+station","While reading menu the manager told go n sit I will come and tell menu. When asked for same while being at table he says how can I tell you about the menu, they heard me wrong when I ordered rawa khichdi and got kesari, which I denied to …",A2B
"A2B,+Trichy+Railway+station","Don't dare to get the waiting from Mr. PONNUSWAMY. During off peak times he will tell fried rice will take 20 minutes time to prepare and serve in 5 minutes. If we order further, he will say it is not possible. Unless captain is there, seems waiters don't respond properly.",A2B
"A2B,+Trichy+Railway+station","Here no vehicle parking available,
Extra charges for parking 100 rs.
Very bad",A2B
"A2B,+Trichy+Railway+station","Very bad experience. It took 15 mins for someone to take the order. Very few people are available for service. Hardly any items are available, which is very surprising on a long weekend Sunday. Strictly not advisable for people planning to have a quick bite before boarding train.",A2B
"A2B,+Trichy+Railway+station","If you want to experience the worst service and worst food, then you're at the right destination. 🤮💔 …",A2B
"A2B,+Trichy+Railway+station","Poor service, waste food. 4 members standing for 15 minutes. Nobody asked/helped for seat arrangement. Finally we got seat with other people's in two tables (each 2). Upto 15 minutes, no service boy came for taking orders. So wasted 30 …",A2B
"A2B,+Trichy+Railway+station",Overrated by everything. Especially price. One dosa 90 rupees not worth 😱 …,A2B
