branch,review,restaurant
SRI ANNAPOORANA Pure Veg,"Our Chennai to Bengaluru bus stopped here for lunch and it was a pretty good break spot. The restaurant was clean, spacious, and nicely air-conditioned. The food was decent but the prices were a little on the higher side. …",Sree Annapoorna
SRI ANNAPOORANA Pure Veg,"It is a pretty decent restaurant on the highway. We ordered onion pakoda and it was great. Tea was good as well. The service staff were nice too. overall the environment was pretty decent. We cannot speak for the other food options though. Restrooms are Ok, not that great, but I guess that is fine for a high way place.",Sree Annapoorna
SRI ANNAPOORANA Pure Veg,"Very poor experience. The food quality was low class and not at all worth the price. Service was careless and unprofessional. Overall, a complete waste of money. Will not recommend this place to anyone. …",Sree Annapoorna
SRI ANNAPOORANA Pure Veg,"📌Great vegetarian restaurant with great types of quality affordable food for breakfast, lunch,&  dinner.
📌You can find both North & South India food items along with desserts & juices …",Sree Annapoorna
SRI ANNAPOORANA Pure Veg,"I was surprised after having dinner that thebplace had a low rating on Google. As on 23 Dec 2025, the restaurant has fabulous food and food variety of fruit juices on offer. My kid enjoyed the big sofas and there were quite a few handicraft …",Sree Annapoorna
SRI ANNAPOORANA Pure Veg,"Good place to take a break on the highway.
Food was good however the place needs a little cleaning as there were lots of flies in the dining area. …",Sree Annapoorna
SRI ANNAPOORANA Pure Veg,"This restaurant is conveniently located on the main road. If you’re coming from the opposite side, you can easily take a U-turn via the service road. It is right next to a large charging station (suitable even for trucks), making it an …",Sree Annapoorna
SRI ANNAPOORANA Pure Veg,"Sri Annapurna pure veg

Nice hotel with cute ambience and mainly the  Annapurna Devi idol it's …",Sree Annapoorna
SRI ANNAPOORANA Pure Veg,"We reached the restaurant at 5 pm, during our journey from Chennai to Bangalore. …",Sree Annapoorna
SRI ANNAPOORANA Pure Veg,Tried the mini tiffin with optimism. Thought at least one item might redeem the others. Truly inspiring consistency from the restaurant. Every single item managed to disappoint equally. Reached a point where keeping anything in my mouth felt like a personal challenge.,Sree Annapoorna
SRI ANNAPOORANA Pure Veg,Worst hotels seen in my whole travel experience till date. I really don't want to suggest people to give a stop here for any B.L.D . They serve the food which is not worth for the money . I literally paid 200/- for 1 masala dosa. Yes you …,Sree Annapoorna
SRI ANNAPOORANA Pure Veg,The worst experience here. If you see bathroom you will puke. No AC in ac room. We had food in burning hot room. No ventilation is there because it is AC room. Taste is ok ok. Rates are high. If you want to use restrooms then don't go here,Sree Annapoorna
SRI ANNAPOORANA Pure Veg,"Recently visistes Annapurna hotel near vellore ambur highway.  Pure vegetarian restaurant with both North and South Indian menu on the cart.
North India as well as South Indian meals thali available. It's a unlimited …",Sree Annapoorna
SRI ANNAPOORANA Pure Veg,"Service was Really appreciatable, but we are paying for food not service.. The foods are with less Quality and Quantity.. A Paneer fried rice costs 200rs, but quantity is half and tasts really bad and it was just ""pepper fried rice"".. I was …",Sree Annapoorna
SRI ANNAPOORANA Pure Veg,"During a recent trip, my brother and I stopped by Annapoorna Pure Vegetarian Restaurant located conveniently near the Vellore-Ambur highway. We decided to try their popular Mini Tiffin for breakfast and it truly lived up to the hype. Every …",Sree Annapoorna
SRI ANNAPOORANA Pure Veg,"Taste is so average, Service was not good. After breakfast, we ordered another item and coffee, but we literally waited for long with empty plates and received no response. The quantity of side dishes was also insufficient, and if you needed more, you had to wait again.",Sree Annapoorna
SRI ANNAPOORANA Pure Veg,It's a decent hotel in the highways stretch and the service could be improved as there are too many staff but not so responsive. Ambience could be improved as the a/c room looks normal with flies around. Food and taste is decent but too …,Sree Annapoorna
SRI ANNAPOORANA Pure Veg,Went there for lunch while coming back from vellore to Bangalore on NH48. Perfect place to have South Indian meal in Tamil Nadu style…. Very tasty meal… price is quite reasonable… will must recommend this place for South Indian food….. …,Sree Annapoorna
SRI ANNAPOORANA Pure Veg,Excellent place to charge you EV nearby. They have a ev charge zone near by,Sree Annapoorna
SRI ANNAPOORANA Pure Veg,This hotel doesn’t deserve not even one star rating..very bad quality food  maintained by staff…took pani puri but very bad smell…and also rates are also very high masala dosa is 170 and one chapati it is 40 rs tooo high price… I strongly …,Sree Annapoorna
SRI ANNAPOORANA Pure Veg,Not good  behaviour by the servers .their approach and conveying nature was not good . No menu card.we have to ask them what's the price of each item served  Food not as expected. Chola Puri half baked. Paper roast was good. Chilli idly too much oil. Have to improve their standards.,Sree Annapoorna
SRI ANNAPOORANA Pure Veg,"I'm writing this based on my visit on Oct 4th, 2025. The service was horrible, you had to keep calling for someone to come and take order. We ordered mini tiffin, it was in the range of 160 per person. Never have I had such a bland food in …",Sree Annapoorna
SRI ANNAPOORANA Pure Veg,No taste in food... Meals is 180 but even rice is not good for taste... Quantity for gobi 65 is low... Not recommended,Sree Annapoorna
SRI ANNAPOORANA Pure Veg,"Overall good place, if you are there before 10 am you get a wide spread. If it's beyond this time different varieties of dosas are available.
Juices are also available. …",Sree Annapoorna
SRI ANNAPOORANA Pure Veg,"Good restaurant on the highway with decent choice of items. Good decor and friendly staff. Though we were quite late for lunch time, staff somehow managed to serve us whatever we needed. Clean Toilets and generally hygienic atmosphere and …",Sree Annapoorna
SRI ANNAPOORANA Pure Veg,"Worst service..untidy tables. Rude staff. Total disappointment. The staff have to be courteous and well trained. When i ask for the menu, he says only mini tiffin and dosa..when youvhsve poori and other stuff on mini tiffin even that available right?",Sree Annapoorna
SRI ANNAPOORANA Pure Veg,"The restaurant is ok. They have served a mini tiffin and podi masala dosa. Both were just ok.
Coffee was good.. …",Sree Annapoorna
SRI ANNAPOORANA Pure Veg,Very clean veg restaurant. The food is good and less oily unlike typical high places. The toilets were super clean. The staff is good but few waiters know only Tamil and was bit funny when we asked for spoons and forks and she turned up …,Sree Annapoorna
SRI ANNAPOORANA Pure Veg,"Food tastes good.
We went for Breakfast.
Nothing disappointed. …",Sree Annapoorna
SRI ANNAPOORANA Pure Veg,Food quality fairly ok. Good ambience enough parking space,Sree Annapoorna
SRI ANNAPOORANA Pure Veg,They don't know how to Cook... Its a fake Annapoorana... The servers don't know how to serve the people... What ever dosa you order they will give the same but they will Bill accordingly to Dosa,Sree Annapoorna
SRI ANNAPOORANA Pure Veg,"Food is average... Service is 0
We r asking for a little useless things...
Not recomemmed for everyone... …",Sree Annapoorna
SRI ANNAPOORANA Pure Veg,"When we were returning back from Chennai to Bangalore we found this hotel after Vellore and before ambur. They have a nice parking space and a good place to sit, a small kids playing area as well. Their washrooms are clean and usable. They …",Sree Annapoorna
SRI ANNAPOORANA Pure Veg,"I highly recommend this restaurant near this way Top Quality Food Serves here.. The restaurant serves many famous South Indian Currys. The mushroom soup with Roti is a great start to any meal, and I have not found a restaurant serving it as …",Sree Annapoorna
SRI ANNAPOORANA Pure Veg,This place has good ambience and service but the food is not up to the mark. Slightly overpriced for the quality of the food. Mysore masala dosa was special of the day and a big let down.,Sree Annapoorna
SRI ANNAPOORANA Pure Veg,Very bad experience. Only limited options available and food preparation was very bad. Service was normal. Can improve the service and quality of food.,Sree Annapoorna
SRI ANNAPOORANA Pure Veg,"NOT RECOMMENDED.
as a family we went around 5pm to have some snacks or tiffen as we are travelling from Chennai. …",Sree Annapoorna
SRI ANNAPOORANA Pure Veg,"Below average food . May be the old cook is not here anymore. We skipped several good places and finally ended up here and disappointed with the lousy food . Cold pongal 2/5 , vadai 3.5/5 good , Ghee roast 2/5 - not crunchy and less ghee .
Won't visit again .",Sree Annapoorna
SRI ANNAPOORANA Pure Veg,"Food was good but service is pathetic.
We ordered chapati and paneer masala they bought in 15 min after sometime we ordered one more chapati and juice and we waited more then 45 min but didn’t come …",Sree Annapoorna
SRI ANNAPOORANA Pure Veg,"Worst Service ever. The waiter’s sulking face will make you regret stepping inside this restaurant first thing in the morning.
Food was served in a plate with Spilled Sambhar all over and zero apologies. …",Sree Annapoorna
SRI ANNAPOORANA Pure Veg,Except ambience the food is below average with lackadaisical service. It seems they partly run leather goods showroom and you can see leather foot wear and accessories displayed prominently.The washroom are maintained well. …,Sree Annapoorna
SRI ANNAPOORANA Pure Veg,"Good ambiance with car parking, quality of food is very average. Even they are not making Delicious curd rice, very poor in taste. Service level is very poor, staffs are there but no coordination between them.",Sree Annapoorna
SRI ANNAPOORANA Pure Veg,"Good place for a small snack and coffee. There is ample car parking and rest rooms for both gents and ladies. There is a leather shop which has bags, shoes, belts and wallets. They have 20% discount when I visited.",Sree Annapoorna
SRI ANNAPOORANA Pure Veg,"I would rate it as a good experience, quite good place to have break on chennai banglore highway. Total veg and with nice set of options even around Covid pandemic time, nominal rate aswell. Basic chat items are available and offers a park …",Sree Annapoorna
SRI ANNAPOORANA Pure Veg,"Nice atmosphere , good taste of food,they also have a snacks shop on the left side here we can relax and enjoy tea, coffee,bajji bonds,vada,murukku,etc,this restaurant is on the main road to wards Salem and first one after visiting golden temple, Good staff.",Sree Annapoorna
SRI ANNAPOORANA Pure Veg,I order tea but they’re steaming.,Sree Annapoorna
SRI ANNAPOORANA Pure Veg,"Food taste is good, but the quantity what they are providing is not justified with the cost they are charging.
Cost of items are very high.",Sree Annapoorna
SRI ANNAPOORANA Pure Veg,Located bang on National highway. Spacious for parking and chill out for snacks and a quick meal. Good enough.,Sree Annapoorna
SRI ANNAPOORANA Pure Veg,"Worst taste, cockroaches roaming here n there , worst taste of chapati and parota per cooked chapati and parota is served again just by heating again for 100₹ not even worth for 50₹ price is too high not worth not worth for 1 star even.",Sree Annapoorna
SRI ANNAPOORANA Pure Veg,"“I had a bad experience at this hotel. The staff were not responding properly, and the waiter behaved very rudely with an angry tone. This kind of service is unacceptable. Management should train their staff better.”",Sree Annapoorna
Sri Annapurna Hotel veg,they displayed 3 variety rice plus chapathi masala and salad in swiggy..nd got 326 rupees but delivered only 2 variety rice and appalam..if we call to enquire the number provided in googlle..smeone is telling wrong number and cutting the call....very gud..!,Sree Annapoorna
Sri Annapurna Hotel veg,Very good taste and quality! Prices are a bit high but very good homely taste food,Sree Annapoorna
Sri Annapurna Hotel veg,"The food here is awesome, but the time taken to prepare is the only problem",Sree Annapoorna
Sri Annapurna Hotel veg,"Very nice place , food was tasty & courteous staff.",Sree Annapoorna
Sri Annapurna Hotel veg,Very very worst hottal,Sree Annapoorna
Sri Annapurna Hotel veg,It's only for online delivery no dine in,Sree Annapoorna
Hotel Sri Annapoorna ஹோட்டல் ஸ்ரீ அன்னபூர்ணா,"Really awesome vegetarian hotel,If u want to fill Ur tummy with the delicious food items then go to this hotel and experience it.",Sree Annapoorna
Hotel Sri Annapoorna ஹோட்டல் ஸ்ரீ அன்னபூர்ணா,It is really amazing and delicious.Quality of food is fantastico.,Sree Annapoorna
Hotel Sri Annapoorna ஹோட்டல் ஸ்ரீ அன்னபூர்ணா,"Good vegetarian restaurant with delicious food
Good vegetarian restaurant 😀👍 …",Sree Annapoorna
Annapoorna Veg Restaurant - Vellore City,"We visited on 04.11.2025

Hotel Annapoorna ( Pure Vegetarian) …",Sree Annapoorna
Annapoorna Veg Restaurant - Vellore City,"A great stop on the Bangalore–Chennai highway, nestled inside a food court. The podi ghee dosa is absolutely awesome—crispy, aromatic, and perfectly balanced. Idiyappam was soft and fresh, pairing well with the accompaniments. The ginger …",Sree Annapoorna
Annapoorna Veg Restaurant - Vellore City,"Food (fried rice) was good but AC is not there...

Price is reasonable.. Toilet is clean bad odour is there.. …",Sree Annapoorna
Annapoorna Veg Restaurant - Vellore City,Good food. Very good staff. I used to go this hotel on my way to Kerala from Tirupati and return every month. I prefer to have Kal Dosa from here.,Sree Annapoorna
Annapoorna Veg Restaurant - Vellore City,"It's is located on Chennai-Bangalore highways in Vellore city. Ambiance of the restaurant is quite good and spacious for hangout for refreshing.
Restroom 🚻 are clean and maintained very well. …",Sree Annapoorna
Annapoorna Veg Restaurant - Vellore City,"ALERT, they add more items to the bill. You need to clarify to remove extra items unnecessarily. Their restrooms are part of the food court that is behind and not clean. Food tasted good, they cried to give extra curry for set dosa. Parking is available in front of the restaurant. Masala dosa is around ₹150, and it feels expensive.",Sree Annapoorna
Annapoorna Veg Restaurant - Vellore City,Worst food. Please don't ever try here. While travelling we didn't get any veg restaurant nearby so we ended up here. We ordered pudina pulav ..omg I never had this much worst food ever. I literally vomitted. Ordered curd rice for baby it's also worst. Reception women is so arrogant and not friendly .,Sree Annapoorna
Annapoorna Veg Restaurant - Vellore City,"Stopped here for tea/snacks.

The items are affordable. …",Sree Annapoorna
Annapoorna Veg Restaurant - Vellore City,Stopped for breakfast on 11 Oct 23. Poori Baji and the  coffee were served hot and tasty. The restaurant Ina’s sufficient parking. The staff is friendly and service is good.,Sree Annapoorna
Annapoorna Veg Restaurant - Vellore City,As per local the pricing are costly. But in highways it's okay.,Sree Annapoorna
Annapoorna Veg Restaurant - Vellore City,"I’ve had breakfast here a few times, and today I noticed they were using a microwave oven to heat the idli and vada before serving. This raises concerns about the freshness and overall quality of the food. Freshly prepared items are expected at a breakfast place, so this was quite disappointing.",Sree Annapoorna
Annapoorna Veg Restaurant - Vellore City,I went this restaurant for lunch. We ate a veg biryani and veg fried rice. It was wonderful price is little bit high. Since it's in a highway and with good ambience the cost is okay.,Sree Annapoorna
Annapoorna Veg Restaurant - Vellore City,Good tasty food. Hygeine seemed good . But the chairs with the cushions need to be changed . They seemed dirty and food stained,Sree Annapoorna
Annapoorna Veg Restaurant - Vellore City,"Good restaurant.
Multiple food options around.
While traveling from Bangalore to Chennai via new upcoming road directions, this hotel comes as 1st decent one as soon as we touch Bangalore Chennai main highway.",Sree Annapoorna
Annapoorna Veg Restaurant - Vellore City,"This is the best for vegetarian, order Mysore masala dosa was ok, specially white chutney is too good.",Sree Annapoorna
Annapoorna Veg Restaurant - Vellore City,Best place for tea coffee and snacks am not aware about food since I haven’t taste here but tea and coffee is really good during travel to Bangalore,Sree Annapoorna
Annapoorna Veg Restaurant - Vellore City,Nothing is available at this hotel. For coffee we need to take from outside. No Pongal no vadai. Only dosa was available,Sree Annapoorna
Annapoorna Veg Restaurant - Vellore City,"The ambience isn’t great, but the food and service are good. Prices are on the reasonable side. Since it’s located on the highway, there’s ample parking available along the service road.",Sree Annapoorna
Annapoorna Veg Restaurant - Vellore City,Although the food is good but they are adding extra items to the bill and when we ask about that they are lying and not even responded correctly especially that one lady who looks very cunning and not giving respect to the customer.Worst …,Sree Annapoorna
Annapoorna Veg Restaurant - Vellore City,"Superb ambiance ., Good to go with family,friends or loved ones.",Sree Annapoorna
Annapoorna Veg Restaurant - Vellore City,"Restroom is not maintained well enough.
But food is just awesome taste.",Sree Annapoorna
Annapoorna Veg Restaurant - Vellore City,"We had tea ( karupatti tea) awesome taste i would say.

But in the washroom there is no lights have to go with mobile torches...they should maintain well and neat i would say.",Sree Annapoorna
Annapoorna Veg Restaurant - Vellore City,"The restaurant was nearly empty when we visited, ordered dosa and chutney, the taste was average, not upto mark.",Sree Annapoorna
Annapoorna Veg Restaurant - Vellore City,The idli was hard. The sambar was watery and had no flavour. The two types of chutney didn't taste any different. It is an insult to the hotel name when you can't get your food right and that is also the reason your restaurant is empty.,Sree Annapoorna
Annapoorna Veg Restaurant - Vellore City,Below average the leather shop outside was better than the food,Sree Annapoorna
Annapoorna Veg Restaurant - Vellore City,"Place is good. Since it is located in highway, little complicate to park the vehicle. Had coffee and the taste is so good... there are clean rest room and drinking water facility available. It takes sometime to get the order due to over crowded.",Sree Annapoorna
Annapoorna Veg Restaurant - Vellore City,Restaurant was clean. The waiters dressed in casuals . Not good. Had lunch. Meal was 100rs per plate. Maybe because of the low price the meal was very uninspired. The veggies were very limited. The sambar was watery and rasam even more so. Not returning,Sree Annapoorna
Annapoorna Veg Restaurant - Vellore City,"Good food, affordable price and fast serve time",Sree Annapoorna
Annapoorna Veg Restaurant - Vellore City,Went to around 3.15 pm. Meals not available. Ordered maggi. It came with smoky smell. Rejected it and ordered Parotta. It was ok taste. When we asked only they gave onion raita. Not recommended,Sree Annapoorna
Annapoorna Veg Restaurant - Vellore City,Food taste was good but service is too bad and the staffs aren’t ready to take feedback specially the person sitting on the cash counter is too rude. Will never come again even though the food is good,Sree Annapoorna
Annapoorna Veg Restaurant - Vellore City,"A nice getway cafe on the Bengaluru to Chennai high way near Poigai village.One can get very good snacks and beverages option in the outside counters.Hot jalebis,Chat varieties,Ice cream scoops are available.",Sree Annapoorna
Annapoorna Veg Restaurant - Vellore City,Must try carrot gulab jamun with ice cream,Sree Annapoorna
Annapoorna Veg Restaurant - Vellore City,At 9 am itself they did not have the chutneys and idly. Vada was cold. They charge the same amount even with and without all the sides available and they seem not bothered about customer satisfaction at all.,Sree Annapoorna
Annapoorna Veg Restaurant - Vellore City,"Had dinner, piping hot and soft idly, sambar, chutney, Ghee dosa everything of great taste.",Sree Annapoorna
Annapoorna Veg Restaurant - Vellore City,Very good hotel for pure vegetarian if you visit once you will never cross without visiting,Sree Annapoorna
Annapoorna Veg Restaurant - Vellore City,"Wow... Wonderful experience. Great food with our native touch.
Time taken to serve can be reduced, as most customers are transit people.
Very good service.",Sree Annapoorna
Annapoorna Veg Restaurant - Vellore City,Not clean. Untidy. No light in washroom. Pathetic.,Sree Annapoorna
Annapoorna Veg Restaurant - Vellore City,Worst food. Rude staff.,Sree Annapoorna
Annapoorna Veg Restaurant - Vellore City,Very good restaurant the food everything is very good reasonable prices. Really enjoyed  it when visited there.,Sree Annapoorna
Annapoorna Veg Restaurant - Vellore City,"We went there for dinner at 10pm Dinner was good and people were very courteous.
Only bad point is before we left they have switched off the  lights and closed …",Sree Annapoorna
Annapoorna Veg Restaurant - Vellore City,Pathetic service u have to wait for 1 hour for a sandwich.    Better avoid but the Food is okay taste wise,Sree Annapoorna
Annapoorna Veg Restaurant - Vellore City,Average place.. need improvement on hygiene.. suggest only for a quick coffee stop,Sree Annapoorna
Annapoorna Veg Restaurant - Vellore City,Annapoorna and mysore cafe both are in one place. Chat items are very famous here. Madhya pradesh rabdi jelabi was good to eat. Pav baji and nearly 12 chat items are there. They set their chat items at the bus type and they were so …,Sree Annapoorna
Annapoorna Veg Restaurant - Vellore City,"Very tasty food, good service. Pleasant atmosphere. Great place",Sree Annapoorna
Annapoorna Veg Restaurant - Vellore City,"I was order panner roll & Noodle's in Annapoorna hotel, Atmosphere and food was too good I eat well that food in outside the atmosphere, after that I asked one glass of water but they side go outside and drink the water. Very good Response …",Sree Annapoorna
Annapoorna Veg Restaurant - Vellore City,Very neat n clean inside nd around.. very  prompt service nd food very tasty  and.affordable price,Sree Annapoorna
Annapoorna Veg Restaurant - Vellore City,"Good food, good ambience..rest rooms can be maintained a little more cleaner...",Sree Annapoorna
Annapoorna Veg Restaurant - Vellore City,"Rest rooms are very much horrible.
Kindly don’t stop here if u are travelling with family",Sree Annapoorna
Annapoorna Veg Restaurant - Vellore City,"South and North Indian food are available. Separate counters for chats, juice, sweets and snacks are there. Tasty food.",Sree Annapoorna
Annapoorna Veg Restaurant - Vellore City,Need to serve variety of dishes,Sree Annapoorna
Annapoorna Hotel,"This spot near Coimbatore junction is a reliable choice for quality vegetarian food. 😋 The dosa with its variety of chutneys is a must-try! 💯 I particularly enjoyed the podi idly, rich with ghee flavor. The idiyappam was also quite tasty. 🥟 Great experience overall! ✨ …",Sree Annapoorna
Annapoorna Hotel,"The food was okay and the restaurant maintains good hygiene overall. However, the crockery and cutlery were still wet when served, which affected the dining experience. It would be great if they could ensure the plates are properly dried before use. Apart from that, the place could use a slight upgrade to enhance the overall ambience.",Sree Annapoorna
Annapoorna Hotel,Had rajbogam meals..it was good but the price is in the higher section which cost around 270rs.. for that amount I donno is it worth or not.. tried hyderabadi mushroom biriyani.. it was just awesome.. always annaporana coffee is the best... Will try more and more and more... 😊 …,Sree Annapoorna
Annapoorna Hotel,"We had an excellent experience with the Annapoorna catering team. The food was delicious, fresh, and beautifully presented. Every dish was well-prepared and received great compliments from our guests. The staff team lead by Mr.Praveen was …",Sree Annapoorna
Annapoorna Hotel,"I usually don't give full stars. But this restaurant really stole my heart. The food was so excellent and really tasty the atmosphere is top notch, so humble and grateful. I was really hungry, because I had a long journey, it was not …",Sree Annapoorna
Annapoorna Hotel,"The food was good, but the service was very disappointing. We waited for almost 40 minutes to get our order, while some other tables who ordered after us got their food much earlier. It felt quite unfair and poorly managed. Good taste, but the waiting time and service need serious improvement.",Sree Annapoorna
Annapoorna Hotel,"All food items were very tasty. Neat and clean dining area.it's located in a busy place, parking will be very difficult. Since it's a very good and older restaurant  it's heavily crowded all the time. At the entrance they have a sweet …",Sree Annapoorna
Annapoorna Hotel,As always the best food...worth mentioning is their sambar 🥰🥰.. people oriented business.. awesome location and good parking space. …,Sree Annapoorna
Annapoorna Hotel,"We (3 of family) visited this place for a Sunday dinner. Place was crowded. First needed to wait to for 10 mins to get  car park slot.Parallelly one of us waited to get a table, you can imagine the quantum of crowd. …",Sree Annapoorna
Annapoorna Hotel,For a very long time one of the best food chains in coimbatore. This is one restaurant which is not renovated and still has the feel of vintage in it. I wish they maintain it at its existing state and do not make it like a concrete hotel as …,Sree Annapoorna
Annapoorna Hotel,Very bad experience. The mini tiffin options are limited.. The Ven Pongal was bland and not tasty. The coffee I was served was not hot and the decoction was pungent and old.. Gave online complaint and promptly received a call back with a …,Sree Annapoorna
Annapoorna Hotel,We had meals and veg fried rice and paneer dry fry. Veg fried rice quantity was so small portion when compared to the price they are charging. Meals & paneer was good.,Sree Annapoorna
Annapoorna Hotel,"The food impressed with rich flavors, perfect seasoning, and fresh preparation, creating a comforting dining experience that felt both satisfying and thoughtfully crafted from start to finish.",Sree Annapoorna
Annapoorna Hotel,"Annapurna  hotels /  North – Coimbatore

Annapurna North stands as an iconic landmark in Coimbatore’s culinary heritage—a …",Sree Annapoorna
Annapoorna Hotel,"Excellent service

Neat and clean like a 4 star hotel. …",Sree Annapoorna
Annapoorna Hotel,I am a big fan of annapoorna's sambar idlis. But today I am disappointed that the sambar idlis was not in usual taste. Also I order mushroom appam. I expected it to be stuffed with mushroom masala. But to my dismay it's like four slices of …,Sree Annapoorna
Annapoorna Hotel,"Amnapoorna hotel situated at Mettupalayam Road is at an ideal location
The food served by them are tasty and good
The customer service is good",Sree Annapoorna
Annapoorna Hotel,"Annapoorna's taste is still retained. Having eaten in their Saibaba Colony branch for past 40+ years, the Charm is missing due to cramped space, Customer attention is missing. Most seats are occupied by Morning walkers who come as a group, …",Sree Annapoorna
Annapoorna Hotel,"Annapoorna hotel stands for its consistency in taste, hospitality,service and hygiene.
Your first best preference for vegetarian food means Annapoorna only.",Sree Annapoorna
Annapoorna Hotel,Excellent vegetarian hotel 👌👌👌 …,Sree Annapoorna
Annapoorna Hotel,The ghee roast and all the chutney varieties were very good. BTW ...I live in Bangalore :),Sree Annapoorna
Annapoorna Hotel,Excellent filter coffee here! We also tried their Chilli Bhaji and puffs they were great too! Great value for money.,Sree Annapoorna
Annapoorna Hotel,Food items are very Costlier. Quality is good but that doesn't mean that you can price your items as you like. One coffee is around ₹40.. for a small cup. Same quality you can make it in home less than ₹10..,Sree Annapoorna
Annapoorna Hotel,Quality of food is same as ever. Sambar idli is wonderful,Sree Annapoorna
Annapoorna Hotel,"nice food, good service waiters and friendly response affordable price for foods",Sree Annapoorna
Annapoorna Hotel,Taste is as good always you can blindly go and eat you don’t get disappointed,Sree Annapoorna
Annapoorna Hotel,One of the best restaurants in town.  Good food even at 10:30 PM you will literally get everything.  The North Coimbatore branch requires a lot of alterations.  It has the same old ambience giving the branch a lower comfort for dine in.,Sree Annapoorna
Annapoorna Hotel,"Not sure it's original anna poorna,
Ordered
Pongal - 2/5 …",Sree Annapoorna
Annapoorna Hotel,Best veg option. Crowded in full. Still they manage service and no compromise quality food,Sree Annapoorna
Annapoorna Hotel,"Excellent service from start to finish! Food superb! To make sure our spice level was matched since we asked for low spicy food, we were offered samples to taste while confirming our order. 😋What else could demonstrate their high standard …",Sree Annapoorna
Annapoorna Hotel,"At afternoon 12.30pm, there was a huge rush for the AC hall , few old aged people but the management having a regular daily meeting not allowing any customers to get inside and forced to take lunch outside.",Sree Annapoorna
Annapoorna Hotel,"Seems like the brand is slowly fadding off. Every other dish order is oily, not going well on the tummy.",Sree Annapoorna
Annapoorna Hotel,"Live counter exists.
But offer is not given for new items against the Vouchet issued on Reopen day,
Less space for having a cup of Coffee.",Sree Annapoorna
Annapoorna Hotel,"Service very poor
Regular sambar taste missing drinking water provided after 3 time call",Sree Annapoorna
Annapoorna Hotel,"In 1985 to 2026 I love the coffee and sambar of annapoorna,can't beat the taste",Sree Annapoorna
Annapoorna Hotel,Quality and taste of food is good. Service levels need to be improved. Finding seats is difficult most of the times. Waiter turns up late to take orders. Desired dishes were out of stock a couple of times when we visited.,Sree Annapoorna
Annapoorna Hotel,Always a place to satisfy hunger prangs with consistency in taste and quality of pocket friendly food! Love the place,Sree Annapoorna
Annapoorna Hotel,Visited on 09/09/2025. Vegetarian food.we ordered South Indian thali and curd rice. Both dishes were tasty. Fast service. Morning south indian snacks available. Coffee is also good. We purchased balushahi from their sweet stores which was very good.,Sree Annapoorna
Annapoorna Hotel,Food was excellent and service was very fast.. finally their coffee was too good,Sree Annapoorna
Annapoorna Hotel,We came by 10:00 pm here we give an order but then given incomplete cook food I am very poor service I suggest please don't come,Sree Annapoorna
Annapoorna Hotel,"Location wise excellent but parking space is limited. Availablity of air conditioning room during summer is for limited period only, so sweating is inevitable during other dining time. Management is not concerned much, as they are getting heavy crowd in AC's absence also. Food is tastier at optimum cost.",Sree Annapoorna
Annapoorna Hotel,A good veg hotel of Coimbatore.  Tasty and hygienic food are available here. A traditional way of hotel business by the management and workers are easy approaching type.,Sree Annapoorna
Annapoorna Hotel,We were served spoiled coconut chutney for idiyappam. They changed and gave the same in another cup and said seasoning mistake. We did not want to argue as we were tired travelling the whole day in busy traffic. Did not expect this from Annapoorna. Did not take photos as I forgot to take.,Sree Annapoorna
Annapoorna Hotel,Still a best place for veg food. Chutneys and sambar can be a little more spicy. It is sweeter than tolerable level,Sree Annapoorna
Annapoorna Hotel,All time favorite and pride of Coimbatore.  Coffee in the morning is divine.,Sree Annapoorna
Annapoorna Hotel,"I want to express my disappointment with the service provided during our recent visit to your hotel. As a family of 25, we were expecting a smooth and enjoyable dining experience, but unfortunately, that was far from the case. …",Sree Annapoorna
Annapoorna Hotel,It was silly to know we did not get banyan leaves in the plate like all others just because we did not voluntarily ask for it,Sree Annapoorna
Annapoorna Hotel,"Finding table and ordering food was very fast experience.
Order taking and food delivery to table are efficient comparatively.
It's chain restaurant and the food taste is identical.... All vegetarian served …",Sree Annapoorna
Annapoorna Hotel,***1833 : Had early lunch today. Service and food  was good and waiting time is reasonable.,Sree Annapoorna
Annapoorna Hotel,Don't expect old and traditional teast. Sambar and chatni was not good.,Sree Annapoorna
Sri Annapoorna chappathis,"chappathis are hand made....
affordable
take away only",Sree Annapoorna
Annapoorna - Arts College Road Branch,The Name Annapoorna Swirls The Tradition & Mouth Watering Dishes With Good Atmosphere. …,Sree Annapoorna
Annapoorna - Arts College Road Branch,"Amidst the morning rush, I decided to try this spot for breakfast. The taste was quite good, though the chutneys had more of a pickle-like flavor, which didn’t quite hit the spot. While the staff was friendly, the presence of flies raised concerns about hygiene.",Sree Annapoorna
Annapoorna - Arts College Road Branch,"Annapoorna, Coimbatore - the name alone speaks volumes, rendering introductions and recommendations superfluous. …",Sree Annapoorna
Annapoorna - Arts College Road Branch,"Though 50 years old eating joint, it's suppose to be original annapoorna restaurant in Coimbatore. However it's shabby, hardly any service, half the items on the menu were not available. The basic mushroom masala roast and dosa, set dosa with vadai curry and paniyaram were badly presented and were just about okay.",Sree Annapoorna
Annapoorna - Arts College Road Branch,Annapoorna peoples park and arts college road branch are in the same location. Considering peoples park is a bit costlier we decided to have lunch in the arts college road branch. Actually the prestigious hotel only has the branding name …,Sree Annapoorna
Annapoorna - Arts College Road Branch,For people coming to district court and nearby residents for quick bites coffee and snacks and south Indian tiffin items and sweets good place.,Sree Annapoorna
Annapoorna - Arts College Road Branch,"Tried sweets. More sugary but not much tastier. The traditional annapoorna is slowly degrading it's taste . The more the crowd, the less the quality of food. No words. Monopoly hotels need to improve themselves when they get more customers, …",Sree Annapoorna
Annapoorna - Arts College Road Branch,"Sree Annapoorna, near Law College, Coimbatore, is the original and iconic branch, renowned for its delectable South Indian cuisine, spacious ambiance and exceptional service. The food quality surpasses expectations, mirroring the high …",Sree Annapoorna
Annapoorna - Arts College Road Branch,"1. I ordered a smart breakfast combo that cost Rs.158 with GST
2. It's includes Idly ,Pongal , lemon sevai, Vada,mini dosa , coffee, sweet all are good.",Sree Annapoorna
Annapoorna - Arts College Road Branch,"Coimbatore famous Annapoorna Restaurants long serving outlet. Food served with smile.
Sweets, savory and traditional snacks are served for dine in or take away. …",Sree Annapoorna
Annapoorna - Arts College Road Branch,"Requesting to provide curtains (like zebra blinds, roller blinds) on the front glass side (gets much hotter after 12:30 PM). …",Sree Annapoorna
Annapoorna - Arts College Road Branch,"After a  nice cycle ride eating at Annapurna for their Sambhar vadai is one the most delightful experience i've ever had , totally recommend.",Sree Annapoorna
Annapoorna - Arts College Road Branch,Best and very tasty food at very affordable pricing. Best and mouth watering authentic south India dishes with lots of varieties.,Sree Annapoorna
Annapoorna - Arts College Road Branch,"I had idli , rava dosa and coffee ☕ all are ok the ambiance is very nice 👍 the total cost 💰 is  only for the name and place I don't feel satisfied  on food . …",Sree Annapoorna
Annapoorna - Arts College Road Branch,Food is good but the quantity of food given is not sufficient  you should be OK with two idly and vada but you have to take one more pongal or dose and then coffee so you are given lesser quantity of good food and taxed more.ok health is more important.,Sree Annapoorna
Annapoorna - Arts College Road Branch,"I didn't find any legendary feature here. I tried ghee roast dosa (based on Google reviews) and idli-sambhar. Being a Bangalorean might be the reason of not liking the dishes exceptionally. Both the items were average except the sambhar, which was good as already said by many people here. Service was average with greedy staff.",Sree Annapoorna
Annapoorna - Arts College Road Branch,"Had late breakfast here which is crowded, service is fast and ambience is fine.
Tried pineapple kesari, pongal and Sambar vada.. all are good.
Liked Strong Filter coffee too
A good place to have veg food.",Sree Annapoorna
Annapoorna - Arts College Road Branch,Amazing place and fantastic food. Very friendly staff and excellent service by Mr V Pandimurugan,Sree Annapoorna
Annapoorna - Arts College Road Branch,"Food tastes good but lil expensive.
Fast  service with clean and neat atmosphere",Sree Annapoorna
Annapoorna - Arts College Road Branch,"Favorite Veg Restaurant in Coimbatore. Though there are renowned new brands in Coimbatore, annapoorna stands out in taste.",Sree Annapoorna
Annapoorna - Arts College Road Branch,"If I could give this place zero stars, I absolutely would. The customer service is beyond terrible—it’s downright insulting. The only reason this so-called “restaurant” even has customers is because of the people working and visiting the …",Sree Annapoorna
Annapoorna - Arts College Road Branch,Such a decent place in a crowded area. Could have thought of a hotel like a below average outside.  but true ANNAPOORNA inside with cleanliness and quality. Much Love ❣️,Sree Annapoorna
Annapoorna - Arts College Road Branch,Nowadays even annapoorna is compromising on customer hygiene after my years of experience in annapoorna I am feeling very unhappy about their quality maintenance.we got un-cleaned glass of water after three times of reversal they given us a …,Sree Annapoorna
Annapoorna - Arts College Road Branch,"Too rush. Nowadays the servers don't even maintain eye contact. They don't have the patience to receive your order. I never understand even when a food cart stall on the roadside is able to serve food with banana leaf, such a giant in food …",Sree Annapoorna
Annapoorna - Arts College Road Branch,"Had Ghee mini sambar idly and pongal….both tasted superb .
Black coffee was too good …..",Sree Annapoorna
Annapoorna - Arts College Road Branch,"First time visitor, like their food very much ...very authentic taste, ambience and hygiene are at best.",Sree Annapoorna
Annapoorna - Arts College Road Branch,"Early morning by 6.30am we went for a cup of coffee, surprisingly the place was heavily crowded. …",Sree Annapoorna
Annapoorna - Arts College Road Branch,Food quality is okay. But for parcel they are taking more time. More than 25 mins.. they are serving quickly for non parcel. I don’t know the reason behind,Sree Annapoorna
Annapoorna - Arts College Road Branch,"Good has become costly when compared to previous location. No car parking, to hunt outside in road.",Sree Annapoorna
Annapoorna - Arts College Road Branch,Food and service atmosphere is good.. But rate too,Sree Annapoorna
Annapoorna - Arts College Road Branch,Sree annapoorna is a good place for snacks as well as lunch . Had little bitter experience this time. The fried rice that I ordered was so much oily and oil was dripping. Would expect better experience next time,Sree Annapoorna
Annapoorna - Arts College Road Branch,"Very good place to eat

Rich Taste in everything",Sree Annapoorna
Annapoorna - Arts College Road Branch,The food was really awesome and the taste of parotta was really good but the price was too much but it was ok because of the quality food.It was a good treat for both vegan and non vegan people,Sree Annapoorna
Annapoorna - Arts College Road Branch,"Awesome ghee roast !

But 3 star - Top veg hotel in coimbatore but they serve juices in wax paper cup...",Sree Annapoorna
Annapoorna - Arts College Road Branch,"One of the server was very rude , ordered us to shift seats rudely just as we were about to order ,instead of shifting chairs for the bigger group that sat near by. Very disappointed to see how they treat people like different classes.",Sree Annapoorna
Annapoorna - Arts College Road Branch,"Heavily, crowded ...with no customer management.... people have to keep an Hawkeye and sit on the table when empty, with staff providing no assistance.... whereas in other branches like Avinashi road, Kuniyamuthur customers are well managed...",Sree Annapoorna
Annapoorna - Arts College Road Branch,"Must combo breakfast, includes all tiffin items. Very tasty, neat and clean. Nice ambience, can enjoy yummy food with friends and family",Sree Annapoorna
Annapoorna - Arts College Road Branch,Worst service and very less number of waiters. You have to wait for 10 mins before waiter comes to your place and wait for another 15 mins to get your food on table. 60 rupees extra for podi and ghee. Refer bill,Sree Annapoorna
Annapoorna - Arts College Road Branch,"One of the best restaurants in Coimbatore good food I ordered Mashroom kothu parota, Paneer kothu parota, podi idli and Paneer masala dosa all the dishes were very tasty mouth watering 😋 my family loved the taste 😋. …",Sree Annapoorna
Annapoorna - Arts College Road Branch,"Very disappointed with today’s experience. Waited for a long time for a table, only to be told to share our seat with strangers. Poor crowd management and zero consideration for customer comfort. Expected better from Annapoorna",Sree Annapoorna
Annapoorna - Arts College Road Branch,"Excellent service and Great Support

Awesome Ambience Kindly Respective staff's. …",Sree Annapoorna
Annapoorna - Arts College Road Branch,"Good food 🍱 👍
But price is too high❗️
Bakery item is also good 👍 …",Sree Annapoorna
Annapoorna - Arts College Road Branch,"Half the menu was not available, but it was still very tasty, on the more expensive side.
Very friendly and fast service.",Sree Annapoorna
Annapoorna - Arts College Road Branch,Not like before. No salt in coconut chutney. Sambar was not like before. Taste is just ok.,Sree Annapoorna
Annapoorna - Arts College Road Branch,Really first time I had a bad experience in our pride of coimbatore .. which was worst ... Mr. Pandian and  I was seated in the last table which was near the window ....pls train the person how to service with the coustomer ......m,Sree Annapoorna
Annapoorna - Arts College Road Branch,"Today I bought fried rice from your restaurant, which cost around 190.Instead of fried rice name it as beans rice. Half of the box full of beans.",Sree Annapoorna
Annapoorna - Arts College Road Branch,"Is under Renovation now, hope wether it comes back. But next door they are running. But not spacious as this branch.",Sree Annapoorna
Annapoorna - Arts College Road Branch,"Visited Annapoorna restaurant and tried their ghee roast dosa with filter coffee – both were delicious and beautifully presented. The staff were polite and attentive, and the service was excellent. The ambience is warm and welcoming, making it a great spot to enjoy vegetarian food. Highly recommended!”",Sree Annapoorna
Annapoorna - Arts College Road Branch,"All good things eventually come to an end, and it feels like Annapoorna’s golden run is over. The staff seem complacent, and the service has become disappointingly poor. Orders are taken, only for the waiter to return 10 minutes later …",Sree Annapoorna
Annapoorna - Arts College Road Branch,good quality food but need more attention when there is more crowd happens rest of things nice,Sree Annapoorna
Annapoorna - Saibaba colony,"Annapoorna, a well known name in this part of Tamil Nadu which can never disappoint you when it comes to the quality of south indian food. …",Sree Annapoorna
Annapoorna - Saibaba colony,"I m mostly ordered hotel special roast.
Annapoorna special roast Garlic Masal Roast with sambar combination mind-blowing taste. If you go that side try this roast.",Sree Annapoorna
Annapoorna - Saibaba colony,"Ordered Annapoorna Raja Bhogam meals through Zomato. The meal had chapathi with kuruma, veg biryani with thayir pachadi, rice, sambar, puli kulambu, rasam, curd, sweet, payasam, beeda, appalam, cauliflower chilli, koottu, poriyal, keerai …",Sree Annapoorna
Annapoorna - Saibaba colony,"Good service, staffs are very friendly. Food is so tasty and delicious . Good ambience and hygiene they are maintaining.
Peaceful place to have meal.",Sree Annapoorna
Annapoorna - Saibaba colony,"This place is nostalgia for me. I remember the days I would be here when I was dating. Coming back here after a decade or two, definitely was walking down memory lane. …",Sree Annapoorna
Annapoorna - Saibaba colony,I am a PhD Scholar and a regular customer here. I love the food especially served with good flavours and aroma. Staffs are very kind and active. The atmosphere feels very comfortable and neat. …,Sree Annapoorna
Annapoorna - Saibaba colony,"I visited Annapoorna yesterday and ordered Chilli Parota, Mushroom Fried rice, Mushroom Dosa, and a Chocolate Milkshake. The total bill was ₹572.
Everything was fine except the Chilli Parota — it was a big letdown. It wasn’t …",Sree Annapoorna
Annapoorna - Saibaba colony,"Ordered a khichdi, an idly, and 2 coffees this morning at Annapoorna.

Total bill came to ₹222. I gave ₹230. The waiter casually avoided our table …",Sree Annapoorna
Annapoorna - Saibaba colony,Located at sai baba colony . Went for dinner had yummy idli parota chutney was at its best . Car and bike parking available. Veg restaurant Coimbatore pride . Highly recommended,Sree Annapoorna
Annapoorna - Saibaba colony,"We have been visiting Annapoorna for years now. This time for a change instead of dosa we had other items. Paneer kothu chapati was ok. Not the best suite. Appam and idiyappam were good. The stew tasted moderately nice. Chapathi and curry was also ok. Well, the coffee again is the best!",Sree Annapoorna
Annapoorna - Saibaba colony,The food was amazing. I had the broccoli tikka and the mushroom gravy and the garlic naan. I will be back again and the team management is awesome.,Sree Annapoorna
Annapoorna - Saibaba colony,"Insane crowd here for lunch even till around 3 pm! Phew!

Luckily we got a place to eat without much wait time …",Sree Annapoorna
Annapoorna - Saibaba colony,The food here was here was amazing. The Saibaba colony branch having chast items truly makes this place unique. Our waiter Rahul was extremely helpful and cleared all doubts. The other employee were also extremely humble and polite. Definitely looking forward to coming here for my next visit.,Sree Annapoorna
Annapoorna - Saibaba colony,This restaurant ambience was good and have lot of options for south Indian tiffins. The chutney they served here was awesome and was a very good experience for me. I really loved having food in this place and a must try once again when I …,Sree Annapoorna
Annapoorna - Saibaba colony,"Had lunch at Annapoorna today and absolutely loved the meals. Everything was fresh, tasty, and well prepared. I’ve tried almost all the items from this restaurant and the quality and taste have always been consistently good. A very satisfying meal overall. Highly recommended! 🍽️✨ …",Sree Annapoorna
Annapoorna - Saibaba colony,"A good place for south Indian meals and dishes. Please allow yourself a good 30-45 mins of waiting time! It is usually crowded here, that is a deal breaker. Else the food is of average taste and consistent. I really would not mind waiting …",Sree Annapoorna
Annapoorna - Saibaba colony,"The food is always great and I come everytime I miss my moms idly. Love the coffee here, it just refreshes you (any coffee lovers can relate).",Sree Annapoorna
Annapoorna - Saibaba colony,Was here for tasting the Dosas. Overall experience was good. Maintained the quality and service was decent. Ample of parking space too available,Sree Annapoorna
Annapoorna - Saibaba colony,"The expected taste and variety of Annapoorna is available in this branch also. There is good parking facility and a mini stall sweets, savouries and bakery products. The staff are friendly and courteous",Sree Annapoorna
Annapoorna - Saibaba colony,"Annapoorna never disappoints. The food is always fresh, flavourful, and perfectly balanced. The staff is polite, service is quick, and the place is well-maintained. Whether it’s breakfast, lunch, or dinner, the quality is consistently great. Highly recommended!",Sree Annapoorna
Annapoorna - Saibaba colony,"Whether you are a local or a visitor, the annapoorna is a reliable visit. The sambar is a speciality that you can have with any item of your choice. Or just by itself (like I do)! The consistency of taste is what makes this a great place. No-fuss, clean space is amazing",Sree Annapoorna
Annapoorna - Saibaba colony,"I really did not want to leave an average review. For the 3rd time , the food was terrible. Burnt masala dosa came and couldn’t eat more than half of it. …",Sree Annapoorna
Annapoorna - Saibaba colony,"Annapoorna has the worst hospitality, been waiting calmly for almost a year to see if they corrected that but they never seem to Recently have been a regular at too mau annapoornas and onething in common is they are still not well trained. …",Sree Annapoorna
Annapoorna - Saibaba colony,The service by Sumathi akka was wonderful. She’s incredibly sweet. All the food here is truly authentic. A great experience!,Sree Annapoorna
Annapoorna - Saibaba colony,"Lack of manpower during rush hours. In any restaurent, water served first. Today, when I visited with three more people no water served. Atleast three times I had to remind those served my table. It was past 03:30 in the afternoon.  The …",Sree Annapoorna
Annapoorna - Saibaba colony,"Very popular South Indian eatery with a good variety of items. Different menu for breakfast, lunch and dinner. It has a separate hall for large groups. Counters with their own sweets and savouries. …",Sree Annapoorna
Annapoorna - Saibaba colony,"A sheer utter non sense place, how this restaurant got such a huge top rating, only God knows. Nothing is great here, no food item tasted well, moreover hefty price tags, dumb waiters. …",Sree Annapoorna
Annapoorna - Saibaba colony,"Great Ambience, spacious parking, mess free service and food.
They handle rush better than other annapoorna restaurants.
Food - authentic taste as always yet can add more meaningful varieties",Sree Annapoorna
Annapoorna - Saibaba colony,We always love coming to Annapoorna! The filter coffee and thayir vadai are phenomenal! The quality has been great for decades. And the staff is wonderful!,Sree Annapoorna
Annapoorna - Saibaba colony,Annapoorna is a pride to Coimbatore more than a restaurant it's an emotion for people of Coimbatore. As a regular visitor of thier restaurant had a breakfast in this branch in Saibaba colony and was little bit disappointed on their taste of …,Sree Annapoorna
Annapoorna - Saibaba colony,Annapoorna saibaba colony - Order was taken by Sumathi .. she served the food with so much love and warmth. She was extremely friendly and made our experience memorable. We look forward to visiting Annapoorna again just to enjoy her service and smile.,Sree Annapoorna
Annapoorna - Saibaba colony,Came here for breakfast and the food was amazing! The staff is very friendly too. Sumathi helped us with our orders and she was very nice.,Sree Annapoorna
Annapoorna - Saibaba colony,"Fab place for lunch! We actually visited 3 times and enjoyed the thali as well as some of the gravies and fried rice. Very popular chain, well worth trying when in the city.",Sree Annapoorna
Annapoorna - Saibaba colony,Had a very good breakfast and the taste as usual lovely food and ambience especially Madam Sumathi 's customer service is excellent and well treated us Keep up the good service 👍 …,Sree Annapoorna
Annapoorna - Saibaba colony,Attended a retirement party. Compact hall. Around 70 persons attended. Tiffin items were good. Would recommend to others.,Sree Annapoorna
Annapoorna - Saibaba colony,"Good service and food is tasty and delicious,nice atmosphere,staff are friendly,can go with family and enjoy your food",Sree Annapoorna
Annapoorna - Saibaba colony,"Good taste is very good.

Always prefer to have sambar idly and coffee",Sree Annapoorna
Annapoorna - Saibaba colony,It's always a go to place to eat in CBE. U get all varieties and has maintained the quality for such a long time.  The service is courteous and order doesn't take much time.,Sree Annapoorna
Annapoorna - Saibaba colony,"I ordered ghee roast and onion roast both tasted good.
The ghee roast had sufficient ghee to make it more crunchy.
I also loved all three combinations of chutneys as well the sambar. …",Sree Annapoorna
Annapoorna - Saibaba colony,"Good atmosphere... taste was good
But tea was not as Ganapathy annapoorna branch ...
car parking only a problem. road side parking only..two wheeler parking available",Sree Annapoorna
Annapoorna - Saibaba colony,Good food and service. Has an AC and normal hall. There will be waiting time during peak hours and parking space is not that much.,Sree Annapoorna
Annapoorna - Saibaba colony,"One of the top 3 Vegetarian restaurants from Coimbatore. Service is top class . How much ever crowded it is, ji need to worry, you will be served in 10 Minutes maximum. Delicious foods . Meals is great . Tiffin items are superb. Parking facility available. Can find variety of snacks and sweets at front desk . Good luck",Sree Annapoorna
Annapoorna - Saibaba colony,"Great service and excellent food.
We tried the special breakfast - it was very good and had many options. The ghee roast dosa with the three types of chutneys and sambar was delicious. The wadas also also well made and crunchy. I am also a fan of the sevige with the coconut chutney.",Sree Annapoorna
Annapoorna - Saibaba colony,Great service and tasty food. Special thank you to Kanagaraj anna for taking great care in service!,Sree Annapoorna
Annapoorna - Saibaba colony,Food quality is good and presenting the items also great. Kind staff's specially sumati service is excellent.,Sree Annapoorna
Annapoorna - Saibaba colony,"The food at this restaurant is always superb, but the service quality is extremely disappointing. The place feels more like a training centre than a professional restaurant. The person responsible for allotting tables behaves very foolishly …",Sree Annapoorna
Annapoorna - Saibaba colony,"The taste of the food was average.. and the amount of salt in each food item was too less that we can't eat more than 2 spoons :')
Kindly take it into consideration..",Sree Annapoorna
Annapoorna - Saibaba colony,"Sree Annapoorna chain of restaurants in Coimbatore is authentic place for South Indian food lovers. The food taste and aroma is unforgettable.
This is must visit place for breakfast. Sometimes you can have to wait in queue as it is mostly busy in morning hours.",Sree Annapoorna
Annapoorna - Saibaba colony,"Best vegetarian restaurant in saibaba colony and tiffin recipes are really tasty with good quality. Banana leafs are not generally provided other than meals. Lunch meal🍚 taste is just okay. parking space is available for vehicles. You must try Anna Poorna's Tea,☕ Coffee n Tiffin recipes🍱. …",Sree Annapoorna
Annapoorna - Saibaba colony,"If anyone has eaten good sambar or chutney, one can easily say about Annapoorna’s taste, its taste like mud, overhyped restaurant, lost all my taste buds. Seriously folks, if you’re in Coimbatore just go to any other veg restaurant if you …",Sree Annapoorna
Sree Annapoorna - NH Komarapalayam,Visited the newly opened Annapoorna branch and had a wonderful dining experience. It's great to see their first expansion here beyond Coimbatore. …,Sree Annapoorna
Sree Annapoorna - NH Komarapalayam,"We had
1) idli sambar
2) rava roast …",Sree Annapoorna
Sree Annapoorna - NH Komarapalayam,"The new Annapurna near Komarapalayam is a much awaited addition to the restaurants on the Coimbatore Salem highway. The ambience, highlighting the GI tagged Bhavani Jamakkaalam, is superb. The service is fast, even for north Indian food during lunch time, so a quick lunch stop need not be constrained by ""standard full meals"".",Sree Annapoorna
Sree Annapoorna - NH Komarapalayam,"In one word ""disappointed""
Dead slow service
Food is not that good",Sree Annapoorna
Sree Annapoorna - NH Komarapalayam,"We tried rosemilk , really pretty good",Sree Annapoorna
Sree Annapoorna - NH Komarapalayam,New branch.. welcome for veg food eaters...,Sree Annapoorna
Sree Annapoorna - NH Komarapalayam,Very beautiful place food is very good clean & higenice. Big parking,Sree Annapoorna
Sree Annapoorna - NH Komarapalayam,"Sree Annapoorna, a name synonymous with quality vegetarian dining in Coimbatore, has now expanded closer to Salem with its branch at NH Komarapalayam. Located conveniently on the Salem–Kochi Highway, this restaurant is a welcome stop for …",Sree Annapoorna
Sree Annapoorna - NH Komarapalayam,"Good atmosphere and location
But disappointing to see rest room capacity and hand wash area
Kindly improve the same",Sree Annapoorna
Sree Annapoorna - NH Komarapalayam,Sambar was too watery sweets better but highest cost it is not compared to coimbatore taste very below average,Sree Annapoorna
Sree Annapoorna - NH Komarapalayam,"Stopped by Sree Annapoorna - NH Komarapalayam during our journey, and it turned out to be one of the best highway food experiences in recent times. The restaurant was clean, well-maintained, and had a welcoming atmosphere, making it a …",Sree Annapoorna
Sree Annapoorna - NH Komarapalayam,Good food excellent service,Sree Annapoorna
Sree Annapoorna - NH Komarapalayam,"Nice ambiance, tasty food
Staffs very well organised and arranged the table",Sree Annapoorna
Sree Annapoorna - NH Komarapalayam,The best place for vegetarian food don't miss,Sree Annapoorna
Sree Annapoorna - NH Komarapalayam,Pride of Coimbatore Now here ... ❤️,Sree Annapoorna
Tirupur Sree Annapoorna,"Avoid at all costs! Total scam and unhygienic.
​I ordered from here expecting the quality associated with the Annapoorna name, but what I received was shocking. This place is a total scam. …",Sree Annapoorna
Tirupur Sree Annapoorna,"> Visited for breakfast and  Ordered Onion Podi Uthappam and Coffee.

> Onion Podi Uthappam was crispy and flavorful. …",Sree Annapoorna
Tirupur Sree Annapoorna,"I went to have meals at 2:45 pm where they said meals are over. They had a few parcel meals which we told that we are okay to have it but they refused. After that we ordered parotta , veg biryani and lemon rice. While having parotta with …",Sree Annapoorna
Tirupur Sree Annapoorna,"⭐ Rating: 3/5

I had breakfast at Tirupur Sree Annapurna for three days, and the experience was …",Sree Annapoorna
Tirupur Sree Annapoorna,"Musambi juice 70rs, not worth for a normal Hotal with below average standard",Sree Annapoorna
Tirupur Sree Annapoorna,Yesterday I had my lunch in sri annapoorna near tirupur railway station it was very worst experience. I am ordered sambar rice but they served me is what they already prepared morning breakfast venpongal (balance venpongal in morning) mixed …,Sree Annapoorna
Tirupur Sree Annapoorna,"Me n my frnd go here very regularly, we are regular customers , food and service is very good..",Sree Annapoorna
Tirupur Sree Annapoorna,"*Ghee Roast :good
*Tomato Chuteny:  below average
*Coffee :Super",Sree Annapoorna
Tirupur Sree Annapoorna,At 7.15 pm I had idles here. No coconut chutney. When asked he says it is not ready and brings old rotten chutney and asks me to taste whether it is good. It was smelling bad. What if i got stomach pain after eating it ? Health department should inspect this hotel for spoiled foods.,Sree Annapoorna
Tirupur Sree Annapoorna,"GOOD FOOD
GOOD SERVICE
AFFORDABLE
TASTY FOOD",Sree Annapoorna
Tirupur Sree Annapoorna,Very worst hotel ever I saw they are not even serving food,Sree Annapoorna
Tirupur Sree Annapoorna,"Had Masala dosa, Vada and Tea. Dosa been tasty and the two chutneys and sambar given been pretty good. Vada been hot and crispy. Tea is really good, flavour of ginger enhanced the taste. Kaushal kumar did a good job in getting the food on the table on time.",Sree Annapoorna
Tirupur Sree Annapoorna,"They gave us burnt non eatable butter naan, waste of money and very non responsive, that’s why they took the number out of their number",Sree Annapoorna
Tirupur Sree Annapoorna,Very bad coconut chatni is bad .this is second time,Sree Annapoorna
Tirupur Sree Annapoorna,"Full of arrogant and pervert servers. They don't listen you, they don't respond you, and they ask you to sit in different different tables as they don't want to service you. They forget they are paid for servicing and they just throwing …",Sree Annapoorna
Tirupur Sree Annapoorna,"Went to buy onam sadhya but there was no response, full of rush too",Sree Annapoorna
Tirupur Sree Annapoorna,Disappointed regarding service. No menu provided for personal selection.,Sree Annapoorna
Tirupur Sree Annapoorna,"All food items are very tasty, friendly staffs, neatly maintained hotel. Restroom facilities available.",Sree Annapoorna
Tirupur Sree Annapoorna,"Very worst hotel, I ordered for meals and they served me pappad which was not cooked properly, I asked waiter to change it but he was so rude and saying that all the pappad is like this in kitchen, later he changed it like he is giving from …",Sree Annapoorna
Tirupur Sree Annapoorna,The food is very worst. It's full spicy and not worth at all. Very costly and not able keep the food in mouth. We ordered naan and roti along with 3 variety dosa. Some gravy too. Pls don't visit this hotel .,Sree Annapoorna
Tirupur Sree Annapoorna,"If there was a negative rating I would have given worst behaviour by staff
really worst",Sree Annapoorna
Tirupur Sree Annapoorna,"Extremely Third-Class Counterperson.VERY IRRITATING.I just took three or four tissues for the two of us, and his attitude toward us was rather rude.I asked him if tissues really needed to be kept on the table. Charged double the price for …",Sree Annapoorna
Tirupur Sree Annapoorna,"Such a unhygienic hotel in the name
No hygiene is there
If you see the kitchen it's like devils kitchen",Sree Annapoorna
Tirupur Sree Annapoorna,"Stale food served, no parking, stinking atmosphere, rude service, a very bad experience",Sree Annapoorna
Tirupur Sree Annapoorna,Food taste ok but they need to maintain cleanness ...,Sree Annapoorna
Tirupur Sree Annapoorna,My friend and me went there.In our rasam rice there was an iron rod.In curd a cockroach 🪳.We fought for this but they didn't listen . The staffs were rude too.And everything was dirty. …,Sree Annapoorna
Tirupur Sree Annapoorna,My favourite spot for the past 40 odd years. Every day dawns with Annapoorna filter coffee,Sree Annapoorna
Tirupur Sree Annapoorna,"In the morning, waiters are shouting at each other. Total mood spoils out.

And straing is that men and women waiters are fighting.",Sree Annapoorna
Tirupur Sree Annapoorna,"Below average food, bad service. Not recommend, you better have biscuit and tea from railway station",Sree Annapoorna
Tirupur Sree Annapoorna,Today ordered dinner in Annapoorna in the packaged paper there is worm a in there,Sree Annapoorna
Tirupur Sree Annapoorna,Worst response i had ever had the waiter is not responding and going while speaking,Sree Annapoorna
Tirupur Sree Annapoorna,I really love the food in Annapoorna hotel and the service is really good,Sree Annapoorna
Tirupur Sree Annapoorna,"Need to clean the hotel, Customer service is worst, Handling customers not in good manner, all the customers are feeling the same.. want to change the staffs not even doing their duties..",Sree Annapoorna
Tirupur Sree Annapoorna,Very bad service worst sapla,Sree Annapoorna
Tirupur Sree Annapoorna,Need to maintain good atmosphere for customers,Sree Annapoorna
Tirupur Sree Annapoorna,The food was really good but the price is too expensive.,Sree Annapoorna
Tirupur Sree Annapoorna,They don't care about customers. Service is very bad,Sree Annapoorna
Tirupur Sree Annapoorna,"worst service ,high price and they need tip also",Sree Annapoorna
Tirupur Sree Annapoorna,Good food moderately priced,Sree Annapoorna
Tirupur Sree Annapoorna,not clean and attitude of staff is very bad,Sree Annapoorna
Tirupur Sree Annapoorna,Yummy curd saemiya and fluffy parrotta,Sree Annapoorna
Tirupur Sree Annapoorna,Waiter behaviour is not good,Sree Annapoorna
Tirupur Sree Annapoorna,"Worst experience, bad food, bad service",Sree Annapoorna
Tirupur Sree Annapoorna,Nice Vegetarian Restaurant,Sree Annapoorna
Tirupur Sree Annapoorna,Literally worst service.,Sree Annapoorna
Tirupur Sree Annapoorna,Very bad coconut chutney,Sree Annapoorna
Tirupur Sree Annapoorna,Very good place for pure vegetarians,Sree Annapoorna
Tirupur Sree Annapoorna,"Very bad , Cheating hotel, poor quality food , curd semiya order panna palaya semiya ice mathiri delivery pandranga ,,, curd vada kettu pona vada delivery pannirukanga",Sree Annapoorna
Tirupur Sree Annapoorna,"Tiruppur, which is a wonder to see in India... Yes, Tiruppur... But there is a restaurant like this near the Tiruppur railway station... The reason is that in the town where I was born and raised, there is no one (from the cashier to the waiter) who can ask for food in Tamil...",Sree Annapoorna
annapoorna settinadu unavagam,"Best hostel near Bishop Heber College. Taste 😋 good. Quality and price are best.chilli porata everyone should try it
. …",Sree Annapoorna
annapoorna settinadu unavagam,Very worst parotta. Not hygiene.,Sree Annapoorna
annapoorna settinadu unavagam,Worst  food  worst  taste  not  worth  for  money its  not   worth  for  at least 1  star rating itself,Sree Annapoorna
annapoorna settinadu unavagam,good and tasty food but small place but worth to food,Sree Annapoorna
annapoorna settinadu unavagam,Worst kadai...chi en da dei...kaadu koduthu vangurom...palaya parotta va thariga...poi idhuku pee thinuga da,Sree Annapoorna
Annapoorna - R.S Puram,"With many branches across Coimbatore, Annapoorna is a well-known name, and we visited their R.S. Puram branch with high expectations. As expected, the restaurant was buzzing with evening crowd, reflecting its popularity. …",Sree Annapoorna
Annapoorna - R.S Puram,"Simply one of the best vegetarian restaurants in Tamil Nadu. I tried their tiffin varieties, and every item was excellent. What truly stands out is their sambar—light, flavorful, and perfectly balanced, which makes all the difference for …",Sree Annapoorna
Annapoorna - R.S Puram,"Good food, too much crowd. Managed well. Plenty of parking for cars & bikes. In terms of taste do not expect it the way you have eaten outside places. They make authentic food rich of nutrition and I am sure it will taste different.",Sree Annapoorna
Annapoorna - R.S Puram,"I've bought couple of desserts more than once including 4 chocolate truffle cake, red velvet and white forest cake. The packing was compact and cute. The usage of paper bags is highly appreciated. Bringing in more options such as cheesecake and other delicacies would be recommended.",Sree Annapoorna
Annapoorna - R.S Puram,"Visited with so much expectations because of the name associated with the place. Coimbatore is known for Annapoorna. As per the hype, the place was buzzing with crowd waiting and we waited for around 15 mins. Took time for the table to be …",Sree Annapoorna
Annapoorna - R.S Puram,"Visited ra puram after 20 years and this place brought back all my happy childhood memories! I stayed in icon for two nights and ate breakfast everyday . Everything was perfect. Idiyappam, stew, coconut milk, ghee roast , sambar was just …",Sree Annapoorna
Annapoorna - R.S Puram,One of the best South Indian veg thali in Coimbatore! Great quality and great service! Very humble and professional! We had special South Indian thali. Food was 8/10 service was 10/10 and ambience was traditional 8/10. It was absolutely great to the wallet as it costed just 240Rs for each special thali!,Sree Annapoorna
Annapoorna - R.S Puram,"I’m 39 now, and I’ve been visiting Annapoorna since I was around 10 years old. This restaurant isn’t just a place to eat — it’s a part of my childhood and one of my happiest memories growing up in Coimbatore. …",Sree Annapoorna
Annapoorna - R.S Puram,"Ever Reliable Stop for an Early Evening Bite
We visited the R.S. Puram branch of Annapoorna on a recent evening, and as always, the place lived up to its reputation for consistent quality and a pleasant …",Sree Annapoorna
Annapoorna - R.S Puram,"Ordered mushroom biriyani, served with too much oil. Every spoon had 2 drops of oil pouring out. The bowl of biriyani had almost 30ml of oil. Spoiled my lunch. Missed to take the pic of oil in the bowl. Management attention plz. Restaurant should know when the food is not ok to be served.",Sree Annapoorna
Annapoorna - R.S Puram,"I liked it. We had special meals with lot of variety. As usual food and nice ambience. Avoid peak time like 1.15 PM ,reach before 12.50 to get seats. Crowded after 1PM.. parking was kind of difficult for us. Not tried paid parking.",Sree Annapoorna
Annapoorna - R.S Puram,One of my favourite South Indian vegetarian restaurants in Coimbatore. I am a huge fan of their masala dosa and coffee. As always we had the masala dosa and coffee from here and it was yum.,Sree Annapoorna
Annapoorna - R.S Puram,"I visited this restaurant on a Sunday night and was really disappointed. It was overcrowded, and the wait time was around 30 minutes, which isn’t ideal, especially when the waiting area was packed. It felt more like a bus stand in South …",Sree Annapoorna
Annapoorna - R.S Puram,"⭐ 4 Stars

Annapoorna in RS Puram is a well-known spot for tasty and reliable food. The …",Sree Annapoorna
Annapoorna - R.S Puram,I had a delicious special meal here & it had an authentic taste. 😋🍽️ Worth the 10-20 minute wait! ⏳💯 #food #taste #meal #wait #worth …,Sree Annapoorna
Annapoorna - R.S Puram,"As the name suggests, Hotel Annapurna is a complete delight for vegetarian food lovers. It serves an authentic South Indian menu known for its rich flavours and quality. If you’re visiting Coimbatore, this is a must-visit spot for delicious vegetarian cuisine. Don’t miss their signature peanut milkshake, it’s a must-try.",Sree Annapoorna
Annapoorna - R.S Puram,"We visited this restaurant for breakfast as a group of nearly six members. We ordered Idli, Pongal, Masala Dosa, and Normal Roast. All the dishes were served fresh and hot. …",Sree Annapoorna
Annapoorna - R.S Puram,"After the renovation, this restaurant has a modern and pleasant ambience. The only minor drawback is that the seating space feels a bit limited compared to before, though it is still adequate for a typical restaurant and includes …",Sree Annapoorna
Annapoorna - R.S Puram,"Excellent meals ! We went for lunch - day 1, we went late, around 2:45pm and were behind atleast 25 others who were already waiting. By the time of turn came for seating, it was beyond 3pm and we were told there is no meals (we ordered …",Sree Annapoorna
Annapoorna - R.S Puram,It's packed at 9.30 PM on a Friday night. And there's a big display of the 50 year heritage of Annapoorna. …,Sree Annapoorna
Annapoorna - R.S Puram,"Visited Annapurna at R.S. Puram and had a great experience! Tried their plain roast, sambar vadai, uthappam, kolukattai, along with their special filter coffee and rose milk. The plain roast stood out – crispy and flavorful. Uthappam and …",Sree Annapoorna
Annapoorna - R.S Puram,"I’ve been a loyal customer of Annapoorna for 25 years. The taste and service remain excellent. However, I’ve noticed that the quantity has been reduced recently while the prices remain the same. The portion size doesn’t feel worth the cost …",Sree Annapoorna
Annapoorna - R.S Puram,"Had a great dining experience at Sree Annapoorna - R.S. Puram. The service was prompt and the food was absolutely satisfying. We ordered a Raja Bhojanam and two South Indian Meals — everything was served fresh, hot, and tasted authentic. …",Sree Annapoorna
Annapoorna - R.S Puram,"If you want cleanliness and taste, this is the best option for you. There was an incredible rush of people coming for lunch even after 3 pm.AC and non-AC dining are available.Car parking available and charges are 10 rs per hour.",Sree Annapoorna
Annapoorna - R.S Puram,"The food is nothing much to boast about, but the restaurant has a neat and clean atmosphere with a good parking area. Soft background music makes the place pleasant. …",Sree Annapoorna
Annapoorna - R.S Puram,"Overall delicious authentic food with reasonable prices.
The only thing I would not reccomend are the soups, I took the sweet corn which was tasteless and I took the spicy soup which also had a weak taste. …",Sree Annapoorna
Annapoorna - R.S Puram,"Located in RS Puram, it’s a great option for vegetarians. I bought Mysore Pak, milk halwa, and Jilebi, and it’s definitely a good place for buying sweets. The staff was friendly, and they even let us try before buying. Overall, good service and a pleasant experience.",Sree Annapoorna
Annapoorna - R.S Puram,"One of Coimbatore’s most trusted names when it comes to South Indian vegetarian food, Sree Annapoorna in R.S. Puram delivers a classic experience rooted in tradition and quality. The ambience is clean, the service is quick and courteous, …",Sree Annapoorna
Annapoorna - R.S Puram,"Annapoorna Vegetarian is a vegetarian premium chain restaurant which is worth the hype.. The ghee dosas, mini sambar idlis are mouth watering.. The sweets and halwas are also amazing.. Service is also top notch... However they charge Rs 10 …",Sree Annapoorna
Annapoorna - R.S Puram,"Food - Really tasty , we tried Paneer Tikka, Ghee Roast, Chapati Kurma, Filter Coffee
Price - Slightly on the expensive side …",Sree Annapoorna
Annapoorna - R.S Puram,"Great ambiance, reasonable prices. Good taste. Top notch lighting and clean restrooms are the highlight. Local delicacies are more tasty. North Indian items feel less apt as per North Indian taste. But definitely worth visiting once for the sake of local South Indian dishes, sweets and service offered at very affordable prices.",Sree Annapoorna
Annapoorna - R.S Puram,"Over hyped place, used to be a regular 25 years back, visited after a long time, quality has gone downhill compared to nostalgia I had experienced. There is a long waiting time for this place, not sure how people still fall for this place, …",Sree Annapoorna
Annapoorna - R.S Puram,"⭐⭐⭐⭐☆

Seeing the huge rush for valet parking immediately created an impression that …",Sree Annapoorna
Annapoorna - R.S Puram,Super busy but the staff are very attentive and friendly. Gave us recommendations and they were on the spot! Pepper idli 😍 100/10 garlic roast dosa was absolutely yummy! Filter coffee was amazing and the rose milk 🤌🏻 aapam and idiyappam were extremely delicious! Thank you! ❤️ …,Sree Annapoorna
Annapoorna - R.S Puram,"Tried another Annapoorna franchise and was not disappointed at all. It was good as always. The executive lunch thali was great, and the rawa masala dosa was tasty. The cream bun was good too.",Sree Annapoorna
Annapoorna - R.S Puram,"Another day another meal at Annapoorna

We came to mark our presence at R S Puram Annapoorna again this year. …",Sree Annapoorna
Annapoorna - R.S Puram,"I recently visited the See Annapoorna hotel and I have to say, their sambar wad and South India filter offer did not disappoint! The sambar wad was perfectly crispy and the flavors were spot on. And don't even get me started on their South …",Sree Annapoorna
Annapoorna - R.S Puram,A top class hotel situated in RS PURAM serving for decades with the same taste I had before years. …,Sree Annapoorna
Annapoorna - R.S Puram,"If you're looking for the best dosa in town, look no further — crispy, golden, and perfectly made, it’s dosa done right. The idlis are soft and fluffy, just how they should be. The chutney is fresh and bursting with flavor, and the sambar is rich, comforting, and absolutely delicious. Simple, classic South Indian fare at its finest.",Sree Annapoorna
Annapoorna - R.S Puram,"Went for lunch. Fully packed around 3 PM, had to wait for mere 5 minutes.

Ordered Thali for just Rs 252 and it was having multiple options to have it. …",Sree Annapoorna
Annapoorna - R.S Puram,"This is a spacious and clean restaurant that would be appealing to vegetarians, offering both South Indian and North Indian cuisine. However, the service time from order placement to food delivery was a bit lengthy, approximately 15 minutes. I liked the massive car park available in the city center",Sree Annapoorna
Annapoorna - R.S Puram,"If you're looking for the ultimate vegetarian dining experience in Coimbatore, this fully vegetarian South Indian restaurant is the place to visit. From the moment you step inside, you're greeted by an atmosphere of cleanliness and …",Sree Annapoorna
Annapoorna - R.S Puram,Best sambar in the whole world and maybe in other planets as well! Must try their dosas and parotta!,Sree Annapoorna
Annapoorna - R.S Puram,"The food that we’d ordered took atleast 15 minutes to arrive. The sambar had large bits of onion peels in them, absolutely unhygienic. Ordered a coffee and it tasted like the coffee powder  was burnt . It was a mistake having dinner here. Wouldn’t recommend this to anyone when there are other better places in Coimbatore to eat at.",Sree Annapoorna
Annapoorna - R.S Puram,Loved the food here and the ambience is awesome. The restaurant is renovated now and it's awesome to have a dine in experience. The rest rooms are very clean and neatly maintained. The service is good and the food items are very tasty and …,Sree Annapoorna
Annapoorna - R.S Puram,"Dear Annapoorna RSPuram
You were always fresh in my childhood memory from 1975 onwards. I recall Mr. Mani & the senior supervisory staff members used to take care of me who was a …",Sree Annapoorna
Annapoorna - R.S Puram,"Dear Sir/Madam,

I am writing to share feedback regarding my recent dining experience at your …",Sree Annapoorna
Annapoorna - R.S Puram,"Sree Annapoorna in R.S Puram is a fantastic vegetarian restaurant! They serve exceptional Idlis, delicious Pongal, and authentic Filter Coffee. The restaurant is spacious and well-maintained, making it a great spot for a comfortable dining experience. Highly recommended for vegetarians, a must-visit for a satisfying meal!",Sree Annapoorna
Annapoorna - R.S Puram,"Name you commonly associate with coimbatore. Travelled there so dropped by , long queue , but very organized management including the parking ( which is 200m to the front of the opposite side) . Waited for 20-25 min. But the crowd added to …",Sree Annapoorna
Annapoorna - R.S Puram,"Tasty food like not Wow but a decent taste, great ambience, The signature FILTER COFFEE?,,,,,A perfect full stop to a classic South Indian meal and ...
spot-on cleanliness from handwash to restrooms. . Only catch: the wait can test your patience if you’re in a rush.",Sree Annapoorna
ANNAPOORNA FAMILY RESTAURANT AND PUNJABI DHABA,"I have buyed a chicken  rice but there is a oriental beetle which was fried with that rice
And the tomato scauce which is placed in the shop was expire we gave complaint but the didn't replace",Sree Annapoorna
ANNAPOORNA FAMILY RESTAURANT AND PUNJABI DHABA,"Taste and cost are okay ,",Sree Annapoorna
ANNAPOORNA FAMILY RESTAURANT AND PUNJABI DHABA,Very good Taste beautiful place,Sree Annapoorna
ANNAPOORNA FAMILY RESTAURANT AND PUNJABI DHABA,"Food is too good previously I tried Hindustani Dhaba anthiyur that was not good comparetively this restaurant,only issue is four wheeler parking,food and ambience is too good lot of variety also available budget frndly",Sree Annapoorna
ANNAPOORNA FAMILY RESTAURANT AND PUNJABI DHABA,Your services are very good and the taste is also very good. Thank you.,Sree Annapoorna
ANNAPOORNA FAMILY RESTAURANT AND PUNJABI DHABA,"All food good
Fast cocking good test",Sree Annapoorna
ANNAPOORNA FAMILY RESTAURANT AND PUNJABI DHABA,Excellent Taste Yemmyyyy🤩👒 …,Sree Annapoorna
ANNAPOORNA FAMILY RESTAURANT AND PUNJABI DHABA,Very worst experience don't try this,Sree Annapoorna
ANNAPOORNA FAMILY RESTAURANT AND PUNJABI DHABA,Good family restaurant in guruvareddiyur,Sree Annapoorna
ANNAPOORNA FAMILY RESTAURANT AND PUNJABI DHABA,"Everything is good, and good enviroment",Sree Annapoorna
ANNAPOORNA FAMILY RESTAURANT AND PUNJABI DHABA,Everything is gudd 👍 …,Sree Annapoorna
ANNAPOORNA FAMILY RESTAURANT AND PUNJABI DHABA,"I ordered Tandoori Chicken and Chicken Rice for dinner. The Tandoori Chicken was extremely hard, dry, and appeared to be old food. When I complained, the staff agreed to replace it but asked me not to touch it because they intended to serve …",Sree Annapoorna
ANNAPOORNA FAMILY RESTAURANT AND PUNJABI DHABA,Nanga 2 peru chicken rice vanga ponam anga golisoda try pannom ana en frd kudica soda taste illa expired aiduchu ana compliment panna proper response illa so disappointed,Sree Annapoorna
Sree Annapoorna Sweets & Savouries - Erode,"SREE ANNAPOORNA FOODS was established in 1970 . At a time when traditional grinding of spices at homes was quite the order of the day, Sree Annapoorna Foods pioneered the art of spice processing. It began by providing high quality spices …",Sree Annapoorna
Sree Annapoorna Sweets & Savouries - Erode,"Sweets, masala snacks at first quality.",Sree Annapoorna
Sree Annapoorna Sweets & Savouries - Erode,The worst.... Sweets are not soo good for the money... Sweets were old...,Sree Annapoorna
Sree Annapoorna Sweets & Savouries - Erode,"Very tasty, less oil , savouries",Sree Annapoorna
Tirupur Sree Annapoorna Sweets shop,A traditional shop which needs to seriously re-think about their maintenance. below average food and water logged sinks. Somebody got to tell them briyani less steamed mushroom isn’t mushroom briyani. They should also increase the frequency of changing the pickle trays.,Sree Annapoorna
Tirupur Sree Annapoorna Sweets shop,Hotel was good but service was very worst And I went to buy sweets and the cashier there said that there were no people to take sweets. Unexpected answer Annapoorna Hotel is very famous but I don't know how they run the hotel with such careless people. They don't even feel sorry that their business is going to waste.,Sree Annapoorna
Tirupur Sree Annapoorna Sweets shop,Costly but not worth the service and ambience,Sree Annapoorna
Tirupur Sree Annapoorna Sweets shop,"Parcel service not given on token given by bill number
Worst parcel service not given parcel service by bill order I requested but parcel staff Don't care",Sree Annapoorna
Tirupur Sree Annapoorna Sweets shop,"My favourite Filter coffee spot... Everyday we have coffee here....
Authentic Filter coffee",Sree Annapoorna
Tirupur Sree Annapoorna Sweets shop,"Today, I had Pongal for breakfast, but it was too dry to consume and the Vada was too expensive compared with other hotels",Sree Annapoorna
Tirupur Sree Annapoorna Sweets shop,Worst restaurant I ever went. They didn't care who were there waiting for onam meals. We waited for about an hour they asked us to wait more. But the thing is we called them before we go there and asked if they were serving and they said …,Sree Annapoorna
Tirupur Sree Annapoorna Sweets shop,"The shop tends to be quite crowded at most times, and the staff should show a more welcoming and polite attitude toward customers. Additionally, the selection of sweets is somewhat limited, and the freshness of the items needs to be improved.",Sree Annapoorna
Tirupur Sree Annapoorna Sweets shop,Excellent 👌 Customer service by the staff and lunch meal with Tax ₹105 worth recommending …,Sree Annapoorna
Tirupur Sree Annapoorna Sweets shop,"Yes good ambiance and best taste, one more thing early morning 6.00 o'clock breakfast will be available it's very useful for early morning train travels 🧳 especially kovai and tirupati express …",Sree Annapoorna
Tirupur Sree Annapoorna Sweets shop,"Shady atmosphere and too arrogant staffs (serving, billing).
When I told this to cashier, he was ignoring.
I'm regular visitor to Coimbatore sree annapurna near kmch and always impressive.",Sree Annapoorna
Tirupur Sree Annapoorna Sweets shop,Bought Chilli parotta and plain parotta... way too much oil in Chilli parotta we can get 1/4 litre oil just my tilting ... parotta good gravy given also good,Sree Annapoorna
Tirupur Sree Annapoorna Sweets shop,"Best restaurant i ever seen, tasty sambar and chutney making it relish.
Number one taking covid measure , wearing the mask not touching the mask . serving in same banana leaf by not touching the food . …",Sree Annapoorna
Tirupur Sree Annapoorna Sweets shop,"Horrible quality and no sense of hygene at the India lodge annapoorna outlet. I had ordered a ghee malala roast.
Will never visit it.",Sree Annapoorna
Tirupur Sree Annapoorna Sweets shop,Sir today lunch very worst rice not cooking well my sister get disentry and my aunt get stomach pain you ate very old and good hotel in our town why this happened i am your customer for the 40 years i konw mr. Satheesh and his father but i very shame to days lunch,Sree Annapoorna
Tirupur Sree Annapoorna Sweets shop,"Poor customer care in sweet shop. Girl at sales section is very rude showing sign language. It is not clean also
Will never visit again",Sree Annapoorna
Tirupur Sree Annapoorna Sweets shop,Maintaining the taste all the time with super hygien.,Sree Annapoorna
Tirupur Sree Annapoorna Sweets shop,"Food taste is ok but compared to rate food not good
Service is very bad the take more attention to the ac room
Atmosphere is not well their is no parking facility",Sree Annapoorna
Tirupur Sree Annapoorna Sweets shop,"Food is ok but this not the branch  of original Annapoorna, though they copied even the font same , don’t get fooled like we got fooled, not a fair business practice",Sree Annapoorna
Tirupur Sree Annapoorna Sweets shop,It's a good place to taste their signature dish sambar idly it would be highly recommended,Sree Annapoorna
Tirupur Sree Annapoorna Sweets shop,Best for South Indian Delicasy. Loved the Rava Dosa.,Sree Annapoorna
Tirupur Sree Annapoorna Sweets shop,Best service in the hotel I never seen and waiter are takeing care of costamer.,Sree Annapoorna
Tirupur Sree Annapoorna Sweets shop,It takes one hour for them to keep the food on your table very worst service,Sree Annapoorna
Tirupur Sree Annapoorna Sweets shop,"The hotel ambiance didn't appeal to me, and I found the food to be only average.",Sree Annapoorna
Tirupur Sree Annapoorna Sweets shop,Good quality and variable sweets savouries.,Sree Annapoorna
Tirupur Sree Annapoorna Sweets shop,"Worst Service.. Staff treat lik begger
We are customers or beggers",Sree Annapoorna
Tirupur Sree Annapoorna Sweets shop,The food was good and healthy,Sree Annapoorna
Tirupur Sree Annapoorna Sweets shop,"Is this even original Annapoorna or smug duplicate one ? If not original, pls stop misleading consumers",Sree Annapoorna
Tirupur Sree Annapoorna Sweets shop,Super taste clean kitchen. Neat rest rooms . Fast services. Amazing taste .,Sree Annapoorna
Tirupur Sree Annapoorna Sweets shop,Top rated place for vegetarian food and sweets.,Sree Annapoorna
Tirupur Sree Annapoorna Sweets shop,Super tasty sweets best ghee sweets in world. Try bengali sweets.,Sree Annapoorna
Tirupur Sree Annapoorna Sweets shop,Super good food . Nice taste.  Fast service.,Sree Annapoorna
Tirupur Sree Annapoorna Sweets shop,Worstu customer service,Sree Annapoorna
Tirupur Sree Annapoorna Sweets shop,Best Bengali sweets . Rasamalai rose biscuit super duper,Sree Annapoorna
Tirupur Sree Annapoorna Sweets shop,Best coffee in railway station,Sree Annapoorna
Tirupur Sree Annapoorna Sweets shop,Staffs are not respecting customers,Sree Annapoorna
Tirupur Sree Annapoorna Sweets shop,Always fantastic taste...,Sree Annapoorna
Tirupur Sree Annapoorna Sweets shop,Costume service is very bad,Sree Annapoorna
Tirupur Sree Annapoorna Sweets shop,Worst behaviour of staff and,Sree Annapoorna
Tirupur Sree Annapoorna Sweets shop,Very bad cashier.very very bad,Sree Annapoorna
Tirupur Sree Annapoorna Sweets shop,Late to deliver the food.,Sree Annapoorna
Tirupur Sree Annapoorna Sweets shop,Very bad coustomer service,Sree Annapoorna
Tirupur Sree Annapoorna Sweets shop,"Very worst service
Taste is not good",Sree Annapoorna
Tirupur Sree Annapoorna Sweets shop,"One of worst response and worst experience. Ordered roast and it comes very cold and soggy when we ask them their response is the roast taken from the kitchen to dinner table it has become cold , the ignorance is the worst response from them not even ready to listen to customer poorest service.",Sree Annapoorna
Tirupur Sree Annapoorna Sweets shop,"Still same taste

Rate are High",Sree Annapoorna
Tirupur Sree Annapoorna Sweets shop,Parcel token first I given but that staff boy given preference to other who give me after I given the token. Worst . I said that boy first I am given token but he don't care me.,Sree Annapoorna
Tirupur Sree Annapoorna Sweets shop,"Worst service by supplier…..am not satisfied in service

If I get good option near railway station i will move to there with my business …",Sree Annapoorna
Tirupur Sree Annapoorna Sweets shop,Nalla tha irukku venunna vangi sapdu,Sree Annapoorna
Tirupur Sree Annapoorna Sweets shop,At what time are hot Jalebi and Samosa available here?,Sree Annapoorna
Tirupur Sree Annapoorna Sweets shop,Really nice 👍 taste sweet namkeen ratlami …,Sree Annapoorna
Annapoorna - NH Avinashi,"Stopped by this restaurant while traveling from Salem to Coimbatore and had a pretty decent experience overall. The place has a wide variety of options on the menu, and they also have a bakery and sweets counter with plenty of choices, …",Sree Annapoorna
Annapoorna - NH Avinashi,"Annapoorna was decent hotel in Avinashi. Highly recommended for breakfast.
Staff were very polite and decent.
You will get parking facilities with Zeon charging station for car charging. …",Sree Annapoorna
Annapoorna - NH Avinashi,"Had very nice meal in ac room .

The service is very good. It was unlimited veg meal for 160 rs. …",Sree Annapoorna
Annapoorna - NH Avinashi,Excellent 100% vegetarian food. The doosa & idli is quite famout. Fliter south indian coffee is a must try. Afternoon lunch  time they serve meals or thali which absolutely must try. They have sweets counter for sweet tooth. Family & kis …,Sree Annapoorna
Annapoorna - NH Avinashi,"Had a lovely meal at Annapurna Restaurant.
Manju served us and she was extremely sweet, warm, and helpful throughout the visit. …",Sree Annapoorna
Annapoorna - NH Avinashi,"Visited this place while traveling from Salem to Coimbatore. Overall, it turned out to be a decent stop for a quick break. …",Sree Annapoorna
Annapoorna - NH Avinashi,"We were travelling from munnar to Bangalore and were looking for pure veg restaurant and we found this one.. beautiful, comfortable, hygienic place and food is also very affordable and delicious. Restrooms are also available in very good condition. Staff is very attentive.Try this place without any doubt.",Sree Annapoorna
Annapoorna - NH Avinashi,"I recently visited the Annapoorna location on the Avinashi National Highway and had a truly wonderful dining experience, largely thanks to the exceptional service provided by Santhi. …",Sree Annapoorna
Annapoorna - NH Avinashi,"Annaporna is not just a restaurant, it’s practically an institution in Tiruppur. Step inside and you’ll find yourself swept into a lively dining hall buzzing with locals, travelers, and textile traders all sharing long communal tables. …",Sree Annapoorna
Annapoorna - NH Avinashi,"The atmosphere was very good. They served dishes (pongal, dosa) directly on plate without banana leaf, which i came to expect in such restaurants 🙂‍↕️. Pongal was good, but it had lot of ghee. Onion dosa was just ok, very flaky and onion …",Sree Annapoorna
Annapoorna - NH Avinashi,"Went to Annapoorna Hotel for a cup of coffee, and it instantly melted away my office stress, as usual ☕😌 The calm atmosphere and Nithya’s warm service made it even better. Always a comforting place to unwind. Highly recommend! …",Sree Annapoorna
Annapoorna - NH Avinashi,"Located on Highway, spacious parking.
Good Food and also has sweets and dessert counters.",Sree Annapoorna
Annapoorna - NH Avinashi,"Although the food was delicious, the service was not entirely satisfactory. The starters were served considerably late, after we had already completed our meal, which unfortunately led us to decline them.",Sree Annapoorna
Annapoorna - NH Avinashi,"Tried idli, vada, kichadi & mini tiffin. Super tasty, but they don’t hold back on ghee 😄 Mini tiffin is genuinely mini—yes, even the coffee 😎 …",Sree Annapoorna
Annapoorna - NH Avinashi,"We have had great experience at Annapoorna in Coimbatore. This branch near Avinashi reinforced their quality and taste. We stopped for breakfast, had idli, vada, sambar vada, pongal and coffee. All were superb. Service was excellent. …",Sree Annapoorna
Annapoorna - NH Avinashi,Food is heaven here. Coffee and roast are my fav. I live far from here. I get a chance only once a here to travel. I always come to annapoorna for it's food. Excellent service. Thanks annapoorna for being a proud fame for the vegetarian food at coimbatore.,Sree Annapoorna
Annapoorna - NH Avinashi,"Highly overrated. Says Dosa takes 30 minutes and makes us order poori,  than again we need to wait for 30 minutes for Poori. Food is bland too, Service is meh!",Sree Annapoorna
Annapoorna - NH Avinashi,"Dinner not recommended heavy croud.. waiting time more than 10 minutes.

Our order will be severd delay (may be due to the croud) dosa order take 15 …",Sree Annapoorna
Annapoorna - NH Avinashi,"Stopped over for dinner. Ordered a simple dinner. The service was quick, and the food was tasty. I also ordered tea, which was good too. Very reasonable in prices. One thing that I was surprised, they do not offer napkins or spoons when …",Sree Annapoorna
Annapoorna - NH Avinashi,Delicious food.  I had ever eaten this kind of delicious food in my life.  I appreciate the entire Annapoorna crews and mainly the chef who makes the delicious food.,Sree Annapoorna
Annapoorna - NH Avinashi,"We stopped for lunch while traveling from Coimbatore to Namakkal.
It is adjacent to the national highway.
This is a very popular shop for vegetarian food and snack items. …",Sree Annapoorna
Annapoorna - NH Avinashi,Great food. Great place to stop on the way back from Coimbatore to Bangalore,Sree Annapoorna
Annapoorna - NH Avinashi,"Just came out after dining.
Your coffee is just next to BS.....
Very bad... What happened..... Poor poor coffee....... Better get back to old …",Sree Annapoorna
Annapoorna - NH Avinashi,Annapoorna has become my go-to restaurant whenever I'm traveling from Kerala to Bangalore on NH 44. It's the ideal pit stop that never disappoints. …,Sree Annapoorna
Annapoorna - NH Avinashi,"Zero service, their wonderful managers and service providers don't know how to behave with customers, think like we are the used plates, clearing the tables without any culture and manners. Because they already a reputed restaurant, …",Sree Annapoorna
Annapoorna - NH Avinashi,"I had Plain Roast and Sambar Idli here, and both were delicious and perfectly prepared. The service was quick, and the pricing was reasonable. Overall, it was a great experience, and I would definitely recommend this place for a tasty South Indian meal.",Sree Annapoorna
Annapoorna - NH Avinashi,"Service:
5 star rating for the service. Staff are very polite and appear neat. …",Sree Annapoorna
Annapoorna - NH Avinashi,Conveniently location in the NH and this particular area has all big shops for vegetarian and non vegetarian too ( @haribavanam) . Hotel is big with half of ground floor are for diners and rest of half for sweets and snacks. Food tasted …,Sree Annapoorna
Annapoorna - NH Avinashi,"Food served was very good and idiyappam,appam was good.
Costwise good and packing of food is super.. prefer annapoorna to eat good and tasty food",Sree Annapoorna
Annapoorna - NH Avinashi,Really a very good restaurant for having a food .The restaurant ambience was very good and clean.they maintained very good and restroom were also neat and good.We had ordered 2 raja bhojanam meals and filter coffee.The meals was very good …,Sree Annapoorna
Annapoorna - NH Avinashi,"Hi Annapoorna,

It was wonderful spent with your food and atmosphere, But only thing you have to …",Sree Annapoorna
Annapoorna - NH Avinashi,"Taste was good and delicious 😋, went with family enjoyed. All the items we ordered were good in taste. Worth the money, good service was provided. Mostly tomato uttapam, aapam thengai paal, and ghee roast,,, was my favourite dish which we ordered. The coffee was fantastic, mostly recommended for ☕ lovers. …",Sree Annapoorna
Annapoorna - NH Avinashi,Food is tasty. The quality of food is very good but the service requires some effort to make customers happy.,Sree Annapoorna
Annapoorna - NH Avinashi,"Good food, great place and fantastic service. Only disappointed is pricing for chappathi and parotta, 66Rs for one parrota is no value for money, rest everything is fantastic. Atmosphere is one of the best in the city. Tea and filter coffee is must try @ Annapoorna",Sree Annapoorna
Annapoorna - NH Avinashi,"Sree Annapoorna (NH Avinashi) - very impressed.
It has become a mandatory food stop whenever we drive from coimbatore to Bangalore via Avinashi road. …",Sree Annapoorna
Annapoorna - NH Avinashi,We have stopped for dinner. Food is decent enough and cost also ok. You may get dosa kind of regular things little fast but need to wait for rice and north Indian dishes. Toilets are very clean and has enough parking.,Sree Annapoorna
Annapoorna - NH Avinashi,"Fraud Hotel, They cheated with old bill, we eat 3 normal meal and 1 mini meal but they give 2 old bill with different time mentioned the bill and charged for special meal. Beware from this fraud hotel",Sree Annapoorna
Annapoorna - NH Avinashi,Sumptuous vegetarian Lunch indeed. Stopped over for lunch enroute CBE - BLR. Enough parking space. …,Sree Annapoorna
Annapoorna - NH Avinashi,A delight for all the residents of Tirupur as well as the highway travellers. The class and trademark are well met in this branch too! There is a very wide parking space. Along with food they also have savouries and sweets. The staffs are …,Sree Annapoorna
Annapoorna - NH Avinashi,"Nice vegetarian restaurant on national highway ( on the bypass Avinashi). Beautiful views. Neat and clean , hygienic multi storey building. We just had coffee and baby corn manchurian. Tasting good . Restaurant has good parking lot free car …",Sree Annapoorna
Annapoorna - NH Avinashi,"FOOD -Good
AMBIENCE- Great
Service-Good …",Sree Annapoorna
Annapoorna - NH Avinashi,"Good quality is the same iconic taste that you would find in the numerous branches in Coimbatore. People seem nice, the place doesn't seem super busy like it is in Coimbatore. I'm guessing that they get the stuff from Coimbatore central …",Sree Annapoorna
Annapoorna - NH Avinashi,"On July 29, we went this fantastic hotel,locates in avinashi by pass, we 3 persons have our full  dinner, all items are truly fine,, surprisingly we complete our dinner with coffee, below rs 500. I was whistled,, one more word to tell,.  They maintain very hygiene &cleanliness,, don't miss this place on your next trip..",Sree Annapoorna
Annapoorna - NH Avinashi,"Had a breakfast with my family at this restaurant in Avinashi Road Chennai Highway. The food was delicious 😋  and of great quality. We had Onion dosa, Pongal vada,  Poori , Ghee Roast and coffee ☕. The compliment chutneys were so good and …",Sree Annapoorna
Annapoorna - NH Avinashi,"If you’re traveling from Coimbatore to Salem and craving authentic South Indian vegetarian food, this restaurant is a perfect stop. The place is neat and clean, with tidy restrooms that make it family-friendly. Located right off the …",Sree Annapoorna
Annapoorna - NH Avinashi,"Now a days they are less concerned reg Food Quality - taste.....
Service - except for 1 or 2, no one cares..
Hygiene - they don't even serve in plantain leaf .. just over the Ss plates... …",Sree Annapoorna
Annapoorna - NH Avinashi,"This is a great spot for a moment of rest during our travels , the food is good compared to other restaurants in the vicinity of it . The special meals stand out  from the others , the poori was good but the schezwan mushroom fried rice was …",Sree Annapoorna
Annapoorna - NH Avinashi,"I never expected this kind of issue from Annapoorna. We ordered Paneer Schezwan Rice but received plain Schezwan Rice, yet we were charged extra for the paneer....it's mean we are cheated...",Sree Annapoorna
Annapoorna - NH Avinashi,"This is the first time we dined in at Annapoorna in this branch, even though we have gone multiple times in Coimbatore branches. Veg spring rolls is really good. The soup tasted fine, but was little cold. Ms.Nithya who attended on us was very courteous, and pleasant. Inspite of the heavy rush, Service was reasonably fast.",Sree Annapoorna
Annapoorna - NH Avinashi,"As usually the food was absolutely delicious. The ambiance was warm, inviting. Highly recommend!",Sree Annapoorna
Annapoorna - Avinashi road,"Annapoorna on Avinashi Road, Coimbatore, is one of the most famous and original branches, known for its legacy and authentic South Indian breakfast. I visited here with my office colleagues before heading to Ooty, and the place was buzzing …",Sree Annapoorna
Annapoorna - Avinashi road,"It isn’t the same Annapoorna I tried few years back. Taste is a total let down, everything we ordered lacked flavour. I really don’t know when Annapoorna started serving Bangalore style sambar which was sooo sweet, yuck! Coconut chutney is …",Sree Annapoorna
Annapoorna - Avinashi road,"Located just oppsite to KMCH & near to Coimbatore Airport.
One of the best branch of Annapoorna in Coimbatore. Almost all dishes are good in taste. Afternoon 'Raja bhojanam' meals available. …",Sree Annapoorna
Annapoorna - Avinashi road,"The interiors, staff behaviour and food gives a very luxurious yet homy vibe.
The staff are interactive and helpful.
The interiors even in the non ac section are eye catching, giving a royal feel. …",Sree Annapoorna
Annapoorna - Avinashi road,Very delicious vegetarian food. Tasty high quality. Nice clean beautiful restaurant. Very famous in coimbatore city. Amazing location. Free drinking water. Coffee ☕️ nice 👍 best place for dining. …,Sree Annapoorna
Annapoorna - Avinashi road,Update: Visited the restaurant for breakfast and the restaurant was quite packed. Coffee was good and so was the vada. But this could be an unpopular opinion - the dosas were ok - I ordered for onion rava masala dosa and butter masala dosa …,Sree Annapoorna
Annapoorna - Avinashi road,"Arrived at Sree Annapoorna near Coimbatore Airport in Peelamedu right at 5:44 PM, just past lunch so thali wasn’t available—opted for their signature crispy masala dosa and steaming veg soup instead, both bursting with authentic South …",Sree Annapoorna
Annapoorna - Avinashi road,This Annapoorna restaurant was close to my hotel and I tried dinner (Ghee Masala Dosa & Tea) and it was perfect. Next day I tried filter coffee by evening and I’m happy. I will definitely suggest anyone to have good food here.,Sree Annapoorna
Annapoorna - Avinashi road,Being one of the best hotel chain in the town this hotel was also the best. Located in a prime location near to Airport and opposite to KMCH hospital. The food and service was excellent. Even though it was crowded didn't feel much about the …,Sree Annapoorna
Annapoorna - Avinashi road,"Food is good
But the service is worst. The staffs don’t even care about cleaning the table and taking orders. …",Sree Annapoorna
Annapoorna - Avinashi road,"The atmosphere and the food was awesome here. We had the evening food on our way back and it was so yum that we had ordered many items. Of which we liked was the cream bun, Jam Bun. The dosa and sambar vada was so awesome. …",Sree Annapoorna
Annapoorna - Avinashi road,"We had a wonderful dining experience at Annaporna near Coimbatore International Airport. From the moment we walked in, the hospitality stood out. …",Sree Annapoorna
Annapoorna - Avinashi road,Missed the tiffin time however had a quite bite before hitting the road again...very impressed with the quick service and humble staff!!!,Sree Annapoorna
Annapoorna - Avinashi road,"We had ordered peas paulav , Jeera rice and mushroom paulav. To my surprise all came with same rice just a peas with one jeera with other and mushroom with another. Taste was not got. Overpriced. Crowded.",Sree Annapoorna
Annapoorna - Avinashi road,"The ghee roast was rich and flavorful,  BUT  had a bit more ghee than necessary— …",Sree Annapoorna
Annapoorna - Avinashi road,"Annapoorna is spoiling the name of pride of coimbatore, Today Visited Sitra outlet worst experience, I ordered Appam but received butter Appam of we asked they are saying we will provide only butter Appam in Annapoorna but in your Menu card …",Sree Annapoorna
Annapoorna - Avinashi road,"Enjoyed a delightful breakfast at Annapoorna with friends.

Food quality was very good — flavorful and satisfying. …",Sree Annapoorna
Annapoorna - Avinashi road,We had idly and ghee masala dosa along with THE coffee. The food was exceptional as usual. The problem we faced was that most of the items on the menu weren’t available or rather sold out as it was told to us. Could be because we went by …,Sree Annapoorna
Annapoorna - Avinashi road,Really good place to have your food. Our driver told this was most famous place to have food. Traditional south indian food. We had standard meals. And it was worth having food here. Loved the food. Spent less the Rs.300 for two people.,Sree Annapoorna
Annapoorna - Avinashi road,The food we ordered (Ghee Masala Dosa and Rajbhojanam) was very delicious and our waiter Satyam and captain Malathi gave us good recommendations. They were very sweet with us. Will definitely visit back again.,Sree Annapoorna
Annapoorna - Avinashi road,when i came from kochi a friend from  coimbatore suggest me this hotel ( told me that they serve very good veg foods). the hotel is located in the highway near to KMCH hospital. tried ghee masala dosha and coffee. both tastes delicious and …,Sree Annapoorna
Annapoorna - Avinashi road,"When I tell you that this was THE BEST SOUTH INDIAN BREAKFAST ever, I mean every word. From the cleanliness of the establishment, to the friendly staff and the food, there is nothing to fault in this no frills restaurant. I went over for a …",Sree Annapoorna
Annapoorna - Avinashi road,"Today I bought cake for my daughter 2 year old, 1 white pastry and 1 red velvet (takeaway) I got a foul smell after opening the box while im processing in a second my daughter had a large bite after that my husband confirmed the cake is …",Sree Annapoorna
Annapoorna - Avinashi road,Top-notch food and exceptional service! The restaurant is very clean and well maintained. …,Sree Annapoorna
Annapoorna - Avinashi road,Good food good staff overall good experience,Sree Annapoorna
Annapoorna - Avinashi road,"Quality check necessary & take immediate action.

We took special meal which was too tasty and heavy also. …",Sree Annapoorna
Annapoorna - Avinashi road,One of the Best South Indian Cuisine Restaurant. excellent food taste and quality. Huge extravagant size and big capacity for 100s to eat at one time. AC space also available and is worth as that was more silent as compared to other side. …,Sree Annapoorna
Annapoorna - Avinashi road,"The way they keep the hotel clean is must for this Food industry. Service was polite and cordial. Served with smile. Tasted Ghee masala dosa the ultimate, sambar idly and Paneer Hariyaili tikka. I enjoyed the tikka. All the chutneys served was so fresh. The food delighted my stomach. Than you Annapoorna. Go ahead and flourish.",Sree Annapoorna
Annapoorna - Avinashi road,"authentic vegetarian food, warm ambiance, and friendly service. Recommended dishes include idlis, vada, and poori.Staff is professional, and atmosphere is comfortable. Friendly and efficient service …",Sree Annapoorna
Annapoorna - Avinashi road,Really loved the food here in Annapoorna. Specially their banana leaf thali. Brinda is a superhost.,Sree Annapoorna
Annapoorna - Avinashi road,"Since childhood I am eating at Annapoorna only. My thatha used to take me to RS Puram branch. Now I shifted near KMCH hospital area, so this Avinashi road branch became my regular spot. …",Sree Annapoorna
Annapoorna - Avinashi road,"The food was pretty average overall but still manageable. Between the Veg Biryani and Paneer Fried Rice, the standout dish for me was the Thayir Vadai. I liked it very much. The filter coffee was also good, though the portion size was smaller compared to what you usually get in Chennai restaurants.",Sree Annapoorna
Annapoorna - Avinashi road,"One of the worst hospitality, the way the food served is giving bad vibes, the money they charge not even worth comparing . Even our best roadside stalls serves food with leaf properly . The way u loose your appetite will get irritating. …",Sree Annapoorna
Annapoorna - Avinashi road,"1. Food Quality and Taste – ⭐⭐⭐⭐⭐ (5/5)
The food is delicious and authentic. Their dosa, pongal, and filter coffee are a must-try. Consistently tasty every visit. …",Sree Annapoorna
Annapoorna - Avinashi road,"Having read so many positive reviews and videos , I visited with great expectations during lunch time. we ordered 2 meals and ghee roast , parota etc. the meals was average nothing exceptional. the ghee roast was good but the parotta again …",Sree Annapoorna
Annapoorna - Avinashi road,"Breakfast at Annapoorna Restaurant was an absolute delight and one of the most satisfying food experiences we had in Coimbatore.
We ordered the Breakfast Thali, and it turned out to be a wholesome, …",Sree Annapoorna
Annapoorna - Avinashi road,Food was amazing. Try the mini meals if you don’t want to have a heavy lunch. It looks like it comes in small bowls but it’s sufficient for a normal health conscious person. Service was quick. This time I tried having the lunch in the AC room. It’s worth trying to get a limelight service.,Sree Annapoorna
Annapoorna - Avinashi road,"The taste was really horrible, any random place you decide to eat, taste better than here. Even their signature Sambar didn't taste good. We all love Annapoorna's sambar, it is their signature. But this time they have succeed in even making …",Sree Annapoorna
Annapoorna - Avinashi road,"Food tasted insanely good, fresh and healthy with a balance of all flavors.
Fast service and genuine good staff.
Loved eating here during my Coimbatore visit. …",Sree Annapoorna
Annapoorna - Avinashi road,"This restaurant truly stands out as an exceptional spot for breakfast, offering a combination of great food, a pleasant ambiance, and efficient service that handles even the busiest mornings with ease. …",Sree Annapoorna
Annapoorna - Avinashi road,"I had a very disappointing experience at this hotel annapoorna. While the taste of the food was not yhat great, I unfortunately found a small stone in one of the dishes. This is a serious concern regarding food safety and quality control. …",Sree Annapoorna
Annapoorna - Avinashi road,"Somehow they had forgotten the basics . They have to train their team on hospitality. Have you ever seen a worker pushing , literally pushing away families from ac room because they did not have enough service people? Like you could gently …",Sree Annapoorna
Annapoorna - Avinashi road,"One of the best Veg hotel in Coimbatore. Atmosphere is really superb, interior ia really nice.around 20 PPL went for a dinner and we have ordered lots of items and tasted most. Taste, quality and quantity wise all are nice.. I always …",Sree Annapoorna
Annapoorna - Avinashi road,"Very disappointing experience. The portion sizes are extremely small for the price we pay, which already feels unjustified. On top of that, they dont even serve food on a banana leaf by default you have to specifically ask the staff, which …",Sree Annapoorna
Annapoorna - Avinashi road,"""Tried the Paneer Masala Dosa and Sambar Idly at Annapoorna Hotel — both were absolutely delicious! The taste was rich and satisfying, and the food quality was top-notch. The atmosphere was clean, comfortable, and had a great standard feel. A wonderful dining experience overall!""",Sree Annapoorna
Annapoorna - Avinashi road,Wonderful ambience and good service . Tast food. Mini tiffin was good size for breakfast with coffee.,Sree Annapoorna
Annapoorna - Avinashi road,"On our way to Kerala, we randomly stopped here for breakfast. We had roast dosa and Mini Executive lunch. Also purchased few varieties of sweets. Really loved the food and the service. Sweets are very fresh and delicious.",Sree Annapoorna
Annapoorna - Avinashi road,"Judging the crowd this seems to be a pretty popular restuarant in coimbatore, located very close to the airport. The menu is all veg and taste is pretty good.  But finding a table can be a problem, they have alot of staff but most are not …",Sree Annapoorna
Annapoorna - Avinashi road,Best Dosa ever eat. Very good quality food.,Sree Annapoorna
Annapoorna - Avinashi road,"Had good dinner with friends, we ordered Garlic Masala roast, plain roast, podi idli, mini idli sambar, vegetable omlete and coffee. Everything was good, except the coffee. Coffee used to be their signature recipe, I find their coffee taste …",Sree Annapoorna
Shree Annapoorna Mess,"Sincere and warm staffs. Great unlimited food. Meals, fish fry and mutton chukka is a must try. Its truly a hidden gen in vellore. Little expensive but worth it.",Sree Annapoorna
Shree Annapoorna Mess,"I just had one non-veg meals. It Costed ₹175.
This non-veg meals includes unlimited, white rice, one fish, chicken, and mutton gravy Along with one vegetable curry, and salad.Initially, I thought of having …",Sree Annapoorna
Shree Annapoorna Mess,"Quality of Annapoorna Mess is truly a hidden gem and an absolute must-visit for anyone craving authentic, home-style food. From the moment you step in, you are greeted with a warm, inviting atmosphere that feels less like a restaurant and …",Sree Annapoorna
Shree Annapoorna Mess,"The food was excellent on my first visit. On the next two visits, the quality dropped noticeably, especially the gravies. The mutton chukka was undercooked and disappointing. At ₹370, it was not worth the price. I do not plan to return anytime soon.",Sree Annapoorna
Shree Annapoorna Mess,My life la one of the biggest mistake I purchased this hotel food per meals 180rs toooo expensive and tooo bad and not worth this price better option buy 50rs meal vandikadai,Sree Annapoorna
Shree Annapoorna Mess,"Good food. Reasonable price.
We went there quite late. Street parking. The entrance door is narrow and leads to a big hall with lots of tables. The tables were spacious and comfortable. We …",Sree Annapoorna
Shree Annapoorna Mess,"For after long days I felt every money spent on this food was worth every penny .Their hospitality is too good. Vellore doesn’t have much place only for non-veg meals , this is the only place . The food was very very tasty . I …",Sree Annapoorna
Shree Annapoorna Mess,"The dishes offered were unfortunately overpriced.  The value simply wasn't there compared to similar offerings elsewhere.  For the amount spent, a more substantial and flavorful experience was expected.  It felt like a premium was being …",Sree Annapoorna
Shree Annapoorna Mess,"Totally good
Quantity quality so good
Especially 🦐🍤 gravy 😋
Must try …",Sree Annapoorna
Shree Annapoorna Mess,"Recentlybi have visited annapoorna mess wow good hospitality, chettinadu gravy was yummy and tasty",Sree Annapoorna
Shree Annapoorna Mess,"Pricey but taste vera level...to get a tasty non veg meals in Vellore,💥💥 …",Sree Annapoorna
Shree Annapoorna Mess,"Worst experience and overpriced meals.
Non veg meals - Rs.160. and you don't get even one piece of chicken or fish. They gave only the overspicy gravy of chicken and fish without any piece, and one …",Sree Annapoorna
Shree Annapoorna Mess,Tasty and excellent food chettinadu gravy was 😋 yummy …,Sree Annapoorna
Shree Annapoorna Mess,Annapoorna mess great spot family restaurant eating best price and best quantity worth of money and comfortable seats,Sree Annapoorna
Shree Annapoorna Mess,The food is delicious amazing scrumptious.,Sree Annapoorna
Shree Annapoorna Mess,"Excellent Place, Excellent Food, very Humble Service. Excellent Varieties.",Sree Annapoorna
Shree Annapoorna Mess,"I visited this mess recently with my friends for a lunch. Non veg meals costs Rs.150 per head. We were provided with white rice, non veg gravies (mutton, chicken and fish gravies without any pieces), rasam, butter milk and two veg poriyals. …",Sree Annapoorna
Shree Annapoorna Mess,"The taste of the gravies was average, and we noticed that the pricing is relatively high compared to larger hotels in Vellore. The non-vegetarian meal priced at Rs 150/- seems costly, especially considering it doesn't include any …",Sree Annapoorna
Shree Annapoorna Mess,Variety of non veg is available. Taste to be improved,Sree Annapoorna
Shree Annapoorna Mess,"Taste ⭐️⭐️⭐️⭐️⭐️
Tasty meals.
Fish gravy is awesome. …",Sree Annapoorna
Shree Annapoorna Mess,"If you like spicy non-veg food, then this is your spot. The service was decent and the place looked hygiene. Can dine in with family. …",Sree Annapoorna
Shree Annapoorna Mess,"300 for Mutton and 300 for prawn plz display ur price and show ur sample no one will com and order , am k with that prawn taste (quantity very low) , but Mutton he just serves me bones no flesh better try madurai pandian u get a better price and taste",Sree Annapoorna
Shree Annapoorna Mess,"Too expensive,than in Chennai city even in regular meal they served less side dishes",Sree Annapoorna
Shree Annapoorna Mess,"Providing unlimited rice also non-veg gravy like(chicken, mutton, fish- kuruma😁 (without piece😏) for 150...
If you want to buy side dishes first ask them the price and then order what you …",Sree Annapoorna
Shree Annapoorna Mess,"Average food taste , too expensive, price is equivalent to 3 star restaurants.",Sree Annapoorna
Shree Annapoorna Mess,I remember having very delicious food a few years ago and hence visited in the hopes it would be the same. Very disappointed with the taste.,Sree Annapoorna
Shree Annapoorna Mess,"Wonder hotel in that locality, staffs are very friendly and good at serving, food tastes are top notch here,would reccomend anyone to any day dine in.",Sree Annapoorna
Shree Annapoorna Mess,Every items is good for eat very very tasty food amount little bit high but worth for money,Sree Annapoorna
Shree Annapoorna Mess,"Food ok but price toooo high 5* hotel also not charging amount like thz hotel
Overall very bad interior and toilet 🪠🚽 is very worst 🤢 …",Sree Annapoorna
Shree Annapoorna Mess,Magnum ops for non veg lovers.. if ur ok with poor layout.. ambience and bhaba style food and hygiene.  Tis place serves good food,Sree Annapoorna
Shree Annapoorna Mess,Good taste and hygienic,Sree Annapoorna
Shree Annapoorna Mess,Good non veg meals and excellent side dishes,Sree Annapoorna
Shree Annapoorna Mess,Very excellent 👌 yummy yummy …,Sree Annapoorna
Shree Annapoorna Mess,Haff boil must try very good for small pockets with huge tummy 😁 once u try u wont leave tha place …,Sree Annapoorna
Shree Annapoorna Mess,"taste superb
Very Hygienic
Non veg top class
Rate very very highly",Sree Annapoorna
Shree Annapoorna Mess,Tastes good. Little pricey. Quantity is low compared to other restaurants..,Sree Annapoorna
Shree Annapoorna Mess,Bit pricey but the quality and taste of the food justify the price..,Sree Annapoorna
Shree Annapoorna Mess,"One of the worst service, the owner doesn’t even know basic calculation 🤡. Rude behaviour. …",Sree Annapoorna
Shree Annapoorna Mess,Good Decent mess..Naatu kozhi & prawns were really good. Definitely worth a try..,Sree Annapoorna
Shree Annapoorna Mess,The food was delicious I always recommend this place for the better treat to yourself,Sree Annapoorna
Shree Annapoorna Mess,good food quality in vellor for Bengali peoples. cook and stuff are aslo fromm west  Bengal,Sree Annapoorna
Shree Annapoorna Mess,Excellent good service,Sree Annapoorna
Shree Annapoorna Mess,Very good authentic home style food one of the must try mess in vellore....,Sree Annapoorna
Shree Annapoorna Mess,People who love spicy non-veg will enjoy the food a lot here,Sree Annapoorna
Shree Annapoorna Mess,Awesome taste with family style cooking & no side effects. Try this mess while passing via Vellore.,Sree Annapoorna
Shree Annapoorna Mess,Expensive. One can find much better restaurant lesser cost than this.,Sree Annapoorna
Shree Annapoorna Mess,"Costly food and normal taste, junky atmosphere",Sree Annapoorna
Shree Annapoorna Mess,Price too high... But taste sooperb,Sree Annapoorna
Shree Annapoorna Mess,An excellent place with good ambience and delicious food,Sree Annapoorna
Shree Annapoorna Mess,Food service always good nice it's family mess,Sree Annapoorna
Annapoorna - Kuniyamuthur,Tried to get the taste and experience. Restaurant atmosphere fabulous. Service good. Food we ordered dosa varieties and pongal and panniyaram. We went in non peak hours so no wait but they were arranging chairs for the upcoming dinner time …,Sree Annapoorna
Annapoorna - Kuniyamuthur,"Travelled 15 km to buy breakfast! From madukari!
Poori was charged 95/set (only for poor)
Including GST sir 8.43+8.43(paid) …",Sree Annapoorna
Annapoorna - Kuniyamuthur,On may13th afternoon we arrived there for having lunch. Table was available but they said there's no service on the tables at both corners and the middle portion was completely occupied. I was with my 3 year old kid. They didn't even ask to …,Sree Annapoorna
Annapoorna - Kuniyamuthur,"I am a visitor to Coimbatore because of the hype went to this branch..on 29 mar 2026 ordered only meals fir my family in Ac , very poor services however they are not hesitate to supply whatever you want like additional veggies, payasam …",Sree Annapoorna
Annapoorna - Kuniyamuthur,"As shop was too rush, ordered for take away., took more than 30 mins coz of crowd, that is fine. Chappati was 200% raw, see photo, they did not cook at all. No sambhar packed for 2 plates of idly and 2 ghee roast...(I asked for extra sambhar but they kept none) If you cannot manage crowd, better say no than this kind of service.",Sree Annapoorna
Annapoorna - Kuniyamuthur,"I have been dining at Annapoorna for over a decade, and it’s truly impressive how consistently they have maintained their food quality over the years. Even after such a long time, the taste remains unchanged — authentic, reliable, and …",Sree Annapoorna
Annapoorna - Kuniyamuthur,"I visited Annapoorna Restaurant at Kuniyamuthur yesterday morning at 6:30 AM, and it was truly a delightful experience from start to finish. …",Sree Annapoorna
Annapoorna - Kuniyamuthur,"Though the food is good and we all like it here. Sevice is pathetic and waiting time is longer for parcels. Moreover, they don't give enough coconut chutney as its precious. So, consider coconut chutney as pickle and don't use it much. It's …",Sree Annapoorna
Annapoorna - Kuniyamuthur,"# ⭐⭐⭐⭐⭐ Excellent South Indian Dining Experience!

I recently visited Annapoorna in Kuniyamuthur and was thoroughly impressed. …",Sree Annapoorna
Annapoorna - Kuniyamuthur,"Food:
The taste is average. Not worth the hype. I've had breakfast,lunch,dinner here. Talking about the breakfast: …",Sree Annapoorna
Annapoorna - Kuniyamuthur,"The food here is absolutely incredible—definitely the highlight of the visit! The flavors were spot on and every dish was delicious. The service was average and a bit slow, but the quality of the meal more than made up for it. Still giving 5 stars because the food is just that good!""",Sree Annapoorna
Annapoorna - Kuniyamuthur,"Annapoorna in Kuniyamuthur stands out as a very spacious and premium vegetarian restaurant, offering a clean and comfortable dining ambiance. The interiors are well-maintained and ideal for family gatherings or group dining. …",Sree Annapoorna
Annapoorna - Kuniyamuthur,We had breakfast. We kindly request you to serve the food quickly. We had to wait for sometime to get the food served. It would be better if you provide more chairs with handle for the senior citizens. The interiors are so beautiful too.,Sree Annapoorna
Annapoorna - Kuniyamuthur,"Authentic and delicious food with prompt service..
Hygienic atmosphere, polite staff and a variety of meals ....
We enjoyed multiple options in south indian dishes here..
Staff is polite, well behaved with quick service...",Sree Annapoorna
Annapoorna - Kuniyamuthur,It is high time the management should see the response & Behaviour of their waiters & supervisors of this branch. Most of the negative reviews of this branch reflects the same. Our happy moments are ruined due to their irresponsible …,Sree Annapoorna
Annapoorna - Kuniyamuthur,"We went for lunch on 6th April after a long gap, previously avoiding going there due to poor past experience with their service.
Surprisingly, this time their service has improved a lot with courteous waiters …",Sree Annapoorna
Annapoorna - Kuniyamuthur,"Excellent outlet
Ample parking space.
Food quality is very good. …",Sree Annapoorna
Annapoorna - Kuniyamuthur,Have arranged a family function in the function hall available here. It was well organised and food options offered were also good. Good place to have celebrations with limited relatives.,Sree Annapoorna
Annapoorna - Kuniyamuthur,"Ambience was good , but every1 der were hvg pblm in service of food, even in unpeak hours they took more time to serve n also wen asked about dat der was no proper response. Food taste was okay.",Sree Annapoorna
Annapoorna - Kuniyamuthur,"Annapoorna Veg Restaurant in Kuniyamuthur offers a variety of vegetarian options, but the pricing is unreasonably high compared to the quality and quantity of food served. …",Sree Annapoorna
Annapoorna - Kuniyamuthur,"Excellent gobi 65, veg noodles, mini meal and super friendly service. Vegan options. AC room may be closed during lunch hour from noon to 1. Bathrooms have western toilets, hygiene wastebaskets, and hooks for bags on the doors (very nice!). Employees take care with hand sanitation. Great restaurant, will definitely return.",Sree Annapoorna
Annapoorna - Kuniyamuthur,"I’ve always been a fan of Annapoorna’s delicacies. But this time, I was disappointed with the Ghee Rava Masala Dosa. Other items were nice and upto the mark as usual. Paneer kari dosa was something new I tried. It was indeed a treat to my taste buds. Paniyaram was also good. Service was good.",Sree Annapoorna
Annapoorna - Kuniyamuthur,"I AM CUSTOMER  ON ANNAPOORNA HOTELS KUNIYAMUTHUR,  The last day I came to attend a function in the party hall of this ANNAPOORNA hotel KUNIYAMUTHUR 24/05/2026. The hall has AC and everything. But we need a dining table and chairs to eat in …",Sree Annapoorna
Annapoorna - Kuniyamuthur,Worst  worst food.. Only the dosa is better. Realy over rated.we have to buy 2 fried rice for one person because the quantity is really very very low. 3 year kid finished 1 portion fried rice that much low quantity..,Sree Annapoorna
Annapoorna - Kuniyamuthur,A great vegetarian restaurant at Coimbatore. They have ample parking space and decent seating capacity. We had breakfast from here and food was tasty. Rates were standard and service was good.,Sree Annapoorna
Annapoorna - Kuniyamuthur,"Always love annapoorna

But I have one concern only - always the roast items take min 15 mins. We went …",Sree Annapoorna
Annapoorna - Kuniyamuthur,It is an okish place. Not like other Annapoorna hotels. Lacks in prompt service and food taste is not so good. The fact that they messed up with the authentic roast that the brand is known for is quite disheartening.,Sree Annapoorna
Annapoorna - Kuniyamuthur,They served very good food with care. I celebrated my Husband's birthday. The staff team were amazing with patience and frequent supply!,Sree Annapoorna
Annapoorna - Kuniyamuthur,"If you want to have lunch,  you have to go during breakfast time and wait eternally till they call you. Tables were empty but there were no people to serve. The watch man use to scream and yell at people. Staff says that he will put down …",Sree Annapoorna
Annapoorna - Kuniyamuthur,"They serve very good food, but when it comes to service and waiting time, it is not as good as before—especially at this outlet. The staff were not polite while serving, and it felt like we were being rushed to order only what was …",Sree Annapoorna
Annapoorna - Kuniyamuthur,"Sree Annapoorna in Kuniyamuthur is a renowned vegetarian restaurant offering delicious South Indian cuisine. Spacious ambiance, excellent food quality, and great service make it a top choice. A must-visit for vegetarians and those seeking authentic Tamil Nadu flavors.",Sree Annapoorna
Annapoorna - Kuniyamuthur,"Our regular stopover when visiting Coimbatore. Previous experiences were good. This time around, the Falooda served was of dismal quality      as it did not have all the ingredients, such as falooda sev and sweet basil seeds. It was just an …",Sree Annapoorna
Annapoorna - Kuniyamuthur,31.10.25 and that day we went for thudhirur branch Annapurna in the evening and we have idiyappam and in this kuruma they served with  hair in this branch they even don't have complaint register they are all searching for that,Sree Annapoorna
Annapoorna - Kuniyamuthur,"Food: worst experience this time. Tandoori roti was very undercooked, paneer butter masala (the costliest dish) tasted bad with hard paneer, chole battura had only oil, ghee roast gave a feeling of drinking oil after eating. …",Sree Annapoorna
Annapoorna - Kuniyamuthur,My favourite breakfast joint in the whole world ! Have been a regular at Annapoorna since college days ..uncompromising quality,Sree Annapoorna
Annapoorna - Kuniyamuthur,"Excellent ambiance
Plenty of parking
Good location & visibility …",Sree Annapoorna
Annapoorna - Kuniyamuthur,"They didn't serve with/on the banana leaf. Good parking space. Nice interiors and ambience. Looks clean. Try it. I've tried ghee roast, Pongal & Vada. Tasted good.",Sree Annapoorna
Annapoorna - Kuniyamuthur,This is hands down one of the best hotel designs I've seen in recent times. Proper south Indian dishes available even as late as 11 PM in the night. Everything is absolutely neat and dine in is the best option rather than a home delivery. This is a must try for all family outings!,Sree Annapoorna
Annapoorna - Kuniyamuthur,One of the best restaurant interiors and exteriors I have ever seen. The look and feel is too good but it gets crowded and noisy during peak hours which spoils the ambiance. Food was good and the service was okay. …,Sree Annapoorna
Annapoorna - Kuniyamuthur,"One of the best hotel designs with spacious interior, great ambience and amazing food. The staffs were very professional and helpful. There is an additional counter exclusively for sweets and savouries. Good parking facility as well.",Sree Annapoorna
Annapoorna - Kuniyamuthur,It was peaceful moment I have order first time but it was very good my experience I always try to enjoy new things it was a one,Sree Annapoorna
Annapoorna - Kuniyamuthur,Very bad in packing take away food i had almost waited 45mins just for a veg meals and tokens given aftr me were delivered earlier. Despite informing today at 1pm to the front office staff i got the food delivered at 1.45 . Pathetic service and not organised om delivery.,Sree Annapoorna
Annapoorna - Kuniyamuthur,"Worst experience. Yesterday only inaugurated-Oct5th,2022. Worst service guys. Had a dinner with My friend family but they found rubber band on food, simply they said don’t pay bill, but no one take responsibility. Annapoorna coffee is Coimbatore’s pride, but we got worst coffee (more sugar).",Sree Annapoorna
Annapoorna - Kuniyamuthur,Review about manager : Extremely rude behaviour when we went to enquire for hall. They asked us to wait and we even had our lunch there in our waiting time. Even then they couldn't give us proper information. Since it was lunch time he dint …,Sree Annapoorna
Annapoorna - Kuniyamuthur,"A classic veg spot known for tasty South Indian food, especially idli, dosa, and filter coffee. Consistent quality and quick service, though crowd and pricing can sometimes feel a bit overwhelming. Must Try",Sree Annapoorna
Annapoorna - Kuniyamuthur,"unfortunate i give 1 star review because of quality of the good.I have ordered masal roast dosafor dinner. It's too much oil, masal dosa fried with oil and dipped...so much oil content ,,very unhealthy , its not required to pour 250ml oil …",Sree Annapoorna
Annapoorna - Kuniyamuthur,"Good parking space. Nice interiors and ambience. Looks clean. I've tried ghee masala roast, Pongal & Vada. Taste is good.One of the best restaurants in coimbatore. quality food with sufficient. …",Sree Annapoorna
Annapoorna - Kuniyamuthur,"Visited here for team lunch. AC hall, food quality and taste are good. Service are very good. hot water is provided for drinking which is great.",Sree Annapoorna
Annapoorna - Kuniyamuthur,"Best choice of pure veg food on the palakkad road with good parking facility. Very spacious grand interior, well behaved staffs & tasty dishes will full fill your mind.  After all it’s Annapoorna, the brand which has its own quality & trust!!!",Sree Annapoorna
Annapoorna - Kuniyamuthur,Food was good but they only serve specific food in specific time like only lunch from 12.00pm to 3.00pm there is no other food available. The rate is too high.,Sree Annapoorna
Hotel Sri Annapurna Parambariya Unavagam,"Feel like home food & hygienic. Good service 😊🤝. Must try their Signature Millets varieties & mutton Botti especially😋.
Non - veg meals is extremely 😋😋😋 …",Sree Annapoorna
Sree Annapoorna Multicusine Resturant,"This is a pure veg restaurant located within the main market.

The ambience is really nice and the staff are very nice and helpful. …",Sree Annapoorna
Sree Annapoorna Multicusine Resturant,Wonderful place to enjoy authentic south indian food...Wide range of variety of items available fast service...ample paid parking available,Sree Annapoorna
Sree Annapoorna Multicusine Resturant,"This veg restaurant is definitely worth a try! I stopped by for breakfast and sampled their idly, vada, and tea. While the Sambar had an unusual sweetness that didn't quite work for me, the overall experience was solidly above average. The …",Sree Annapoorna
Sree Annapoorna Multicusine Resturant,"I visited this place with high expectations based on the reviews, but was quite disappointed. The place was overcrowded, and finding a seat was very difficult. I finally managed to get one and ordered Sambar Vada, but the vada was rubbery …",Sree Annapoorna
Sree Annapoorna Multicusine Resturant,"Had breakfast from Annapoorna yesterday. Tried 1 ghee roast and 2 set poori masala, the food was good and tasty. The atmosphere was a bit noisy, which made it slightly disturbing. Service could also be improved a little. Overall, a good place for breakfast.Price is also reasonable.",Sree Annapoorna
Sree Annapoorna Multicusine Resturant,"Arrogant service, spoiled our special occassion dinner.

All the excitement we had while entering the restaurant was gone, once the …",Sree Annapoorna
Sree Annapoorna Multicusine Resturant,"The food is average, it's just the hype.
We ordered Rava dosa, Pongal and South Indian Parotha, all these food are average in taste. …",Sree Annapoorna
Sree Annapoorna Multicusine Resturant,Extremely disappointing experience today at Annapoorna – Lakshmi Complex branch. …,Sree Annapoorna
Sree Annapoorna Multicusine Resturant,Annapoorna is the pride of Coimbatore. No doubt in it. But it is pathetic that you are not serving the plates with banana leaf. Fresh Banana leaf provides a good aroma and healthy feel. I don't know how you are missing out on it. For …,Sree Annapoorna
Sree Annapoorna Multicusine Resturant,"The food was good and tasty. However, it would be great if the staff could suggest the special dishes or recommended menu items of the day to help guests explore and enjoy a better dining experience. …",Sree Annapoorna
Sree Annapoorna Multicusine Resturant,"The food was really good. Since this is a new outlet, the ambience and washrooms are very clean and nice. Five star to staff and food.",Sree Annapoorna
Sree Annapoorna Multicusine Resturant,"A good vegetarian restaurant with great vegetarian food. The options for food are good, quantity is adequate, and prices are affordable. There are multiple options such as North Indian, South Indian, fried rice, etc. There was a good …",Sree Annapoorna
Sree Annapoorna Multicusine Resturant,It is No more the food you get here. Poor service . Poor taste. They promote food like naan and roti which is not the traditional food here.,Sree Annapoorna
Sree Annapoorna Multicusine Resturant,"Service is poor here, server brought hot water and I have asked them to change to normal water and the person named shiva sankar asked me to adjust and refused to provide normal water. Such a shame that naming as multi cuisine restaurant.",Sree Annapoorna
Sree Annapoorna Multicusine Resturant,"Good taste but hygiene needs to be much better. Service also can be better, most of the waiters are just standing in the way watching.  Also don't expect any sort of ambience. It's bare bones.",Sree Annapoorna
Sree Annapoorna Multicusine Resturant,"Annapoorna Hotel in Coimbatore is something you truly understand only after staying away from the city. After 6 months in Mumbai, I realised the real “Annapoorna oda magimai.” Their prices are very nominal compared to the quality, quantity, …",Sree Annapoorna
Sree Annapoorna Multicusine Resturant,"Annapoorna is a must visit breakfast place in Coimbatore. This particular outlet is good because of the service and parking available. We were here over the weekend, the service was quick. Things we liked, …",Sree Annapoorna
Sree Annapoorna Multicusine Resturant,"I am not here to talk about the food, because the bigger problem is the absolute disregard this management has for its customers.
Annapoorna is a massive and famous food chain with outlets all over the city. …",Sree Annapoorna
Sree Annapoorna Multicusine Resturant,"Wonder how a restaurant this big have no bathroom management at all no exhaust fan , zero ventilation in bathroom smells absolutely horrible and very badly maintained so disappointing. When you open bathroom door smell directly goes to eating place of people because it can’t go anywhere else. Take immediate action",Sree Annapoorna
Sree Annapoorna Multicusine Resturant,"Great food, great service. Best place for breakfast!",Sree Annapoorna
Sree Annapoorna Multicusine Resturant,"Annapoorna is a house hold  name. Every employee, starting from the MD Mr. Srinivasan to serving perzon, all of them make you feel at home. Great food. Grwat atmosphere. Great personal care.
Any number of visit  is worth.",Sree Annapoorna
Sree Annapoorna Multicusine Resturant,"Disappointed by the services ..
Food is served by the status of people..
Next table has all the items in the meal and they told us everything is over. …",Sree Annapoorna
Sree Annapoorna Multicusine Resturant,"Overhyped.  Failed to live up to the reviews. The potato Masala Dosa was bland with no flavour of onions. Had to wait for coconut chutney and additional helping of other chutneys. Gobi 65 was a disaster  - no masala, absolutely bland. Waiting time for regular dishes was too high. Dinner was a disaster...",Sree Annapoorna
Sree Annapoorna Multicusine Resturant,"Finally tried the popular thali at Sree Annapoorna, and my goodness, it was an absolute delight for my senses. Luckily, I got the seat instantly during my visit for lunch and had the opportunity to taste the popular thali. Talking about the …",Sree Annapoorna
Sree Annapoorna Multicusine Resturant,"food lover's paradise! The Idiyappam with coconut milk is soft and delightful, perfectly complemented by the rich, flavorful coconut milk. The Vada Sambar is another standout dish—crispy vadas paired with their signature sambar, which …",Sree Annapoorna
Sree Annapoorna Multicusine Resturant,The resturant is in a prime location and i am a regular customer here...the taste and service is extraordinary always...the new renovated resturant add a good environment for having our bites very pleasnt...the disadvantage is to access …,Sree Annapoorna
Sree Annapoorna Multicusine Resturant,No value for money . See they served food in a Half/cut unsize leaf,Sree Annapoorna
Sree Annapoorna Multicusine Resturant,"We bought two eggless cake pieces from their shop after our lunch .But we are very disappointed. One brownie is not a full peice (only damaged half piece), another chocotruffele is expired one (bad aroma and taste)",Sree Annapoorna
Sree Annapoorna Multicusine Resturant,"Went for dinner with family, had the best filter coffee and Ghee podi dosa here. Not too costly, and the service was good. Would come again for the coffee soon 😁 …",Sree Annapoorna
Sree Annapoorna Multicusine Resturant,"I had morning breakfast and its good.

I was surprised by afternoon lunch. …",Sree Annapoorna
Sree Annapoorna Multicusine Resturant,"Food is superb, Clean , hygeine , Razor fast service. Authentic South Indian Breakfast as well Lunch. I got the opportunity to have have both. Thank you",Sree Annapoorna
Sree Annapoorna Multicusine Resturant,"Visited this place after 28 years...Food is great.
Staff is very helpful. Thank you so much.",Sree Annapoorna
Sree Annapoorna Multicusine Resturant,R. Anjamiseee served us the delicious breakfast. We have enjoyed authenticated south India breakfast.,Sree Annapoorna
Sree Annapoorna Multicusine Resturant,"Had a bitter experience in the hotel 🙃, i ordered a few dishes and the staff seems to be sooo judgemental , there was an issue i cant explain but i wish they treat everyone equally,  we pay the same bill and tipped a good amount as …",Sree Annapoorna
Sree Annapoorna Multicusine Resturant,"Coffee ☕ the best
Best vegetarian food in coimbatore",Sree Annapoorna
Sree Annapoorna Multicusine Resturant,"Delicious 😋. And light spicy.
I took a aapam stew with coconut milk.
And spring roll veg. …",Sree Annapoorna
Sree Annapoorna Multicusine Resturant,"It's located at  in Lakshmi Complex,Cross cut Road, Coimbatore.Ground floor is for Tiffin items and first floor is for meals.Lot of crowd and we have to wait for 20 to 30 minutes.Price are high.Paid Parking is available.Rest room facilities available.Can be maintained better.Bad smell is noted.Varieties of food available.",Sree Annapoorna
Sree Annapoorna Multicusine Resturant,"Exemplary food!
But here are some of  the other short comings of this place during my last visit: …",Sree Annapoorna
Sree Annapoorna Multicusine Resturant,Food was too good & tasty especially their Kadalai Mittai milk Shake & Coffee Milk Shake. Fall in love & definitely will pay our next visit over here again. Special a big thanks to R.Ranjanisree for serve us in a very loving ways.,Sree Annapoorna
Sree Annapoorna Multicusine Resturant,"Good veg restaurant at Lakshmi complex , parking available here - paid.",Sree Annapoorna
Sree Annapoorna Multicusine Resturant,Simple place and very tasty simple meal. Had the vegetarian meal and it was nice and tasty. Service was very good and people were nice and pleasant.,Sree Annapoorna
Sree Annapoorna Multicusine Resturant,"We went for lunch on Sunday. It was too crowded and had to wait for sometime to get seated.
The food tasted good with adequate quantity. We ordered Paneer Tikka for …",Sree Annapoorna
Sree Annapoorna Multicusine Resturant,"I had Chole Batura, Chole quality was very poor on that day.  Just because it's in  the prime location, able to get crowd and the brand name, otherwise no big deal. Sooner competetor will capture the market. …",Sree Annapoorna
Sree Annapoorna Multicusine Resturant,Maintains the food taste and quality over the years coupled with great service makes it a must visit when in Gandhipuram.,Sree Annapoorna
Sree Annapoorna Multicusine Resturant,We experienced an authentic coimbatore cuisine. Love the ghee Dosa.We love the service of Ranjani Sree.,Sree Annapoorna
Sree Annapoorna Multicusine Resturant,Due to LPG problems only minimum dishes were there at 3.30 pm itself.  They too were not very tasty.,Sree Annapoorna
Sree Annapoorna Multicusine Resturant,The service here is astoundingly slow. Its not like the people around me are having food and we are waiting.Everyone are waiting and the kitchen is too slow. Very less waiters. By the time you get food you have already lost your appetite.,Sree Annapoorna
Sree Annapoorna Multicusine Resturant,"There is no variety of food or tiffin even in the morning. No parking facility is available—only costly corporation-paid parking. Staff behavior is very poor, and the food taste is also bad.",Sree Annapoorna
Sree Annapoorna Multicusine Resturant,"Ordered mushroom fried rice, arrived after 15 - 20 minutes later, it's not even a bowl it's a cup of fried rice I ate in 5 minutes and charged 173 including gst. Just because their meals is worthy we cannot eat meals all the time and by 3'o  clock the meals are over. Not acceptable.",Sree Annapoorna
Sree Annapoorna Multicusine Resturant,They don't hear what we are saying. Even the food is the best but the service sucks,Sree Annapoorna
Tirupur Sree Annapoorna Vegetarian Restaurant,"Worst Breakfast Experience – Highly Disappointed

We visited this restaurant today morning as a group of three, expecting a decent …",Sree Annapoorna
Tirupur Sree Annapoorna Vegetarian Restaurant,It's like an old hotel food is ok the price is very high as the ambience and facilities is not that great,Sree Annapoorna
Tirupur Sree Annapoorna Vegetarian Restaurant,Excellent idly one plate is just sufficient for your morning breakfast even evening needs services with onion chatne coconut chutney sambar taste is amazing i must say India famous price also only RS 30 rupees below curd rice Limon rice …,Sree Annapoorna
Tirupur Sree Annapoorna Vegetarian Restaurant,"Tirupur Sree Annapurne is One of the few restaurant options serving vegetarian food near the Tirupur Railway Station.
Visted on 4th April 2025",Sree Annapoorna
Tirupur Sree Annapoorna Vegetarian Restaurant,Its very good in taste but quantity is less,Sree Annapoorna
Tirupur Sree Annapoorna Vegetarian Restaurant,"Their taste is good. Price wise lesser than A2B. I am a patron to them for more than 3 decades. Venkatesh is looking after day today operations. I had the privilege of interacting with his father many a time. They always try to improvise, modernise everything.",Sree Annapoorna
Tirupur Sree Annapoorna Vegetarian Restaurant,"​""The food here is truly excellent—everything was flavorful, well-prepared, and genuinely enjoyable. However, the experience was significantly let down by the service. The staff were quite rude and seemed unprofessional, consistently …",Sree Annapoorna
Tirupur Sree Annapoorna Vegetarian Restaurant,"This restaurant competes with A2B .
The meals are at 85.
The provide porridge / payasam at 10 extra. …",Sree Annapoorna
Tirupur Sree Annapoorna Vegetarian Restaurant,"Price is too high. Good food.
Service could be improved.",Sree Annapoorna
Tirupur Sree Annapoorna Vegetarian Restaurant,"Pongal is half the quantity for  the price
Vadai is very small size
Coffee not taste and not heat",Sree Annapoorna
Tirupur Sree Annapoorna Vegetarian Restaurant,"Tasty food and a comfortable place to eat, clean and hygienic environment,
The staff are friendly, polite, and attentive, but it feels a little overpriced compared to similar options",Sree Annapoorna
Tirupur Sree Annapoorna Vegetarian Restaurant,"Worst behaviour manager
No response
I complaint coffee master
No response 8.2.26",Sree Annapoorna
Tirupur Sree Annapoorna Vegetarian Restaurant,"Very worst services. Service person so rude to us for asking hot water. Even if we order vada,he is harsh to us. They had brand name but not good services. I don’t recommend",Sree Annapoorna
Tirupur Sree Annapoorna Vegetarian Restaurant,Friedrice totally waste of money veggies cut pannamea apadiya 2 pieces a potu serve pandranga saptu vomit vanthuruchu money waste,Sree Annapoorna
Tirupur Sree Annapoorna Vegetarian Restaurant,"We tried Dosa, Onion Dosa and Appam. Dosa tasted good. Appam was just ok. Cards and QR code scanning available.",Sree Annapoorna
Tirupur Sree Annapoorna Vegetarian Restaurant,"* costly food

*5%GST ON INNOCENT CUSTOMERS. Freud hotel …",Sree Annapoorna
Tirupur Sree Annapoorna Vegetarian Restaurant,"This restaurant is at Tiruppur right in the highway and is easily accessible. We liked the breakfast. Food was fresh and hot. Service excellent. They do have rest rooms, clean too and very  convenient for travellers. Very satisfied. …",Sree Annapoorna
Tirupur Sree Annapoorna Vegetarian Restaurant,I had idli vada  from this place yesterday. Very nice and the. Serving staff was also very nice. Iam going to go there today too for breakfast.,Sree Annapoorna
Tirupur Sree Annapoorna Vegetarian Restaurant,"High price, but no taste, waste of money",Sree Annapoorna
Tirupur Sree Annapoorna Vegetarian Restaurant,"Don't visit here if you are in urgent.
Even if the place available they won't allow us in. That's their culture.
Their managers are absolutely worst people. …",Sree Annapoorna
Tirupur Sree Annapoorna Vegetarian Restaurant,Tasty food and friendly waiter😅 …,Sree Annapoorna
Tirupur Sree Annapoorna Vegetarian Restaurant,Had breakfast. Good/standard taste. Little crowded and less tables.,Sree Annapoorna
Tirupur Sree Annapoorna Vegetarian Restaurant,"When we were searching for the vegetarian option, we found this restaurant. The meals option is good for Lunch with unlimited rice and vegetables. The price is very reasonable and our north Indian friend was praising a lot. Thanks.",Sree Annapoorna
Tirupur Sree Annapoorna Vegetarian Restaurant,"I ordered paniyaram ,rose biscuits and sambar vada. But I received only paniyaram and sambar vada. I didn't receive rose biscuits . And the coconut chutney was expired and the order was delivered so late.
So don't order from annapoorna.",Sree Annapoorna
Tirupur Sree Annapoorna Vegetarian Restaurant,"Good food, makes one to learn to enjoy food without spoons. Quick service. Tip is one thing I believe should be generously given. Wherever it may be.",Sree Annapoorna
Tirupur Sree Annapoorna Vegetarian Restaurant,I took a parcel of tomato rice. There was a long hair in it. Just had two spoons and then had to keep aside the food.,Sree Annapoorna
Tirupur Sree Annapoorna Vegetarian Restaurant,Food is good but taste is not like the old times,Sree Annapoorna
Tirupur Sree Annapoorna Vegetarian Restaurant,"Tastes are ok
Atmosphere is good …",Sree Annapoorna
Tirupur Sree Annapoorna Vegetarian Restaurant,An okay experience. The food was quite good and it's not that costly. But you could use some work on hygiene. Handing out a huge Dosa with your bare hands is not a good practice. That was how the waiter served Ghee Roast and Plain Roast. Everything seemed fine other than that.,Sree Annapoorna
Tirupur Sree Annapoorna Vegetarian Restaurant,"Curd rice is very good,  i am satisfied,",Sree Annapoorna
Tirupur Sree Annapoorna Vegetarian Restaurant,"The mouth watering food we ate here is
1 Leaf paratha 5 🌟
2 Butter naan …",Sree Annapoorna
Tirupur Sree Annapoorna Vegetarian Restaurant,It was very nice and I loved the Full meals which was served. Servers were very friendly.,Sree Annapoorna
Tirupur Sree Annapoorna Vegetarian Restaurant,Service is little bit uneasy at peak times. Full meals is better than mini meals.,Sree Annapoorna
Tirupur Sree Annapoorna Vegetarian Restaurant,"Today I had breakfast. Attituded serving staff.
He is expecting tips only. Rude behaviour while serving. Smiling only for billing time for tip. Worst service",Sree Annapoorna
Tirupur Sree Annapoorna Vegetarian Restaurant,"We went around 8.00PM and surprisingly, the restaurant was not crowded at all.  Being used to Annapoorna-R S Puram, this place at Tirupur lacks cleanliness which has been and is a big issue with us.  The dosa we ordered was good and tasty ; …",Sree Annapoorna
Tirupur Sree Annapoorna Vegetarian Restaurant,Food taste is good and hygienic but prices are high . 1 idly is Rs.18 I bought,Sree Annapoorna
Tirupur Sree Annapoorna Vegetarian Restaurant,"Normal ambience. Average food. Costly for the ambience and food.

Staffs are very kind and responsive. Tables were very clean . Especially a above …",Sree Annapoorna
Tirupur Sree Annapoorna Vegetarian Restaurant,They have a standard taste & quality but they are still upgrade to make customer happy. A normal & limited Mushroom briyani is 110 rupees... Which is not worthy. They have to re-consider the difference between cost & worth.,Sree Annapoorna
Tirupur Sree Annapoorna Vegetarian Restaurant,"The food is great and the taste has been consistent since ages. However, I don't understand why do these guys don't print a menu. Wherever I ask for a menu the waiter bluntly refuses. Wierd, at the same time intriguing",Sree Annapoorna
Tirupur Sree Annapoorna Vegetarian Restaurant,"Nice quality food specially for lunch.
In lunch they offer full south Indian plate with unlimited rice at a very reasonable rate and very good taste as well. Other varieties too taste authentic …",Sree Annapoorna
Tirupur Sree Annapoorna Vegetarian Restaurant,Very wost service ever.... They have damaged annapoorna hotel name,Sree Annapoorna
Tirupur Sree Annapoorna Vegetarian Restaurant,The food tasted good and there were no complaints abt it but speaking of atmosphere it definitely needs to be improved and it feels low maintained.Hope they improve it,Sree Annapoorna
Tirupur Sree Annapoorna Vegetarian Restaurant,You can't Compare The Taste and Hygiene with The Coimbatore Sree annaporna. Comparing To the Price range and taste it a Average restaurant with a decent ambience..,Sree Annapoorna
Tirupur Sree Annapoorna Vegetarian Restaurant,"Food quality is good
Ambience is good
Waiter is good, pious, helpful. …",Sree Annapoorna
Tirupur Sree Annapoorna Vegetarian Restaurant,Very old experienced vegetarian restaurant known for its regular taste and service.  Must improve hygiene atmosphere.  Sufficient parking.,Sree Annapoorna
Tirupur Sree Annapoorna Vegetarian Restaurant,"Taste of Tamil Nadu, good food unlimited .Much better than near railway station restaurants",Sree Annapoorna
Tirupur Sree Annapoorna Vegetarian Restaurant,"Quality of food is good. It's located in a prime area near bus stand, hence parking the car is the issue.",Sree Annapoorna
Tirupur Sree Annapoorna Vegetarian Restaurant,"Hello everyone,

Everything in this hotel is moderate, but the person at the cashier's table …",Sree Annapoorna
Tirupur Sree Annapoorna Vegetarian Restaurant,We tried their Meals and it was very good. Had unlimited rice with multiple accompaniments,Sree Annapoorna
Tirupur Sree Annapoorna Vegetarian Restaurant,"I think its one of the most oldest hotel running through since.....
The food is quite good and hygiene when comparable to others hotel .
The best over here is Mini tiffin available only in morning and coffee which i personally loves a lot .",Sree Annapoorna
Shri Annapurani Kitchen,Its a decent veg hotel in this area. The dining service is fine but parcel you might need to wait for 10 to 15 minutes. Food taste is good and its more like home food.,Sree Annapoorna
Shri Annapurani Kitchen,Food served here is so tasty and home food❤️,Sree Annapoorna
Shri Annapurani Kitchen,Very small restaurant with average taste.,Sree Annapoorna
Shri Annapurani Kitchen,A very small dine in but tasty food.. but I find a homely taste there and found it filling and place is hygienic but is not suitable if you have a huge family... If one such family dines in... Then others will have to stand I guess,Sree Annapoorna
Shri Annapurani Kitchen,"Fresh vegetarian quick traditional cooked food like idli, chappatti, varieties of dosa, parotta and so on are served with delicious sambar, chutney and so on. quality of the food and purity of the place is maintained. hospitality is good. it is a place for small group. individuals and families have their food cheerfully.",Sree Annapoorna
Shri Annapurani Kitchen,"A small restaurant for locals. Ghee dosa was crispy and of good length. Tasted little sour was a minus.
Chutney sambar was not at all upto the mark and needs improvement.
Ambience needs to be improved to give the feel of actual restaurant.",Sree Annapoorna
Shri Annapurani Kitchen,Although this is a small restaurant they have a wide variety of both south and north indian dishes which tastes delicious. Defenitely Worth for paid price. Parking is the major disadvantage as the road is congested,Sree Annapoorna
Shri Annapurani Kitchen,"SHRI ANNAPURANI KITCHEN

I dono , how I missed such excellent place so far … First time visited this …",Sree Annapoorna
Shri Annapurani Kitchen,"Neat, clean and budget VEG food. Authentic food. Good service. Not crowded. Try their catering service. Best in the area.",Sree Annapoorna
Shri Annapurani Kitchen,"Best place for thandhoori, North, South Indian foods..

Must try with family.. using good oils.. so foods are very lite and feels good after eating..",Sree Annapoorna
Shri Annapurani Kitchen,Idly we very much loved because it is very soft and also other food items are taste is very good,Sree Annapoorna
Shri Annapurani Kitchen,My favourite are fried rice and naan butter masala,Sree Annapoorna
Shri Annapurani Kitchen,Variety North Indian dishes moderately priced.Even accepts Digital payments.,Sree Annapoorna
Shri Annapurani Kitchen,My one of the favorite and tasty food.place in trichy the ultimate taste of food,Sree Annapoorna
Shri Annapurani Kitchen,Very homely & tasty tiffin items,Sree Annapoorna
Shri Annapurani Kitchen,If u need 100% vegetarian then u go here ..homely food...,Sree Annapoorna
Shri Annapurani Kitchen,"Good taste, higenic and affordable price",Sree Annapoorna
Shri Annapurani Kitchen,Nice tiffen varities available. Snacks and juices available at cheap and best quality.,Sree Annapoorna
Shri Annapurani Kitchen,Worst service...And for all 5 tables. Only one supplier . And poor execution,Sree Annapoorna
Shri Annapurani Kitchen,"Taste at the opening found good

Now not upto the expected level",Sree Annapoorna
Shri Annapurani Kitchen,Useless people. Once I found small insect in my packed food. no clean. They add aginomoto.,Sree Annapoorna
Shri Annapurani Kitchen,Ok.. for parcel we have to wait long time and packing charges costly...,Sree Annapoorna
Shri Annapurani Kitchen,Special is Variety chutnies but Too too costly.,Sree Annapoorna
Shri Annapurani Kitchen,Good taste. Way to go to have daily,Sree Annapoorna
Shri Annapurani Kitchen,"Was good, peaceful place to eat leisurely",Sree Annapoorna
Shri Annapurani Kitchen,my fav food place in trichy homely food,Sree Annapoorna
Shri Annapurani Kitchen,Delicious homely tiffin only in night.,Sree Annapoorna
Shri Annapurani Kitchen,Very very affordable and the taste is also very nice,Sree Annapoorna
Shri Annapurani Kitchen,Good delicious and quality food,Sree Annapoorna
Shri Annapurani Kitchen,Excellent quality. Worth much for the price,Sree Annapoorna
Shri Annapurani Kitchen,"For homely dinner, it is a great place",Sree Annapoorna
Shri Annapurani Kitchen,"Every year i visit, have made sure a dinner here",Sree Annapoorna
Shri Annapurani Kitchen,Good food very economical,Sree Annapoorna
Shri Annapurani Kitchen,"Nice place, tasty food",Sree Annapoorna
Shri Annapurani Kitchen,Very good homely tiffin centre,Sree Annapoorna
Shri Annapurani Kitchen,Super taste and quick service,Sree Annapoorna
Shri Annapurani Kitchen,Best . Worth for money. Tasty.,Sree Annapoorna
Shri Annapurani Kitchen,Best place for Vegetarians ❣️,Sree Annapoorna
Shri Annapurani Kitchen,Best for homely dishes.,Sree Annapoorna
Shri Annapurani Kitchen,"Tasty, homely, down to earth, good.",Sree Annapoorna
Shri Annapurani Kitchen,The visit was very pleasent,Sree Annapoorna
Shri Annapurani Kitchen,very nice restaurant.,Sree Annapoorna
Shri Annapurani Kitchen,billing was not correct and erry!,Sree Annapoorna
Shri Annapurani Kitchen,Worth but less quantity,Sree Annapoorna
Shri Annapurani Kitchen,I like that very much 💓😋 …,Sree Annapoorna
Shri Annapurani Kitchen,Excellent food quality.homely food.harmless to stomach,Sree Annapoorna
Shri Annapurani Kitchen,Good taste of vegetarian food in Sri Rengam,Sree Annapoorna
Shri Annapurani Kitchen,ꜰᴏᴏᴅꜱ ᴀʀᴇ ɢᴏᴏᴅ. ʙᴜᴛ ʜᴀᴠᴇ ᴛᴏ ᴍᴀɪɴᴛᴀɪɴ ᴛʜᴇɪʀ qᴜᴀʟɪᴛy ᴏꜰ ꜱᴇʀᴠɪɴɢ,Sree Annapoorna
Shri Annapurani Kitchen,Perumal vadai is good,Sree Annapoorna
Sree Annapoorna - Komarapalayam,"Visited Sri Annapoorna Hotel in Komarapalayam with a group of six and had a very good experience. The food was good, especially the Mushroom 65, noodles, naan, and paneer gravy. The variety of snacks and sweets was also impressive. The …",Sree Annapoorna
Sree Annapoorna - Komarapalayam,Had an amazing experience at this restaurant. Kausalya took care of us very well. Food was spectacular and service incredible. Keep it up pls,Sree Annapoorna
Sree Annapoorna - Komarapalayam,Food was delicious as always and server Mr praveen was very friendly provided excellent and attentive service to us,Sree Annapoorna
Sree Annapoorna - Komarapalayam,"Food was average overall. We tried Sambar Idly, Appam, Chola Puri, and Chapathi. …",Sree Annapoorna
Sree Annapoorna - Komarapalayam,Great ambience. Exotic food. Liked all varieties we had.a must visit place.,Sree Annapoorna
Sree Annapoorna - Komarapalayam,Excellent customer service and family members and friends can enjoy the veg foods,Sree Annapoorna
Sree Annapoorna - Komarapalayam,Captain Rakesh served us very politely and service was good,Sree Annapoorna
Sree Annapoorna - Komarapalayam,Please check this is at wrong location pinned. The correct location is opposite to sarvana bhawan classic In NH,Sree Annapoorna
Sree Annapoorna - Komarapalayam,"If your are in Komarapalayam or travelling in salem-kochi highway , Annapoorna is an absolute must-visit . The food quality is top-notch ,and the ambience makes for a wonderful dining experience. A huge highlight is their incredible variety …",Sree Annapoorna
Sree Annapoorna - Komarapalayam,The Location is wrong. Confirm it when visit.,Sree Annapoorna
Sree Annapoorna - Komarapalayam,Please open one in salem.👍🙏👍🙏👍🙏👍🙏👍🙏👍🙏❤️❤️❤️❤️ …,Sree Annapoorna
Sree Annapoorna - Komarapalayam,"Top notch restaurant with top notch food, quality and service! The staff Ravi and Naveen Kumar were really hospitable and sweet. …",Sree Annapoorna
Sree Annapoorna - Komarapalayam,Sweet shop is extremely good,Sree Annapoorna
Sree Annapoorna - Komarapalayam,Excellent service. Food was good.This hotel is one of the best vegetarian options in the NH.,Sree Annapoorna
Sree Annapoorna - Komarapalayam,"One more addition to Sree Annapoorna....Great ambience and Good Service...

Taste come close to the Original...still sambar tasted average on my day of …",Sree Annapoorna
Sree Annapoorna - Komarapalayam,Kowsalya doing good service.,Sree Annapoorna
Sree Annapoorna - Komarapalayam,"Kowsalya captian ,she was awesome in showing hospitality. And tge food was  too good..♥️",Sree Annapoorna
Sree Annapoorna - Komarapalayam,"Kousalya was one who is attending us, she was so polite and friendly. The food taste the as the annapoorna from vadakovai& Chitra.
The ambience is something new and vibrant.
Totally a must try for coimbatore people who miss home food",Sree Annapoorna
Sree Annapoorna - Komarapalayam,Captain Gomathi was very pleasant and a good host. Her cheerfulness was infectious. Falooda full of tutti frooti lacked seasonal fruits. Great ambience.,Sree Annapoorna
Sree Annapoorna - Komarapalayam,Kowsalya service is excellent keep it up👌👌 …,Sree Annapoorna
Sree Annapoorna - Komarapalayam,Good service and teastly food,Sree Annapoorna
Sree Annapoorna - Komarapalayam,Sweets stall  and food services were awesome - Kongu mariyathai and services,Sree Annapoorna
Sree Annapoorna - Komarapalayam,Good quality in all units,Sree Annapoorna
Sree Annapoorna - Komarapalayam,Sweet is very good 😊 …,Sree Annapoorna
Sree Annapoorna - Komarapalayam,"Excellent Sweet stall.
Wonderful Service.",Sree Annapoorna
Sree Annapoorna - Komarapalayam,"Captain : kowsalya
Weighter: lokgesh
Service is very good …",Sree Annapoorna
Sree Annapoorna - Komarapalayam,"High Ceiling Infra makes a huge spacious kind of feel...Yummy ghee rava roast,pongal and sambar vada..nice fruit salad with ice cream",Sree Annapoorna
Sree Annapoorna - Komarapalayam,"Very tradition and nice food stop the serving Good

And kosilya take good service to us",Sree Annapoorna
Sree Annapoorna - Komarapalayam,"Fantastic ambience.
Food was really superb
We were there for the breakfast …",Sree Annapoorna
Sree Annapoorna - Komarapalayam,I'm so glad this restaurant is conveniently located on the highway! 🚗 The food is absolutely top-notch and provides fantastic value for money. 💰 …,Sree Annapoorna
Sree Annapoorna - Komarapalayam,Location is wrong. Please update.,Sree Annapoorna
Sree Annapoorna - Komarapalayam,Very Good Taste but too much costly,Sree Annapoorna
Sree Annapoorna - Komarapalayam,Pride of Coimbatores now in komarapalayam,Sree Annapoorna
Sree Annapoorna - Komarapalayam,"Sambar satham, hydrabad biryani excellent quality excellent service by Captain Gomathi, Ravikumar",Sree Annapoorna
Sri Annapurna Agro Foods,Good quality products,Sree Annapoorna
Annapoorna - M.T.P Road,"Had A Good Experience in Dining.

As It is in Prominent Road it Caught my attention and Parked for my Food. …",Sree Annapoorna
Annapoorna - M.T.P Road,"It is located 700 meters from Ganga Hospital, Coimbatore. A little expensive hotel. For a middle class family, find difficult to cope up the prices. All are costly. I have attached a bill for 2 parottas and a curd rice . Decide and judge …",Sree Annapoorna
Annapoorna - M.T.P Road,"Bill number: 6510

Had a wonderful dining experience! The food was delicious and served fresh, and …",Sree Annapoorna
Annapoorna - M.T.P Road,"Annapoorna's is unique, especially when it comes to the tiffin section.

The dosa variety and the idly variety was available till 10pm that's really …",Sree Annapoorna
Annapoorna - M.T.P Road,"This restaurant is a real gem for vegetarian lovers. The menu covers a wide range of options—from South Indian staples like idli, dosa, and meals, to North Indian delights like paneer butter masala, naan, and chole bhature. Everything is …",Sree Annapoorna
Annapoorna - M.T.P Road,"We visited this place for snacks as a family of four. While the food itself was tasty and clearly freshly prepared, the service left much to be desired. The wait time was quite long, with only two of the four orders arriving initially. The …",Sree Annapoorna
Annapoorna - M.T.P Road,"Absolute wow it is. Their ghee Dosa, idly sambar and filter coffee was fabulous and fantastic especially filter coffee no words😋!!!. I had 4 filter coffee just for me😌.Their service can be improved better we were waiting for sambar for so …",Sree Annapoorna
Annapoorna - M.T.P Road,"It was an amazing experience here , the dishes were awesome and tasty",Sree Annapoorna
Annapoorna - M.T.P Road,No service. No service. No service. I ordered a meal through Swiggy and the sambar was not sent. On request no one responded from the restaurant but Swiggy is rather ready to sent back 40rs. Prefer not to buy anything going forward through …,Sree Annapoorna
Annapoorna - M.T.P Road,"Slow service. Employees not even take order properly. Need to wait a lot . more than one food was salty
Outside section  staff also not good  . Inside ambience is conjusted",Sree Annapoorna
Annapoorna - M.T.P Road,"Overall Rating: 2/5
​I recently visited and ordered the Butter Naan, Mushroom Kadai, Sambar Idli, and the Annapoorna Special Filter Coffee. Unfortunately, the experience did not …",Sree Annapoorna
Annapoorna - M.T.P Road,Check the menu before ordering anything from this restaurant because everything is super expensive. …,Sree Annapoorna
Annapoorna - M.T.P Road,"The food is well-prepared, the service is friendly and attentive, and the atmosphere is warm and inviting. …",Sree Annapoorna
Annapoorna - M.T.P Road,"**Dinner Service**

I am so glad that I took this recommendation and went for dinner, even though it …",Sree Annapoorna
Annapoorna - M.T.P Road,The food was good and restaurant was also good. My only issue there was the service. First of all when we entered the didn’t say it was a restaurant only to serve meals (if you want other dishes you have to go to the next restaurant which …,Sree Annapoorna
Annapoorna - M.T.P Road,Wouldn’t recommend this place 1. No service person available 2. Food is average 3. Suffocating area. Body language of the person who took order was pathetic. …,Sree Annapoorna
Annapoorna - M.T.P Road,"Loved the food here. Very heavy and rich. Loved every item we ordered. The masala dosa had dosa and masala rolled in it like a Swiss roll. Good service too. Despite being crowded, they managed to reach everyone.",Sree Annapoorna
Annapoorna - M.T.P Road,We went here for breakfast and we took Dosa varieties & Mini Tiffin. All the items in Mini Tiffin were good and would definitely recommend. Decently sized parking lot.  There is also a decently sized hall where kids could just run around and play.,Sree Annapoorna
Annapoorna - M.T.P Road,Good food and fabulous people,Sree Annapoorna
Annapoorna - M.T.P Road,Ghee roast and masala roast was exceptional. The quality of coconut chutney is unbeatable I would say. Tried mango milkshake and I must say it is one of the best milk shakes I have ever tasted in my life. …,Sree Annapoorna
Annapoorna - M.T.P Road,"The service was decent and the staff were polite. Water was provided promptly, though the tumbler showed some signs of wear and could be maintained better. Overall, an acceptable experience.”",Sree Annapoorna
Annapoorna - M.T.P Road,I've ordered mushroom biryani & sambar rice my mom ordered veg meals food quantity is gud bt too spicy 😡.. In veg rice Rasam is damn spicy 😡... Service is gud bt food quality is not recommendable... Avoid this hotel at any cost... …,Sree Annapoorna
Annapoorna - M.T.P Road,"The place is decent, located in a prime location, tastes good but not over hyped…
Good thing is that we had food at very early hours like 6:30 am itself. Idly sambar means welcome hotel or rathna cafe, not Annapoorna…",Sree Annapoorna
Annapoorna - M.T.P Road,Good food. Taste was very good. Located on main road easy to notice. They also sell sweets. Chilly panner was great. Sambar chutneys were also good. Very crowded. They also have parking facility available. Inside they have both A/c and non A/c restaurant. Service was quick.,Sree Annapoorna
Annapoorna - M.T.P Road,Coimbatore's signature sambar and high class food. Also thanks to Bala for his wonderful service,Sree Annapoorna
Annapoorna - M.T.P Road,Classic Annapoorna Classic Ambience and The Ac Hall still feels vintage. Dosas are good. Old school Vibe with good service and worth a visit when you wish to eat popular Coimbatore South Indian Tiffin.,Sree Annapoorna
Annapoorna - M.T.P Road,"The Ghee Mini Idli in Sambhar was fantastic – the idlis were soft, and the ghee added a rich flavour that perfectly complemented the tangy sambhar. The Filter Coffee was excellent too, just as it should be. The Milk Halwa was a real treat.",Sree Annapoorna
Annapoorna - M.T.P Road,Very good customer service from bala and ram samoj. The food also very good. Thank you so much team.  We are happy 😊 …,Sree Annapoorna
Annapoorna - M.T.P Road,"Sree Annapoorna Restaurant is a great place to go for authentic and delicious South Indian cuisine.
The food is always fresh and well-prepared, the service is friendly and …",Sree Annapoorna
Annapoorna - M.T.P Road,The quality of the food is too good but the fresh juices like apple is not upto the level only milky is retained in the juice as think there was only minimal quantity of fruit pieces were used even the normal shops provide the quality fruit …,Sree Annapoorna
Annapoorna - M.T.P Road,The food was fabulous as always. The hospitality was good . Its a bit crowdy during peak hours. Its worth waiting.,Sree Annapoorna
Annapoorna - M.T.P Road,The falooda was amazing made with strawberry and vanilla ice cream with many fruits and jelly was just so amazing 🤩 …,Sree Annapoorna
Annapoorna - M.T.P Road,The place served really good food-. We came here as a family and loved it - through service was pretty quick.,Sree Annapoorna
Annapoorna - M.T.P Road,Best Ghee Dosa & Filter in Coimbatore 10/10… Great place to dine in and also for take away. Would suggest the restaurant for all age peoples. Having a good taste and hygiene in the city,Sree Annapoorna
Annapoorna - M.T.P Road,"The Diwali sweets from Annapoorna are absolutely delicious! Our company purchased a sweet hamper from them, and it turned out to be really good. There were plenty of sweets, and every single one tasted great. Celebrating Diwali with Annapoorna sweets is truly a vibe — don’t miss it!",Sree Annapoorna
Annapoorna - M.T.P Road,"Had the roast at Annapoorna today 🤍 Crispy on the outside, soft inside, and perfectly paired with chutney & sambar. Simple food done right!” …",Sree Annapoorna
Annapoorna - M.T.P Road,Traditional hotel with good serving team. Variety of dishes available. Separate car parking nearby hotel. Overpriced dishes as the taste remains same with other similar hotels in city. Ambience is also average compared to the other …,Sree Annapoorna
Annapoorna - M.T.P Road,"People call these chain of hotels as Pride of Coimbatore . Yes it's one of the best hotel for pure vegetarian foods . Sambar is  unique here . They never compromise on quality and taste . South Indian , North Indian , Chinese cuisine is available . One should taste the filter coffee here .",Sree Annapoorna
Annapoorna - M.T.P Road,We are a regular customer to annapoorna.. I would say even my 3 yr kids loves their food and ambience. They also give very good service. Their sambar idly is absolute heaven,Sree Annapoorna
Annapoorna - M.T.P Road,"The food was great , the best among all the branches in Coimbatore. Excellent service and delicious meals. Pavithra gave us an excellent service . Would definitely recommend , thank you anapoorna and pavithra .",Sree Annapoorna
Annapoorna - M.T.P Road,Very bad service at this joint. Staff were busy talking to one another than attending to clients. I was the only customer and still disoriented and busy talking to each other. I guess too much of business on a Sunday afternoon.,Sree Annapoorna
Annapoorna - M.T.P Road,"Never miss a chance to eat here whenever i visit coimbatore,sambar Vada top notch, multiple dosas and chutney varieties available",Sree Annapoorna
Annapoorna - M.T.P Road,The place is hygienic and they serve good quality food. authentic vegetarian food which delighting the taste buds of everyone for more than 50 years. situated right on the Mettupalayam main road. Good sweets and pastries. It's on main road …,Sree Annapoorna
Annapoorna - M.T.P Road,"Very good service and hospitality.
Food tastes very good
Must visit place",Sree Annapoorna
Annapoorna - M.T.P Road,"Really fantastic service and food.
Must try cashew pulav.",Sree Annapoorna
Annapoorna - M.T.P Road,Bala sir was good in servicing us. We had falooda after a long time and it tasted yum,Sree Annapoorna
Annapoorna - M.T.P Road,Food quality is good...Fast delivery...Mrs.Vanaja is so humble nd serves good..,Sree Annapoorna
Annapoorna - M.T.P Road,"Worst service, more staffs are available but poor response, need to wait for long time to order and more time to get food. Reordering is unimaginable",Sree Annapoorna
Annapoorna - M.T.P Road,"If you have recently settled or just visiting Coimbatore for a casual or business trip and looking for authentic south indian food, this is the best and the oldest one with a golden goodwill. Excellent food and service. The size, presentation and taste all are excellent",Sree Annapoorna
Annapoorna - M.T.P Road,"Annapoorna - The Pride of Coimbatore.
Had South Indian Meals.
All the items are excellent in taste. …",Sree Annapoorna
Annapoorna Veg,One of the best hotels,Sree Annapoorna
Tirupur Sree Annapoorna,This is a great place for a breakfast or lunch stop over between the Coimbatore - Tirrupur National Highway. Their sambar is probably their biggest highlight and all of their dishes screams quality and tastes even better. A great change …,Sree Annapoorna
Tirupur Sree Annapoorna,This a good stop if you are travelling from Coimbatore towards Bangalore. The atmosphere is good and they maintain cleanliness including the toilets and the place is much better compared to many other places on the same strech. They have …,Sree Annapoorna
Tirupur Sree Annapoorna,Excellent place for tasty breakfast items. Had Ghee roast and masala dosas. Very tasty. Both chutney and sambar provided was great. Customer oriented mindset of the waiters to quickly take order and deliver in short time added to the experience. The dining area is a bit small. But otherwise rest all are good.,Sree Annapoorna
Tirupur Sree Annapoorna,"Little good tasty food's,
Today lunch lemon rice,
Mushroom chilli,
Pappad, lemon pickle,",Sree Annapoorna
Tirupur Sree Annapoorna,Excellent vegitarian hotel in NH544. Big dining area with and without air conditioning. Tiffin is delicious with good amount of verities. Onian oothapam and curd semiya are must try. Amble amount of car parking with easy access to highway!,Sree Annapoorna
Tirupur Sree Annapoorna,"Really good restaurant to have vegetarian food.
I tried few variety rice and meels.
Everything tasted really delicious. …",Sree Annapoorna
Tirupur Sree Annapoorna,"Nice breakfast on a Pongal Holiday...

Poori masala is Good... …",Sree Annapoorna
Tirupur Sree Annapoorna,"Sree Annapoorna in Avinashi is a convenient spot on the highway, especially for travelers and those stopping by to charge their EVs nearby. The place is well maintained. It’s an ideal stop for a meal or snack during the day. …",Sree Annapoorna
Tirupur Sree Annapoorna,"Easily the best veg hotel compared to Udupi Ruchi and Coimbatore Annapoorna located nearby. Cost wise good, Service wise OK, Taste is no problem for stomach, Parking space is good, Atmosphere is calm. If you lower expectations, this is best veg hotel in nearby locality",Sree Annapoorna
Tirupur Sree Annapoorna,"On the way from Mettupalayam to Chennai, we stopped here at 3 pm for a late lunch. Ordered tomato rice, sambar rice, veg biriyani and coffee. The quantity was enough, taste was good and prices were reasonable. The restaurant is big and …",Sree Annapoorna
Tirupur Sree Annapoorna,"Alert: This is not the regular Annapoorna. If you're traveling from Coimbatore towards Salem, this place is on the left side of the highway. To reach the original Annapoorna, you'll need to drive a bit further ahead. That said, we stopped …",Sree Annapoorna
Tirupur Sree Annapoorna,We tried juices and chaat items . Taste is good price is slightly high.,Sree Annapoorna
Tirupur Sree Annapoorna,"We gone for lunch. Bun parotta was not cooked properly, paneer fried rice quantity was very less. Overall quality and quantity of food is not good",Sree Annapoorna
Tirupur Sree Annapoorna,"We ordered Masala Dosa, Ghee Roast, Coffee and Lemon Tea. Food was good, service was quick. Restaurant had enough seating facility and car park. Over all worth visiting for having breakfast.",Sree Annapoorna
Tirupur Sree Annapoorna,Conveniently located in the highway. Try the new bun dosa and it’s really yummy. The service was also decent. Make the coffee little strong with naattu Sarkarai which exceeds the expectation.,Sree Annapoorna
Tirupur Sree Annapoorna,Pur veg restaurant. I had rava dosa and sambar sadam here. Taste wise good. But staffs are little unresponsive when we call for next order. Very slow and lethargically attending customers. Should improve customer service. …,Sree Annapoorna
Tirupur Sree Annapoorna,The exterior is mimicking Sree Annaporna of Coimbatore  but it is nothing related that franchise. The food at  best average . The original  Sree Annaporna  is few kms down the highway make a stop there.,Sree Annapoorna
Tirupur Sree Annapoorna,This hotel is on highway towards the left while you are coming from Coimbatore to Bengaluru. It's a Veg hotel. Tea and coffee tasted good. Kuthu parota is good. Plain parota was not cooked inside. You can try dishes like vada masala Dosa. …,Sree Annapoorna
Tirupur Sree Annapoorna,Stopped enroute for lunch. I had their spl meals. Loved the paruppu podi and dal and ghee. Their rasam and curd were good too. Very attentive service. Will definitely go again,Sree Annapoorna
Tirupur Sree Annapoorna,"Visited Sree Annapurna recently and had a very satisfying experience. The food is authentic South Indian vegetarian, served fresh and hot. The meals are flavorful with good variety, and the idli, dosa, and vada are soft and well prepared. …",Sree Annapoorna
Tirupur Sree Annapoorna,A well kept mid range hotel that had one of the best washrooms I had seen in this sector (amongst such range of restaurants) …,Sree Annapoorna
Tirupur Sree Annapoorna,The worst lunch I have ever tasted in this surrounding. I wonder if the officers or the food regulator of Food Safety and Standards Authority of India (FSSAI) ever inspected the hygiene and quality of food in this restaurant. It is very sad …,Sree Annapoorna
Tirupur Sree Annapoorna,I am not sure whether it is the same annapoorna as in Coimbatore. Because the taste of the foods vary . It is located in a specious national highway in which the car parking is specious and tea shop is available separately. There is also …,Sree Annapoorna
Tirupur Sree Annapoorna,"OMG, I loved the food. This place is as big as two marriage hall with constant wait times.
The best, cleaner, quality vegetarian food you will get. Love to eat again",Sree Annapoorna
Tirupur Sree Annapoorna,"Costly but tasty variety food, very neat place, super atmosphere, quality service",Sree Annapoorna
Tirupur Sree Annapoorna,"Nice ambience. Had a rainy evening with tea and snacks. Taste is good. Service tops all. Fancy shop is nearby having wood toys, teddy bear etc. Can also purchase sweets and snacks. Only for vegetarians. Parking space is huge. Overall a good experience.",Sree Annapoorna
Tirupur Sree Annapoorna,"We had ordered Masala dosa, Ghee Roast, Pongal, Poori Bhaji and Vada. Taste was good except Pongal which the taste could have been made better. Ample parking space is available and you have to come slow from the highway to get into the parking. Toilets were found to clean. Overall it is good and recommended.",Sree Annapoorna
Tirupur Sree Annapoorna,"2023  nov
But now sree annapoorna has opened 500 m after this.  Highly recommend that one. …",Sree Annapoorna
Tirupur Sree Annapoorna,"The quality of food had gone really bad. When I gave the feed back to the one sitting in the cash counter, His acknowledgment answered everything that they will close down soon with the quality of food. …",Sree Annapoorna
Tirupur Sree Annapoorna,"We have always been regular customers of Annapoorna Hotels and usually enjoy their food and service. However, our recent experience at the branch on the highways near Tirupur was quite disappointing. …",Sree Annapoorna
Tirupur Sree Annapoorna,"Good morning breakfast we had , good taste,neat ambience , Price is nominal,they have provided a very large parking area,it is on the highway, sweets and savories also available ,fast service, particularly restroom is very clean and neat",Sree Annapoorna
Tirupur Sree Annapoorna,Visited Tiruppur Sree Annapoorna for a drive in evening snacks. We expected Paniyaram to be available. But had sambar vadai and Masal poori with coffee. Tasted good and served quickly too. Wash area could be little more clean and could the …,Sree Annapoorna
Tirupur Sree Annapoorna,This their new restaurant at Avinashi. Vast car parking is available. Food was good not exceptional. Service was average and that’s why reduced a star. Pricing is ok. Neat washrooms are an added advantage.,Sree Annapoorna
Tirupur Sree Annapoorna,"It was a amazing experience with this restaurant,  very refreshing,  good food, good service,we have lemon saymia and mushroom friedrice,amazing taste home food like, tomato chutney is nice, coffee is amazing, good toilet and parking facilities.Good added facilities like,EV vehicle charging available, friendly manager and staffs.",Sree Annapoorna
Tirupur Sree Annapoorna,Nice a neat place to eat with your family... not too costly... average service... clean restrooms... Plenty of parking... My only complaint is the quantity...the small cup of vegetables is just too little... All the Currie's too...they should use a slightly bigger cup/bowl...!,Sree Annapoorna
Tirupur Sree Annapoorna,"We went for dinner 🍽️ which has plenty of food varieties. Refreshments items like tea ☕, coffee are also served here. The food taste is good and the service is also appreciated. Limited Parking 🅿️ facilities available and exclusive toilet 🚽 facilities available for both genders.
DoV: 261224. …",Sree Annapoorna
Tirupur Sree Annapoorna,"I don’t know why Annapoorna brand is incorporating these type of unquality products. If we ask management, they are responding like they won’t care of these Black Forest. The worst wheat bread. It spoiled our mood to walk in again. so please management should take care of this seriously.",Sree Annapoorna
Tirupur Sree Annapoorna,We tried this hotel for the first time with my family and cousins for dinner after a shopping trip from coimbatore. We had dosas appam and paniyaram. It took paniyaram for a 15 to 20 minutes to get ready. Also had a coffee as a dessert 😅. It was strong and good. I kind of personally like strong coffee with correct sugar. …,Sree Annapoorna
Tirupur Sree Annapoorna,The taste of this hotel is still the same as long a i remember and also there is lot of parking space outside a small shop for handbags and kids toys for the agee upto 6 years and also the service a bit off not sure why as they were confused who should take the order for whom,Sree Annapoorna
Tirupur Sree Annapoorna,"Tried a tea and snacks.
Taste and quality was good.
Restrooms were very neat and clean.
Toy shops were there. Bit costly.",Sree Annapoorna
Tirupur Sree Annapoorna,"It's Tirupur Sree Annapoornnaa Located on the Coimbatore salem NH. It is nice place to have breakfast, Lunch. Evening snacks and dinner. Mostly travellers stops here for food break. Maintained Very neat and clean. Rest rooms are maintained well but located in ziq Zak route. Parking is sufficient.",Sree Annapoorna
Tirupur Sree Annapoorna,Super hotel with awesome food taste. Service was fast even though fully crowded. Good restaurant to have food in Avinashi bypass. Good parking space is available. Charging facility available for electric cars and bikes.,Sree Annapoorna
Tirupur Sree Annapoorna,"Very neat and clean washrooms even spacious.
Food was also good",Sree Annapoorna
Tirupur Sree Annapoorna,"Annapoorna veg restaurant situated in avinasi road, Avinasi.

Taste is good and tasty. Ok with level. …",Sree Annapoorna
Tirupur Sree Annapoorna,"""I thoroughly enjoyed the hotel's breakfast, which was not only tasty but also included a delicious complimentary Kesari."" …",Sree Annapoorna
Tirupur Sree Annapoorna,Avoid this restaurant.  Food is not good and fully oily.  Price is very high. We weill get better quality from similar restaurants.  Charging premium price and serving low quality food.,Sree Annapoorna
Tirupur Sree Annapoorna,Visited for breakfast on the way to Chennai. Poori was hot and went well with the potato masala. Onion roast tasted good and went well with the tasty sambar and chutney. Ambience was average. Prices are bit okay.,Sree Annapoorna
Tirupur Sree Annapoorna,"Good food, fine quality at right rate. You can have your hunger finely satisfied here. A great thumbs up for the service and food. You have a separate spot for chat also",Sree Annapoorna
Tirupur Sree Annapoorna,"We are 3 people came to dine in here and ordered mushroom briyani and tomato rice. For mushroom briyani they didn't given raitha so I asked the waiter. The waiter given raitha when i almost finished the food. Tomatoe rice was not even hot, …",Sree Annapoorna
Tirupur Sree Annapoorna,"The ambiance was lovely, especially in the morning! ☀️☕️  Delicious tea & snacks, top-notch service! 💯 The nearby shop with wood toys & teddy bears was charming🧸.  Sweets & snacks available too! 😋 Vegetarian-friendly & ample parking! 🚗🌱 EV …",Sree Annapoorna
Sri Annapoorna Bakes,Nice place spend few minutes for tasty tea and happy chats with friends,Sree Annapoorna
Sri Annapoorna Bakes,Good taste and nice place to relax,Sree Annapoorna
Sri Annapoorna Bakes,Tea and buff super taste 😁😊 …,Sree Annapoorna
Sri Annapoorna Bakes,"tea tast good, coffice taste excellent",Sree Annapoorna
Sri Annapoorna Bakes,"Fresh and delicious, 😍 …",Sree Annapoorna
Sri Annapoorna Bakes,"Cool place , well maintained! Nice place to have small mock tails and Cool stuffs around The city! good taste and Reasonable price!",Sree Annapoorna
Sri Annapoorna Bakes,Customer service good,Sree Annapoorna
HOTEL SRI ANNAPOORNA,"Oooh… wow… Best place for lunch.. perfect if you would like to try a perfect home made style lunch…
at its best- karalumbu, arai kirai kuttu, sambar.. and chapathi kurma.. …",Sree Annapoorna
HOTEL SRI ANNAPOORNA,"Worst of the worst in the main city area .

Ordered mushroom biryani .. it was old rice tossed with loads of oil and not …",Sree Annapoorna
HOTEL SRI ANNAPOORNA,"I am 65 years old. Yesterday, on April 18, we visited your hotel for lunch. I had an experience there unlike any I have ever encountered in any other hotel in Trichy. We ordered the ""Portion Meal"" (Alavu Saapadu) priced at ₹95; however, …",Sree Annapoorna
HOTEL SRI ANNAPOORNA,"We ordered parotta, paneer biryani, and meals, totaling 595. Based on this price, the taste was not good. The paneer biryani and meals were also not good taste",Sree Annapoorna
HOTEL SRI ANNAPOORNA,"Excellent Food with excellent service
Staff including manager was very cooperative and helpful …",Sree Annapoorna
HOTEL SRI ANNAPOORNA,Once my friend and me visited this hotel to get parcel of sambar saadham. My friend just asked a pickle pocket along with that. We paid 140 rs for those parcels. In the parcel counter I think the man is a supervisor is very rude and said …,Sree Annapoorna
HOTEL SRI ANNAPOORNA,We tried mushroom fried rice and panner fried rice. The best fried rice in the town. The owner is very polite & humble.,Sree Annapoorna
HOTEL SRI ANNAPOORNA,"May God bless their good heart and good food 🙏🏼❤️ Mr Senthil Nathan, he was very kind. Thanks for everything. …",Sree Annapoorna
HOTEL SRI ANNAPOORNA,"Today I visited Hotel Sri annapoorna veg Trichy ,i have ordered two set paratha and one tea,Paratha was no heat  but vegetable  kuruma was ok , then I tasted tea very shocked  tea  very worst ,This is the worst experience I have ever had in …",Sree Annapoorna
HOTEL SRI ANNAPOORNA,"Not a good experience
Food and Coffee are very costly
Quality and taste very low …",Sree Annapoorna
HOTEL SRI ANNAPOORNA,"""Don't go there makkalae""
These people damaging the name of Annapoorna. Worst of worst. Literally they don't know how to handle people. Irritating experience and couldn't eat. Servers …",Sree Annapoorna
HOTEL SRI ANNAPOORNA,"Pure vegetarian restaurant.. Good one for kids,family. We had meals and chilli parotta. The Taste was good and up to the cost. Ambience was also superb. Special mention: they have this habit of adding any one type of grams and pulses in their side dish for meals.",Sree Annapoorna
HOTEL SRI ANNAPOORNA,"Food is not good, poor, recommend not to dine",Sree Annapoorna
HOTEL SRI ANNAPOORNA,Very very worst hotel...we ordered paneer briyani but they served paneer briyani like tamarind rice that doesn't having briyani masala smell or nothing and paneer is not well cooked..and then chilli parotta also not cooked well they smelling like smoky flavour.. totally waste of money.. simply waste,Sree Annapoorna
HOTEL SRI ANNAPOORNA,"No one should go to this hotel. Worst food. I have never eaten such bad food. Please, no one should go.🥲 worst hotel in trichy 👎🏻 …",Sree Annapoorna
HOTEL SRI ANNAPOORNA,Low quality rice .... They ve put salt more in rice . Don't ask pickles it's not closed open someone might have directly put hand also and take .... It's a local bazaar type whoever comes to pothys they will eat and go .... Not worth the hype locals give annaporna annaporna for lunch,Sree Annapoorna
HOTEL SRI ANNAPOORNA,"Okay food, price maybe on the slightly higher side, benchmarked to similar middle class vegetarian restaurants.
Must be appreciated for keeping the premises open and running, inspite of Corona epidemic restrictions",Sree Annapoorna
HOTEL SRI ANNAPOORNA,Worst of the hotel and sales person and owner very very worst not responding in customer 😠shop la gpay or Paytm illa hotel very worst of the hotel pls. Taste i🤮s not good cleaning very bad smelling for the food 😫pls don't come to be restaurant 🙏🙏 …,Sree Annapoorna
HOTEL SRI ANNAPOORNA,"200 rs for special meals and nothing special about it .

Veg curry had more tomatoes than the actual curry not worth",Sree Annapoorna
HOTEL SRI ANNAPOORNA,"Worst Experience. Food, Service, and Atmosphere also very poor. It's a Prime location, so many people gathered in Trichy. Sorry this is very poor quality...",Sree Annapoorna
HOTEL SRI ANNAPOORNA,Waste of money...worst food and service...They don't know how to handle customers....Servers were not polite...Worst experience ever,Sree Annapoorna
HOTEL SRI ANNAPOORNA,I ordered fried rice and meals too it was nice and upto the cost and tasted like home made one.,Sree Annapoorna
HOTEL SRI ANNAPOORNA,Very worst place to eat and takeaway….You guys charge higher but the taste is worst and not hygienic enough…I wonder whether your admin read these reviews given by the customers in your page….I made a mistake by going there without reading …,Sree Annapoorna
HOTEL SRI ANNAPOORNA,"2 years before we went to eat at this hotel that time taste was very good, but yesterday we went to complete our dinner taste was very bad, coffe not good but cost was very high please don't visit",Sree Annapoorna
HOTEL SRI ANNAPOORNA,"Don't have food here, we got food poison after had lunch here, worst food 🥹 …",Sree Annapoorna
HOTEL SRI ANNAPOORNA,Very very very worst hotel...they won't gave extra side dish..talking rudely..worst hotel,Sree Annapoorna
HOTEL SRI ANNAPOORNA,Very tasty 😋 foods here...for vegetarian lovers 🥰🎉 …,Sree Annapoorna
HOTEL SRI ANNAPOORNA,Worst hotel.. Chilli parotta is too bad.,Sree Annapoorna
HOTEL SRI ANNAPOORNA,Food quality is poor. Taste is worst.,Sree Annapoorna
HOTEL SRI ANNAPOORNA,Superb place for the vegetarian lovers. Loved it😋 …,Sree Annapoorna
HOTEL SRI ANNAPOORNA,Annapoorna is very familiar one. I like it very much.,Sree Annapoorna
HOTEL SRI ANNAPOORNA,Very very very worst hotel chappathi is very bad,Sree Annapoorna
HOTEL SRI ANNAPOORNA,Paneer 65 was awesome❤️,Sree Annapoorna
HOTEL SRI ANNAPOORNA,Feels like costly for quality and quality,Sree Annapoorna
HOTEL SRI ANNAPOORNA,Most of the time congested little bit chaotic pure veg restaurant… their Lunch used to above average .. the crowd very much increases during Festival days ..,Sree Annapoorna
HOTEL SRI ANNAPOORNA,"There was only sour cream in the dosa...
Even if I told you about this, you wouldn't listen... …",Sree Annapoorna
HOTEL SRI ANNAPOORNA,"Very worst food. We ordered panner biriyani.But they served old tomato rice with 4 pieces of old panneer. They charged 160 per biriyani,but it is not worth it for 50 rs. …",Sree Annapoorna
HOTEL SRI ANNAPOORNA,"""The taste of the food at this hotel was very good. Especially their biryani and side dish varieties are unique in taste. The kind hospitality of the serving staff was satisfying. The price is also reasonable for the quality. A great vegetarian restaurant to go and eat with the family!"" Trichy Hotel Sri Annapurna 🙏 …",Sree Annapoorna
HOTEL SRI ANNAPOORNA,Very very worst hotel....food ellam romba mosama eruku ...ellame old food ah tharanga.....dont go there 🤬🤬🤬🤬🤬🤬 …,Sree Annapoorna
HOTEL SRI ANNAPOORNA,"They served spoiled chutney last night, and the delivery guy said he didn't tip at the end, so avoid going to this restaurant.",Sree Annapoorna
Tiruppur Sree Annapoorna Veg Restaurant - Perundurai Highway,"Can't really say if this Tiruppur Sree Annapoorna Veg Restaurant at Perundurai Highway is doing justice to the original Iconic restaurant or not. But if we generally consider this as a highway side restaurant, it's good. We had some …",Sree Annapoorna
Tiruppur Sree Annapoorna Veg Restaurant - Perundurai Highway,"Good and high quality veg food is available here but quantity is very low compared to other hotels available in this category / Type of hotels. Provides minimal items only, but the taste and hygienist items were available with faster manner. Having good play area for kids and small shopping area is available in this area.",Sree Annapoorna
Tiruppur Sree Annapoorna Veg Restaurant - Perundurai Highway,A decent place however with minimal menu. Average service n food. Has to wait for the item to be served due to week end crowd. Good parking area n average rest room wrt cleanliness. Food  was more influenced with TIRUPUR style taste.,Sree Annapoorna
Tiruppur Sree Annapoorna Veg Restaurant - Perundurai Highway,Food was very very normal. Huge dining area but wasted space.  Large car parking as there are multiple shops in the area. Glorified ordinary outlet. Better veg options are available near by.,Sree Annapoorna
Tiruppur Sree Annapoorna Veg Restaurant - Perundurai Highway,The only nice parts here are the washrooms and the curd rice. Everything else is terrible. This is another generic highway hotel riding and spoiling the good name of coimbatore annapoorna. …,Sree Annapoorna
Tiruppur Sree Annapoorna Veg Restaurant - Perundurai Highway,"The quality of this Annapoorna very good. Amazing taste.
We stop on this highway for annapoorna every time on this Bangalore kochi highway. …",Sree Annapoorna
Tiruppur Sree Annapoorna Veg Restaurant - Perundurai Highway,"The quality standard is not as original Annapurna, if you want to taste the real flavour of Coimbatore Annapurna please go to Coimbatore avinashi road, opposite to kmch. …",Sree Annapoorna
Tiruppur Sree Annapoorna Veg Restaurant - Perundurai Highway,Exciting annapoorna  tirupur avinashi group has opened an outlet in perundurai. Vadai sambar super. Sambar better than all annapoorna outlet. Superb meals sweets snacks savouries. Amazing sambar taste . Try it. There is no regular over  sweet jaggery sweet we loved it .,Sree Annapoorna
Tiruppur Sree Annapoorna Veg Restaurant - Perundurai Highway,Very good food. Better than most on this stretch I have felt. Good service too...,Sree Annapoorna
Tiruppur Sree Annapoorna Veg Restaurant - Perundurai Highway,"Food items are very tasty... Service is wonderful...
Must try for veg fans...
Kids have well maintained play area... Ample Car parking space...",Sree Annapoorna
Tiruppur Sree Annapoorna Veg Restaurant - Perundurai Highway,One of the tastiest lunch you can get. Sambhar is out of the world. Great service. Must try the meals they provide during lunch,Sree Annapoorna
Tiruppur Sree Annapoorna Veg Restaurant - Perundurai Highway,The hotel is the last suggestible place for food. The food is not just expensive but is nowhere close to the basic standard/quality. Moreover the customer service is unbearable. The staffs are extremely arrogant and rude. The food is very unclean and quantity is also very less. Overall this place is not at all recommendable.,Sree Annapoorna
Tiruppur Sree Annapoorna Veg Restaurant - Perundurai Highway,Nice pitspot near NH between salem to  coimbatore for vegetarian food. Junior Kuppanna non veg food also available near by. Tried only Veg thali. Its good.  good vehiclebparking  and toilet facility.,Sree Annapoorna
Tiruppur Sree Annapoorna Veg Restaurant - Perundurai Highway,"Hotel ambience is very good.. They have good parking facility.. But service need to be improved a lot.. I would advice of you are running short of time, think of other options.. Surprisingly they even have a board which states food preparation time as 10 to 30 mins which is quite high for a highway restaurant..",Sree Annapoorna
Tiruppur Sree Annapoorna Veg Restaurant - Perundurai Highway,Great food at reasonable prices. Looks expensive but isn't. Great service too. Best in the area for those traveling long distance.,Sree Annapoorna
Tiruppur Sree Annapoorna Veg Restaurant - Perundurai Highway,"Nice motel place with  decent dining area and a small play area for kids .
The food quality and taste seems good and rate is affordable.
Working time : 6am to nyt 12 am …",Sree Annapoorna
Tiruppur Sree Annapoorna Veg Restaurant - Perundurai Highway,"best place for pitstop if you are headed to coimbatore via salem, erode side (eg. from bangalore, chennai etc). Clean ambience. Good facilities, Clean washrooms",Sree Annapoorna
Tiruppur Sree Annapoorna Veg Restaurant - Perundurai Highway,Not so great food. The chatnis in the morning is way too spicy. Vada over fried.,Sree Annapoorna
Tiruppur Sree Annapoorna Veg Restaurant - Perundurai Highway,Went for dinner.. we were the last ppl there.. food was good.. served hot.. couldn't complain..,Sree Annapoorna
Tiruppur Sree Annapoorna Veg Restaurant - Perundurai Highway,Loved their coffee.  sweets . Pastry. Best annaloorna ghee roast. Orginal sambar vadai taste past 50 years. This tirupur sree annapoorna is regular place in evening visit. Im  Regular customer in their avinashi outlet.,Sree Annapoorna
Tiruppur Sree Annapoorna Veg Restaurant - Perundurai Highway,Nice place for both vegetarian and non vegetarian food.  And lots of shops are there.,Sree Annapoorna
Tiruppur Sree Annapoorna Veg Restaurant - Perundurai Highway,Very worst food ever it's was nake sake Annapoorna seems that's it There are no cleanliness inside the washroom no proper Experience staff and food also not good,Sree Annapoorna
Tiruppur Sree Annapoorna Veg Restaurant - Perundurai Highway,"Reasonable place in this stretch of the highway to stop. Good coffee, standard food and clean usable bathrooms.",Sree Annapoorna
Tiruppur Sree Annapoorna Veg Restaurant - Perundurai Highway,Superb restaurant. Good ambience and good food. Children play area is a welcome sight..,Sree Annapoorna
Tiruppur Sree Annapoorna Veg Restaurant - Perundurai Highway,Plenty of place to sit and they have two restaurants - one is complete veg and other one complete non veg. I went to veg one and had meal and also tomato rice and mushroom biryani. Everything was delicious and quantity was also good. You will get real south Indian taste at a reasonable price. Service is also quick.,Sree Annapoorna
Tiruppur Sree Annapoorna Veg Restaurant - Perundurai Highway,"Menu was very limited, beverages weren't available and a lot of North Indian people were working there and did not seem to understand what i wanted to order and that was very frustrating. Would not recommend going there if you have any …",Sree Annapoorna
Tiruppur Sree Annapoorna Veg Restaurant - Perundurai Highway,Good and decent eatery on the highway. It's a complex that has many shops and one can have some relaxation after a long drive. The food was tasty and the price was reasonable. There's enough parking available and toilet facilities are there. Nice experience.,Sree Annapoorna
Tiruppur Sree Annapoorna Veg Restaurant - Perundurai Highway,"Visited on 16th Oct, 2022. Clean washroom. Food tasted good. But I am rating it 3 because it was covered with flies inside. While eating we had to keep swatting away flies the entire time. The number of flies were uncountably large on tables, floor, entrance and your leaf plates.",Sree Annapoorna
Tiruppur Sree Annapoorna Veg Restaurant - Perundurai Highway,"We ordered parota, tomato rice and Manchurian and along with it came several side dishes. 3 of us shared this. We thoroughly enjoyed the food. The staff were polite and gave us food without hesitating even though we were sharing and were attentive throughout our visit for what we may need.",Sree Annapoorna
Tiruppur Sree Annapoorna Veg Restaurant - Perundurai Highway,"Horrible taste, dosa was half cooked and chutney was spoiled worst experience",Sree Annapoorna
Tiruppur Sree Annapoorna Veg Restaurant - Perundurai Highway,"It is situated right on the highway to Coimbatore, easily spottable as it has a large complex with Junior kuppana adjoining it. It also has a plenty of parking space, the hotel is very big and is neatly maintained. The food was very well …",Sree Annapoorna
Tiruppur Sree Annapoorna Veg Restaurant - Perundurai Highway,Very delicious food. Portion seems little bit less. But no issues. Got a huge parking lot with playing area. Got multiple business in the location. You can buy tee shirt if required.,Sree Annapoorna
Tiruppur Sree Annapoorna Veg Restaurant - Perundurai Highway,I am first time come to hotel very good taste,Sree Annapoorna
Tiruppur Sree Annapoorna Veg Restaurant - Perundurai Highway,"Try honey chilly paneer.

Good taste . Excellent customer care service. Clean hygienic . …",Sree Annapoorna
Tiruppur Sree Annapoorna Veg Restaurant - Perundurai Highway,"Good  restaurant i ever seen,  sambar and chutney nice taste. taking covid measure , wearing mask . serving  clean
We get ordered dosa it came 2 minutes then they delivered sambar extra   we …",Sree Annapoorna
Tiruppur Sree Annapoorna Veg Restaurant - Perundurai Highway,It's located in the Salem- Coimbatore highway. Easily accessible and provides a big parking space. They have a small portion for kids play area. Went only once. Felt that the quality of the food to be improved..It is also considered as one …,Sree Annapoorna
Tiruppur Sree Annapoorna Veg Restaurant - Perundurai Highway,"Rukmani Ammal Vegetarian Hotel
Located on the National Highway Coimbatore to Chennai near Erode diagonally opposite to Texvally",Sree Annapoorna
Tiruppur Sree Annapoorna Veg Restaurant - Perundurai Highway,Good spacious dining hall but food is not the best but good. There is lot of parking place & neat toilets available. Also you can do a window shopping around in the same compound. …,Sree Annapoorna
Tiruppur Sree Annapoorna Veg Restaurant - Perundurai Highway,"A nice ambience.
Food is of good quality.
Most items are like home made. …",Sree Annapoorna
Tiruppur Sree Annapoorna Veg Restaurant - Perundurai Highway,"I had breakfast with my family on 28/12/2017. Being new, only ambience is good. Poor Service. Food items are very costly. For Rs.60/-, you get a plain Dosa worth Rs.30/-. Same with other food items. I registered my disappointment there …",Sree Annapoorna
Tiruppur Sree Annapoorna Veg Restaurant - Perundurai Highway,"After a tiring journey through the Erode highway, the hotel was the first suggestion for hunger. However I am extremely dissatisfied with the unpleasant behavior of the staff at the hotel. Not just that, the food though being expensive for …",Sree Annapoorna
Tiruppur Sree Annapoorna Veg Restaurant - Perundurai Highway,"Amazing traditional taste. Super
Fast  customer service. Clean toilets rooms. Relax after long traveling. Awesome meals. Right price. Play area. Ample parking. Hot sambar. Fresh chutney. Trained staff behaviour.",Sree Annapoorna
Tiruppur Sree Annapoorna Veg Restaurant - Perundurai Highway,"Poor customer response, everytime they take delivery time minimum 20 though you order a normal dosa.
I had the bitter experience here having food, I ordered ghee roast and they gave …",Sree Annapoorna
Tiruppur Sree Annapoorna Veg Restaurant - Perundurai Highway,"Taste wise very average. Only 2 people were there to serve and they took lot of time to serve even idli and dosa. Poori was very oily.
Only good thing is ample parking space and bang on the main highway so can used as a pit stop during long drives.",Sree Annapoorna
Tiruppur Sree Annapoorna Veg Restaurant - Perundurai Highway,"Nice ambiance, sambar was good, chutneys could have been better though. You need to wait for 15-20 min to get served, which they have clearly mentioned on the wall. Portion size was ok.",Sree Annapoorna
Tiruppur Sree Annapoorna Veg Restaurant - Perundurai Highway,"Nice place for family. Good ambience. Premium restaurant with good food. Children-friendly. Toilets can be a bit more clean I feel. Rates are a bit high, but quality-wise very good.",Sree Annapoorna
Tiruppur Sree Annapoorna Veg Restaurant - Perundurai Highway,"We used the Hall for engagement. hall neat, good looking and rest rooms very clean than most others in Perundurai. Food not bad. Management and staffs not cooperative so very hectic job for organisers to get some work done.",Sree Annapoorna
Tiruppur Sree Annapoorna Veg Restaurant - Perundurai Highway,Good place with good food. Ambience is good. On the way to Coimbatore we usually have breakfast or lunch here. Only suggestion is to have some food without onions or garlic. Hardly anything is available for offshore who don't eat onions and garlic. But on the whole a good place to eat when travelling from Chennai to Coimbatore.,Sree Annapoorna
Tiruppur Sree Annapoorna Veg Restaurant - Perundurai Highway,High class vegterian meal restaurant . Customer friendly service . Food is fresh and hot . Banana leaf meals. Ghee podi meals. …,Sree Annapoorna
Tiruppur Sree Annapoorna Veg Restaurant - Perundurai Highway,"A great very worst service, you have to wait more than 20 min for your order. Sambar, chutney won't be provided until unless you demand or self you have to get. Table server's  cat walk and only have spend time to chat with their co staff. Really had a bad experience. Worst Restaurant on the highway. 👎 …",Sree Annapoorna
Hotel Sree Annapoorna,"Only veg food.
The food was tasty.
The menu for dinner: Chapathi , Parota , Dosa ( Gobi dosa, Paneer ) chilli …",Sree Annapoorna
Hotel Sree Annapoorna,"We went for dinner around 10pm, had podi dosai, Chilli parota and mushroom fry. Podi dosai was ok but chilli parota is spicy, not served hot, it's dry and cold. Mushroom fry is too salty. I and my friend got stomach upset and gas trouble …",Sree Annapoorna
Hotel Sree Annapoorna,"Price is affordable and pocket friendly
And food here is good and served with hygiene
Rating is only for food and for service it would be around 2/5 …",Sree Annapoorna
Hotel Sree Annapoorna,Recently I ordered veg Manchurian through Swiggy. But I received gobi manchurian. Worst taste,Sree Annapoorna
Hotel Sree Annapoorna,"Service is really worst. When we went there around 11:30 am in the morning, not even a single waiter was there. After 5 mins waiting , we saw one waiter was ping some thing else. When I asked who is going to serve us, he told he will do. He is very lethagic. Food is also not that good.",Sree Annapoorna
Hotel Sree Annapoorna,"“I recently visited this restaurant and had a very disappointing experience. The food quality was extremely poor and the quantity was not worth the price. Charging high rates is acceptable if the quality matches, but unfortunately the food was very bad. I would not recommend visiting this restaurant.” 😔🍽️ …",Sree Annapoorna
Hotel Sree Annapoorna,Authentic south Indian food. Quick service.  Variety in Noodles. Clean and neatly maintained.,Sree Annapoorna
Hotel Sree Annapoorna,Need more hygienic environment... Coffee cups should be cleaned much better. Taste is moderate. Informed person incharge. He said he will look into.🤞🏼 …,Sree Annapoorna
Hotel Sree Annapoorna,One of the worst food tasted. Podi Dosa means it should contain podi in it. A plain Dosa cannot be called as a podi Dosa. There should be a acceptance attitude. A complaint is not taken on a positive note to improve. …,Sree Annapoorna
Hotel Sree Annapoorna,"Had morning breakfast today. Ordered a mini tiffin for Rs.99/-. They serve a sweet , one Idly, a small quantity of pongal, a mini dosa, a mini vada and a coffee. This is a worth for money combo if served good. But totally disappointed with …",Sree Annapoorna
Hotel Sree Annapoorna,"If You don't want to take up orders from swiggy then don't enroll in swiggy.

You don't have proper team to do the Parcel service? For Dosa you don't even …",Sree Annapoorna
Hotel Sree Annapoorna,When ever we order on Swiggy or zomato or while getting the parcel directly they keep on missing items. The person who packs parcel just keeps on chatting with his colleague and not don't have idea of what he is packing,Sree Annapoorna
Hotel Sree Annapoorna,Here the food tastes good without affecting our stomach.  Good varieties of veg options are available. …,Sree Annapoorna
Hotel Sree Annapoorna,Good taste… vegetarians should have give a try once….. so many dinners items…,Sree Annapoorna
Hotel Sree Annapoorna,"Bought Kadai Mushroom & Gobi Manchurian gravy as Take away today (on April 2nd ) and when opened after reaching my place, found out both gravies were same..... Totally disappointed for the money given and value received. Moments like these …",Sree Annapoorna
Hotel Sree Annapoorna,"I ate Chilli parotta  on Saturday 8 th February @ 3:20 pm very very worst , hard to eat,  no taste, sure that parotta was not....,  when i am going to eat eagerly it was very disappointed me. ₹150  Rate is high, but for that chilli parota not worth.",Sree Annapoorna
Hotel Sree Annapoorna,"This is a new hotel which needs some improvement in service and also in taste, tiffin items (dinner & breakfast) taste good, but their lunch was not good. Their service it seems everyone was new to the hotel industry, they were taking so …",Sree Annapoorna
Hotel Sree Annapoorna,"I'm extremely dissatisfied with the service I received from the billing staff today. They lacked basic manners when interacting with customers. Due to their attitude, I'm considering not returning to this hotel, despite being a frequent customer.",Sree Annapoorna
Hotel Sree Annapoorna,The person at the bill counter had a bit of an attitude problem. They could have handled it more professionally...Here after we won't come.,Sree Annapoorna
Hotel Sree Annapoorna,"Food tastes good, need the improvement from servers behaviours, atmosphere is average. Good place for veg lovers",Sree Annapoorna
Hotel Sree Annapoorna,"I can't give even a single start, Very worst experience. Even at the start of night time , they given cold chutney for dosa's (Batter too much fermented given worst smell while serving) and Too oily side dishes shows that it's already fried …",Sree Annapoorna
Hotel Sree Annapoorna,"Worst experience i ever had, they are always running out of food items, staff is so rude, the waiters don't listen to you, lot of mosquitos,
They take too much of time to take your order & when they came to take orders …",Sree Annapoorna
Hotel Sree Annapoorna,Taste is better when compared to other nearby leading veg hotels. Quantity wise is also good and sufficient. Overall a good restaurant with reasonable and affordable price,Sree Annapoorna
Hotel Sree Annapoorna,"worst hotel and behaviour,

they are giving, rotten chutney for us. and, when complaining, they are not even …",Sree Annapoorna
Hotel Sree Annapoorna,"Good food, reasonable price and nice ambience. Vada and Parota are tasty. Pudina chutney is nice! …",Sree Annapoorna
Hotel Sree Annapoorna,"Place good , ambience super but food cost was very high and average taste
Must eat food: mushroom fried rice with Schezwan sauce...",Sree Annapoorna
Hotel Sree Annapoorna,"Good vegetarian restaurant with pleasant decor. Service was good, but they made us wait long to receive the ordered food.",Sree Annapoorna
Hotel Sree Annapoorna,Excellent taste. especially grinded sambar.like a home made. Not too much costly. New varities of dishes in menu. But it's taking long time in parcel counter.,Sree Annapoorna
Hotel Sree Annapoorna,"i have ordered noodles and mushroom lollipop on 20.02.2025 but we had stomach upset and admitted in hospital for 4 days, very worst experience",Sree Annapoorna
Hotel Sree Annapoorna,Ordered mini meals...it cost ₹90/-. The sambar rice was not good and not pappadam provided. The side dish provided tasted like potato for poori. …,Sree Annapoorna
Hotel Sree Annapoorna,Food taste is not good and the staff professionalism needs improvement.,Sree Annapoorna
Hotel Sree Annapoorna,Good taste and excellent service ....best tiffen  combo offer(99)..... specially poori was very soft and very tasty ......worth for money...❤️,Sree Annapoorna
Hotel Sree Annapoorna,Only hotel with best north Indian food in madurai. Plenty of options of north Indian food is available. Best taste and best service. Very neat & clean washroom and hygienic kitchen.,Sree Annapoorna
Hotel Sree Annapoorna,"Worst ambience and not hygienic at all
Could see flies and mosquitos everywhere and they are not cleaning it properly. Not advisable for family dining. …",Sree Annapoorna
Hotel Sree Annapoorna,On 08th Mar 24 went to this hotel for noon lunch after providing the plates and vegetable cups supervisor informed us to wait for 5 min the rice got prepared after 10 min we got the rice but it was in half boiled informed to supervisor he asked for sorry. Me and my friend don't expect this from Annapoorna.,Sree Annapoorna
Hotel Sree Annapoorna,"Meals was cold at the time of 2pm . Moreover veggies side dishes are spinach, pumpkin, all are spice less and salt less. Between sitting Cushion and dining table height is more and not comfortable.",Sree Annapoorna
Hotel Sree Annapoorna,"The dinner was very bad and despite complaining several times, no one cared. They were only interested in getting the bill.",Sree Annapoorna
Hotel Sree Annapoorna,"Choola Puri was very poor, quality was very poor , very hard to eat and I got stomach pain and nausea for 2days",Sree Annapoorna
Hotel Sree Annapoorna,"Very good Vegetarian hotel, urad vadai was super and also the idly sambar . good place to have food or take away if your are boarding your bangalore bus from kalavasal",Sree Annapoorna
Hotel Sree Annapoorna,Tiffin items are tasty.services were also good.separate halls are provided for tiffin and tea/coffee with snacks.time saving facility indeed.good.,Sree Annapoorna
Hotel Sree Annapoorna,Service and food very nice,Sree Annapoorna
Hotel Sree Annapoorna,Ordered Sweet paniyaram and it was like. The paniyaram was prepared on the previous day and was heated to serve us.,Sree Annapoorna
Hotel Sree Annapoorna,The food is tasty but they are greedy of giving accompaniments... They charge you a premium rate... Instead go to sabareesh,Sree Annapoorna
Hotel Sree Annapoorna,Value for money at Madurai for vegetarian food,Sree Annapoorna
Hotel Sree Annapoorna,Nice staffs and nice food,Sree Annapoorna
Hotel Sree Annapoorna,"Veg restaurant
Near bypass road",Sree Annapoorna
Hotel Sree Annapoorna,Quite costly but taste is good,Sree Annapoorna
Hotel Sree Annapoorna,"Very poor taste and high rate , worst service. Workers are very rude.",Sree Annapoorna
Hotel Sree Annapoorna,Asked for Ghee podi uttappam and got idli in parcel,Sree Annapoorna
Hotel Sree Annapoorna,Nice food and service,Sree Annapoorna
SAS Pongalur | Sri Annapoornis Sweets | Karur,Ms. Soumya(sales woman) treated our family good. Good customer service  i given 5 star,Sree Annapoorna
SAS Pongalur | Sri Annapoornis Sweets | Karur,"In the snacks area, no sales person responded. More than five staff members were just talking, and we waited for 15 minutes. They didn’t even care that we were waiting. Only after I made a sound, someone came and asked.",Sree Annapoorna
SAS Pongalur | Sri Annapoornis Sweets | Karur,"I would like to place on record my sincere appreciation for Mr. Shiv, Pongalur SAS sweets whose professionalism and courtesy went far beyond expectations. He took personal initiative well beyond his official role to arranged and deliver a …",Sree Annapoorna
SAS Pongalur | Sri Annapoornis Sweets | Karur,Good service all staff good…. Humble respect… good ambiance love it,Sree Annapoorna
SAS Pongalur | Sri Annapoornis Sweets | Karur,Go to place for snacking! Best in quality and taste. Great ambiance top 👍🏻 …,Sree Annapoorna
SAS Pongalur | Sri Annapoornis Sweets | Karur,I have bought 4 dishes here and the staff are friendly and asked for most of the items to give for tasting and the prices are on point and most of the items looks fresh will suggest people to visit this Store and I have purchased in their store in coimbatore also,Sree Annapoorna
SAS Pongalur | Sri Annapoornis Sweets | Karur,"I'm been the regular customer of this shop for almost 5 years. But recently I'm noticing the taste and quality of the items in the shop is degrading.
It's bit over priced(plus GST). Earlier it was not much of a concern because of …",Sree Annapoorna
SAS Pongalur | Sri Annapoornis Sweets | Karur,"Yesterday we visited SAS Pongalur Sweets. The pani poori was average, and the coffee was just okay. The gold-painted glass doors gave the place a nice look, and the atmosphere was beautiful. However, the North Indian waiters had difficulty …",Sree Annapoorna
SAS Pongalur | Sri Annapoornis Sweets | Karur,"Past Friday night 9 Pm we came to shop. i order Badusha,andra kaja 150 pcs and banaras soan papdi total 150 and savouries packs extra.he said to  staff's Ask anyone to take orders @CASHIER made a lot of noise rude behavior and shouting in front of me. .  then why did @CASHIER shouting and he's worst behaviour",Sree Annapoorna
SAS Pongalur | Sri Annapoornis Sweets | Karur,"Recently Renovated and serving with few good chat items. Taste was good.

Basically It is sweet and Bakery shop.. Cofee, Tea, fresh juice, buttermilk, etc..was available in good taste. Place was neat and clean.. well maintained.",Sree Annapoorna
SAS Pongalur | Sri Annapoornis Sweets | Karur,Innovative ideas are exhibited in packing the sweets and spice powders.Fresh and delicious sweets and savouries are available at SAS.The tea I had didn't meet my expectation. Cleanliness is maintained.,Sree Annapoorna
SAS Pongalur | Sri Annapoornis Sweets | Karur,"Taste was very bad and peanut has foul smell and bad taste, seems like it was 2 days stale. Mango milk shake has also bad taste and mango was not natural it was completely chemical flavour very bad for health.",Sree Annapoorna
SAS Pongalur | Sri Annapoornis Sweets | Karur,"Good choice fr Sweets, Savouries & Quick bites ..
Service of eatery shld be improved....
Cleanliness is at the bay... …",Sree Annapoorna
SAS Pongalur | Sri Annapoornis Sweets | Karur,"this is the worst service place ever,literally there are 15+ workers and when i was sitting no one came to take order for 15 mins then i went and  ordered and no response for more than 20mins i just left!",Sree Annapoorna
SAS Pongalur | Sri Annapoornis Sweets | Karur,Staff are literally taking the sweets and eating infront of customers itself. And then packing with same hands. Horrible service. Cannot pack a box of sweets properly. Staff are just sitting around in tables meant for customers. Standard has decreased greatly.,Sree Annapoorna
SAS Pongalur | Sri Annapoornis Sweets | Karur,"All sweets and snacks are very tasty......
North indian snacks are also good …",Sree Annapoorna
SAS Pongalur | Sri Annapoornis Sweets | Karur,"All products are Good and fantastic to eat. Thanks to SAS to have branch at Karur which helps us whenever we want Good Snacks, 👍 …",Sree Annapoorna
SAS Pongalur | Sri Annapoornis Sweets | Karur,The person (who is wearing specs) at the billing counter was very irresponsible and lethargic. I am waiting for a long time but he delays to get the bill.,Sree Annapoorna
SAS Pongalur | Sri Annapoornis Sweets | Karur,"This store excels in traditional sweets like dal poli and ragi laddu. However, their kambu laddu has taken a hit after a change in preparation method, and it's become one of the worst I've tried. …",Sree Annapoorna
SAS Pongalur | Sri Annapoornis Sweets | Karur,Great taste and excellent service by Ajay bro. Really enjoyed the experience !!,Sree Annapoorna
SAS Pongalur | Sri Annapoornis Sweets | Karur,"By 7pm, all chat items will be over. Their customer service is not good. Worst service.",Sree Annapoorna
SAS Pongalur | Sri Annapoornis Sweets | Karur,Ambients looks amazing they have keep the Bakery very clean and hygienic perfect shop in Karur 👌 …,Sree Annapoorna
SAS Pongalur | Sri Annapoornis Sweets | Karur,Today morning visit SAS shop.staff are very friendly and good response to customer 🥰 …,Sree Annapoorna
SAS Pongalur | Sri Annapoornis Sweets | Karur,"Quality of sweets are awesome .
Service by staffs are so kind especially Ilayaraja 👍 …",Sree Annapoorna
SAS Pongalur | Sri Annapoornis Sweets | Karur,I drunk tea today but tea smell is very bad then pani puri rasam  taste is very very worst,Sree Annapoorna
SAS Pongalur | Sri Annapoornis Sweets | Karur,IN KARUR BRANCH STAFFS WORKING ARE VERY IRRESPONSIVE AND BEHAVE TO WORST TO THE CUSTOMERS THIS MY SECOND TIME FACING ISSUE,Sree Annapoorna
SAS Pongalur | Sri Annapoornis Sweets | Karur,"It was very worst experience in service, for a single coffee waited for 25 minutes and there is no service feasibility to the customer.",Sree Annapoorna
SAS Pongalur | Sri Annapoornis Sweets | Karur,Mr. Ajay's  services was very pleasant and good 👍 😀 …,Sree Annapoorna
SAS Pongalur | Sri Annapoornis Sweets | Karur,Good service and best quality sweets,Sree Annapoorna
SAS Pongalur | Sri Annapoornis Sweets | Karur,Service is too fast and good but it's so costly,Sree Annapoorna
SAS Pongalur | Sri Annapoornis Sweets | Karur,"Ajai service was too good.
And taste and quality was good...",Sree Annapoorna
SAS Pongalur | Sri Annapoornis Sweets | Karur,Nice service. Staff deepa service superp,Sree Annapoorna
SAS Pongalur | Sri Annapoornis Sweets | Karur,"Good Quality, But poor service karur branch....

""We've experienced poor service at the Karur branch, despite the good quality of …",Sree Annapoorna
SAS Pongalur | Sri Annapoornis Sweets | Karur,Excellent service by ms deepa.. thank yu,Sree Annapoorna
SAS Pongalur | Sri Annapoornis Sweets | Karur,Excellent service good taste,Sree Annapoorna
SAS Pongalur | Sri Annapoornis Sweets | Karur,Very good service..Regular customer from initial days... Clean ambiance... Freshness of the sweets...super...,Sree Annapoorna
SAS Pongalur | Sri Annapoornis Sweets | Karur,All sweet and snacks very higinic super tasty,Sree Annapoorna
SAS Pongalur | Sri Annapoornis Sweets | Karur,Miss. Deepa's service so soon good..,Sree Annapoorna
SAS Pongalur | Sri Annapoornis Sweets | Karur,Good quality keep it up,Sree Annapoorna
SAS Pongalur | Sri Annapoornis Sweets | Karur,Dhall & Coconut poli are their special items.,Sree Annapoorna
SAS Pongalur | Sri Annapoornis Sweets | Karur,"Madam,
Priyadarshini attended and she is courteous
Delighted by the service of the shop",Sree Annapoorna
SAS Pongalur | Sri Annapoornis Sweets | Karur,"Worst Sweet corn I ever eat. I wont able to eat even a spoon of sweet corn 🤢🤮.
But coffee is ok....... …",Sree Annapoorna
SAS Pongalur | Sri Annapoornis Sweets | Karur,Good service..rose pannee jamun my best choice and poli… and staff response to humbly and ambiance lovely,Sree Annapoorna
SAS Pongalur | Sri Annapoornis Sweets | Karur,Cleanliness and service was very poor. No tissue papers in the table. The staff at the billing counter was very lethargic. Overall below average,Sree Annapoorna
SAS Pongalur | Sri Annapoornis Sweets | Karur,Kamangool was so tangy and not worth to have,Sree Annapoorna
SAS Pongalur | Sri Annapoornis Sweets | Karur,"Good quality of food,and service 👌 …",Sree Annapoorna
SAS Pongalur | Sri Annapoornis Sweets | Karur,Kindly she did her work with smile her name deepa,Sree Annapoorna
SAS Pongalur | Sri Annapoornis Sweets | Karur,Neatness & Staff service is good.,Sree Annapoorna
SAS Pongalur | Sri Annapoornis Sweets | Karur,Very nice service and quality products 🙂 …,Sree Annapoorna
SAS Pongalur | Sri Annapoornis Sweets | Karur,Very good and neet and clean,Sree Annapoorna
Hotel Devi Annapoorna,We have ordered parotta and curd rice.Parotta was not good which is 70rupees and curd rice was average taste which is 70 rupees.They didn't give any side dish for the curd rice.ambiance was clean but no many person are there.,Sree Annapoorna
Hotel Devi Annapoorna,Food was okay for the price range. Only limited options available. Dinner options are also not so good.,Sree Annapoorna
Hotel Devi Annapoorna,"I had food at Hotel Devi Annapurna and overall, it was a good experience.

The quality of the food was good. …",Sree Annapoorna
Hotel Devi Annapoorna,Worst ever Lodge ever experience in my life...,Sree Annapoorna
Hotel Devi Annapoorna,"Very bad experience with this hotel, quite old, didn’t provide towel and other amenities",Sree Annapoorna
Hotel Devi Annapoorna,Very close to the bus stand and easily accessible and good vegetarian breakfast options. Good quantity and affordably priced.,Sree Annapoorna
Hotel Devi Annapoorna,The restaurant has run since a very long period. The place is hygienic and the food is tasty.,Sree Annapoorna
Hotel Devi Annapoorna,Large room's are very good and clean and reception manager👨‍💼 quick response …,Sree Annapoorna
Hotel Devi Annapoorna,Prices are reasonable and food taste and quality is good .,Sree Annapoorna
Hotel Devi Annapoorna,"Simply waste
🤢🤢🤮🤮
Totally loss of money …",Sree Annapoorna
Hotel Devi Annapoorna,Quality and quantity is good,Sree Annapoorna
Hotel Devi Annapoorna,"This hotel is under rated, food is vary poor quality
Food-0/10
Stay-0/10",Sree Annapoorna
Hotel Devi Annapoorna,"Very bad service and poor maintenance. The room was dirty, insects everywhere and the washroom condition was horrible. Staff response is also very slow. This is one of the worst lodges I have ever stayed in Namakkal Waste of money. Please avoid this Lodge and hotel old food given Hotel devi annapoorna international Namakal",Sree Annapoorna
SPOT ON 69181 Devi Annapoorna,Please don't stay in the hotel rooms very dirty unclean they are using hotel rooms for illegal activities very worst in Namkkal family not safe hotel food was old one spoiled food given by hotel .. I asked the management they  are not …,Sree Annapoorna
SPOT ON 69181 Devi Annapoorna,"Very nice hotel located serenly close to Namakkal City a three Star Comfort offering the best stay and good foos. A nice family outing threw me a surprise in this Hotel with ample Car Parking, nice room ambience, clean Linen and ultra clean …",Sree Annapoorna
SPOT ON 69181 Devi Annapoorna,Very worst experience. The hotel is Pure veg. Yesterday (1-10-2025) I went for had my dinner. In that time no customer at this hotel. I ordered one Rava Roast. After I hear one Swiggy order arround 5 dosa's at different varieties.. …,Sree Annapoorna
SPOT ON 69181 Devi Annapoorna,"I took Non ac room. With TV working it was good. Walls needs more mintainance.
Bathroom was neat. 800.00 per day. Looked little expensive,  However the response from the staff was really good. I suggest single working person & ac room for couples.",Sree Annapoorna
SPOT ON 69181 Devi Annapoorna,Had stayed for 3 nights during our stay in Namakkal and would say the experience was pretty bad. The staff at reception is not so professional and did check out on the first day without even asking. The toiletries provided for AC room was …,Sree Annapoorna
SPOT ON 69181 Devi Annapoorna,I recently had an extremely disappointing stay at Devi Annapoorna. Here are the main issues I encountered: …,Sree Annapoorna
SPOT ON 69181 Devi Annapoorna,I stayed there for a night  all was good and the staff responded well but the only thing I found it difficult was there was some sort of bad odour once you enter the room and we aired it out.I would appreciate it if the management looked at that.,Sree Annapoorna
SPOT ON 69181 Devi Annapoorna,"A decent South Indian meal (unlimited veg thali) for 80 rupees was quite good. Service was excellent. Hygiene in the dining area was okay, but the restrooms were bad. Ambience was old fashioned and good. …",Sree Annapoorna
SPOT ON 69181 Devi Annapoorna,"Worst service, bed full of bed bugs, after complaining they are saying bed bugs would have bitten you before entering the hotel premises. Worst and vulgar behaviour of staff",Sree Annapoorna
SPOT ON 69181 Devi Annapoorna,The rooms are pretty average at best and gives a kind of neglected feeling. Of course it would be unfair to expect this place to be similar to a hotel in Chennai but then it most definitely would not hurt to take steps to improve this place …,Sree Annapoorna
SPOT ON 69181 Devi Annapoorna,This review is for the restaurant and not for the lodge. The restaurant is slightly hidden from the main road. Only people who have visited this place before will know that this restaurant exists. I mostly judge about the hygiene and the …,Sree Annapoorna
SPOT ON 69181 Devi Annapoorna,"Worst service and experience in my life time ever had with this kind of hotel. Room, Toilets are not cleaned properly getting sting smell. Dont choose this hotel. The behaviour of the staff who is managing the hotel is very rude and dont …",Sree Annapoorna
SPOT ON 69181 Devi Annapoorna,"My stay was arranged by bride family.initially when pride family didn't picked the phone, they took amount from me and the room they provided is no ventilation, very poorly maintained.as i came with my kids and family, When i asked them to …",Sree Annapoorna
SPOT ON 69181 Devi Annapoorna,Very very wroste food hotel in namakkal. We have visited Dec 25 2021. We took dinner. Very wrost experience. Dosai maavu  no taste. No tomato or mint chatini. I never eat this much wrost dinner in my life. Even no rush but they cant manage …,Sree Annapoorna
SPOT ON 69181 Devi Annapoorna,"Located at a walk-able distance from Namakkal Bus Stand, this vegetarian restaurant is a better option than any other hotels in the surroundings. This hotel offers pure Tamil Nadu dishes in a good quality with a budget price. …",Sree Annapoorna
SPOT ON 69181 Devi Annapoorna,"It's a 3 star hotel, the location of the hotel is near to the Namakkal bus stop,you need to book the room in advance if you want to stay in this hotel. There is a restaurant attached to this hotel. The staff in the restaurant are kind and very friendly. It costed me around ₹500 per day, which comparatively is cheap in the local area",Sree Annapoorna
SPOT ON 69181 Devi Annapoorna,The rooms are not worth at all. No adequate blankets and they provide torn single size blanket for two persons. Only few rooms has western type restrooms. No water heaters. There will be intercom but you can't use it bcz phone wire pinchu …,Sree Annapoorna
SPOT ON 69181 Devi Annapoorna,Food very much spicy and very hot.Unpalatable.I skipped tiffin and meals after the first attempt. Lodging rooms are having good tiles and hv TV and hot water services for bathing centralised.Bath rooms are daily cleaned and sanitized.Room …,Sree Annapoorna
SPOT ON 69181 Devi Annapoorna,Situated near to Namakkal bus stand.  It is oldest one.  Can be maintained better and lacks basic amenities. 18 single rooms and others are double bed rooms. Hot water is good. Nominal rates compared to other hotels.,Sree Annapoorna
SPOT ON 69181 Devi Annapoorna,"It's my kind request don't ever book room in this hotel. People here are indecent and irritating.
Even for extending room for next day they are demanding advance of again and …",Sree Annapoorna
SPOT ON 69181 Devi Annapoorna,"Very very superb and quality items we can taste here. It is in the main area so that we can reach fast and finish our purchases quickly. Our team or family will also select the same. Such a good place for the weekend, so all should have the same experience.",Sree Annapoorna
SPOT ON 69181 Devi Annapoorna,"No price menu, if we got to know price prior i would have been avoided. Chilli parotta is up to its worst. They fried too much in oil and it came as samosa pakoda. I lost interest in chilli parotta after this. Dosa and idly batter was ok. …",Sree Annapoorna
SPOT ON 69181 Devi Annapoorna,Very poor service. No room service provision. Bed sheets have been provided on request only. Soaps not given after repeated request. For dinner and coffee room boy service not given. Even drinking water was not provided. Over all poor service.,Sree Annapoorna
SPOT ON 69181 Devi Annapoorna,Hotel near to bus stand but okay hotel.. Old  hotel. I think they are renovating now.. No lift till 3rd floor... They are installing it seems i saw few ppl working on the lift... Taking 3rd floor pls check the room before booking.. No …,Sree Annapoorna
SPOT ON 69181 Devi Annapoorna,"very worst service and fraud people(manager BALU and OWNER RAJEEVAN)paid advance of Rs.13000 for 15 rooms at may 15 for june 12th accomodation .even june 11th i went and asked about the room ,they said pakka  and atlast june 12th afternoon …",Sree Annapoorna
SPOT ON 69181 Devi Annapoorna,"This Hotel food is worse but the management is worst. I waited for 20mins for Food. No one is responding. And the server said their meals are closed.
Eventhough The owner charged for full. But we served with sambar only.
What a waste",Sree Annapoorna
SPOT ON 69181 Devi Annapoorna,Used to stop in this hotel for breakfast since my childhood while traveling from Dharmapuri to Trichy. Food used to be good. But Service is bad nowadays.,Sree Annapoorna
SPOT ON 69181 Devi Annapoorna,"Worst hotel which I was not ever seen before like this, too worst in service and communication & not responding properly cost also high not worth for that. Please please dont prefer this hotel. My review is 0.000000000000000000 this is …",Sree Annapoorna
SPOT ON 69181 Devi Annapoorna,"Worst place to stay, not even providing blanket for the rent they're charging per day in single room. We have to demand for the same to provide. Full of 🦟 inside room. No proper mosquito net for open space in wind shield. If no other option to stay, hotel may be considered. …",Sree Annapoorna
SPOT ON 69181 Devi Annapoorna,One of worst ever experience. I suggest pls avoid this hotel. No basic facility available here. No port to plug mobile charger. No towel no bedstead. But the Room rent is 1400 rs. …,Sree Annapoorna
SPOT ON 69181 Devi Annapoorna,Rooms are very bad and full of scammers Asking 800rs for one vodka(quarter) actual price is 290.they even justifying that unanimous price.,Sree Annapoorna
SPOT ON 69181 Devi Annapoorna,Worst lodge.no maintenance. Good old lift. No Drinking water in rooms. toilet is not maintained.collection is the only one policy .restaurant is not up to the mark.total system worst.,Sree Annapoorna
SPOT ON 69181 Devi Annapoorna,Really good hotel for family and business travellers. Restaurant ia also clean and neat and run by keralite. Stayed one day for kolli hills trip. Security man was very friendly. One or two hours while vacating delay also accepted.,Sree Annapoorna
SPOT ON 69181 Devi Annapoorna,worst customer service by hotel staff .Rooms are not cleaned properly. I stayed there 5 days because of situation. Don't go here worst customer service.,Sree Annapoorna
SPOT ON 69181 Devi Annapoorna,"The food was so so, the vada was stale. They were trying to charge more than the MRP and trying to cheat people claiming cooling charges which later on changed to claims of GST. Big frauds.",Sree Annapoorna
SPOT ON 69181 Devi Annapoorna,To improve a lot. Once upon a time it was a great address to so many functions and festivities. To earn again the name. Food is good. To improve the ambience.,Sree Annapoorna
SPOT ON 69181 Devi Annapoorna,This place is a bit old fashioned... Could use a really good interior revamp. Food is okay. Nothing amazing but okay for once in a while visit.,Sree Annapoorna
SPOT ON 69181 Devi Annapoorna,Service used to be good. Now not good. Food has become costlier but still delicious. Not costlier than most of other hotels,Sree Annapoorna
SPOT ON 69181 Devi Annapoorna,"Simple, neat and budget hotel. The food quality and service is good. No parking space. You have to park your vehicles on road side only. This is the only drawback.",Sree Annapoorna
SPOT ON 69181 Devi Annapoorna,"Stayed here for a week ... Worst accomodation ... Not worth for price... No water & TV, no clear response from office boy ... Better avoid this lodge for boarding... Waste waste waste ....... Only advantage is near by bus stop",Sree Annapoorna
SPOT ON 69181 Devi Annapoorna,Very very worst hotel I have ever seen in my life . Please don't prefer this hotel for night stay. The manager does not have common sense . They does not know how to treat the customers .,Sree Annapoorna
SPOT ON 69181 Devi Annapoorna,"Oneday We came afternoon time, Veg biryani was not satisfied to me, parotta had been hard to eat..",Sree Annapoorna
SPOT ON 69181 Devi Annapoorna,"Very old hotel
pros: very near to bus stand
cons: cleanliness, poor service, old dated rooms, tasteless food and careless service, tricky parking area",Sree Annapoorna
SPOT ON 69181 Devi Annapoorna,Nice rooms. A/c is moderate. Food is not upto the satisfaction. Can use this hotel for logding. Its better,Sree Annapoorna
SPOT ON 69181 Devi Annapoorna,Long back it was a nice place for stay and dining. But now I don't find such nice place as many other good hotel for stay and dining.,Sree Annapoorna
SPOT ON 69181 Devi Annapoorna,"It is a good place in Namakkal, but the hotel has to improve on service part.",Sree Annapoorna
SPOT ON 69181 Devi Annapoorna,Centrally located hotel with spacious rooms. Unfortunately there is no lift. Vegetarian restaurant and bar are there in the ground floo,Sree Annapoorna
SPOT ON 69181 Devi Annapoorna,Hotel is average but price is quite higher. Cleanliness is ok. Restaurant available. A/C rooms are hardly available.,Sree Annapoorna
SPOT ON 69181 Devi Annapoorna,"One of the good hotels in Namakkal. Don't have more varieties, but medium budget hotel for middle class family.",Sree Annapoorna
SPOT ON 69181 Devi Annapoorna,"Worst hotel, they don't provide even blanket n towel, no hygiene maintained. But price is too much",Sree Annapoorna
Sree Annapoorna - Thudiyalur,As all always Annapoorna didn't disappoint... The food was top-notch and with atmost quality. The ambience was exceptional and was full house even on Sunday Morning🌄. This tell us something about it which was enough to share with you! …,Sree Annapoorna
Sree Annapoorna - Thudiyalur,"Sree Annapoorna – Thudiyalur, Coimbatore

It is truly heartening to see an iconic and trusted name like Sree Annapoorna …",Sree Annapoorna
Sree Annapoorna - Thudiyalur,"PLEASE DONT GO TO ANNAPOORNA
Totally worst place in Coimbatore,
Food pathetic …",Sree Annapoorna
Sree Annapoorna - Thudiyalur,"We asked for breakfast menu and in that we choose dosa. Waiter asked crispy or normal we answered normal and then she replied all our dosa are crispy.
We ordered and we had all varieties of dosa in super crispy mode and served cold …",Sree Annapoorna
Sree Annapoorna - Thudiyalur,The ambiance was good and good customer service  by Sangeetha . The food was delicious.,Sree Annapoorna
Sree Annapoorna - Thudiyalur,"Favourite restaurant for my wife. We had take away today.
We have ordered
Two meals- which was good and sufficient for 3 members …",Sree Annapoorna
Sree Annapoorna - Thudiyalur,"We ordered full meals, we get it the normal' timing, but after that the filling is over like kootu , poriyal, payasam,  we asked the  Captain she said ok with smiling face but  They not bringing the perfect time, we try too  contact so many …",Sree Annapoorna
Sree Annapoorna - Thudiyalur,"Overall Rating: 2/5
Very disappointing experience due to poor service.
We (6 adults and 3 children) visited with high expectations, but things went …",Sree Annapoorna
Sree Annapoorna - Thudiyalur,Annapoorna obviously a great choice all times. Rich both in all dimensions of a food including the cost. Of course worth for the money.,Sree Annapoorna
Sree Annapoorna - Thudiyalur,First visit to india from the uk.  Made a stop here on our road trip. Food wad great and only 280 rupies for a plate full...,Sree Annapoorna
Sree Annapoorna - Thudiyalur,"Hall facility:
Hall behind hotel is nearly 300 people capacity. Hall looking good with full AC. But dining is worst, 45 seats capacity only available. For such small gathering …",Sree Annapoorna
Sree Annapoorna - Thudiyalur,service minus pathetic...for an order of two rajbhoga thali and one South Indian meals they made us feel horrible when asked for second serving of small bowl of biriyani from the lady who took order and the servers were so reluctant ...one …,Sree Annapoorna
Sree Annapoorna - Thudiyalur,"An notable upscale restaurant in Coimbatore having many branches and serving lovely food. While the ambiance and service is top notch, the rates are a bit on the higher side and doesn't justify for the quantity they serve. There is a …",Sree Annapoorna
Sree Annapoorna - Thudiyalur,During every visit I go to Annapoorna. Even when I stay at 5* hotels I go there for breakfast and dinner and I’m a fan. …,Sree Annapoorna
Sree Annapoorna - Thudiyalur,"The food tastes delicious and yummy , good ambiance and well maintained parking area and rest room . Both ac and non ac dinning available. Pure veg lot of options available.we family went for lunch,service is good.tried meals,mini meals,fried rice,briyani all taste good. Only concern is the food delay ,taken more time.",Sree Annapoorna
Sree Annapoorna - Thudiyalur,"This was our first visit, and we’re glad to say it turned out to be a wonderful experience—especially because of the service. The staff were exceptionally attentive, checking on us regularly and serving with genuine warmth. They were quick …",Sree Annapoorna
Sree Annapoorna - Thudiyalur,"Amazing vegetarian restaurant in Thudiyalur! They serve quality food at reasonable prices, and even their sweets are of excellent quality and decently priced. The restaurant is quite spacious, yet it’s always bustling with customers—be prepared to wait a bit to get in. Totally worth it for the great food and experience!",Sree Annapoorna
Sree Annapoorna - Thudiyalur,This is our go to place while travelling in that route. Ample parking space. Mostly full. There is a hall for waiting and the wait is worth the food we are going to eat. Toilets are always maintained clean.,Sree Annapoorna
Sree Annapoorna - Thudiyalur,"I recently visited Annapoorna Restaurant and had a very pleasant dining experience. The food was well-prepared and tasted excellent. I would like to extend a special thanks to Ms. Sangeetha for her exceptional service. She was attentive, …",Sree Annapoorna
Sree Annapoorna - Thudiyalur,Had a scrumptious breakfast with Idiyappam scoring the best. This hotel stands out for its hygiene and you can see how the washrooms are maintained.,Sree Annapoorna
Sree Annapoorna - Thudiyalur,Sangeeta was very organised and took the order of my group. She very professional and kind. Thank you for the wonderful service and food.,Sree Annapoorna
Sree Annapoorna - Thudiyalur,"Annapoorna never disappoints in Coimbatore. Same as other branches even here we can get the premium feel while dining here.
A complete dining experience, the lounge area was huge and the service provided …",Sree Annapoorna
Sree Annapoorna - Thudiyalur,"Visited with family yesterday for dinner at Sree Annapoorna - Thudiyalur, we ordered Adai avial, Rava dosa and Broccoli tikka.
Adai was served with coconut chutney. first time in my life having adai with …",Sree Annapoorna
Sree Annapoorna - Thudiyalur,"Europeans like the taste. It is not spicy and the sweets are yummy .
Gee Masala dosa was very tasty",Sree Annapoorna
Sree Annapoorna - Thudiyalur,"One place where taste is consistent has to be Annapoorna in Coimbatore, visit any of their restaurants you get the same yum taste and service, they treat you as their own. First time to this branch, good ample parking space and good aesthetics - no need to mention the quality - as always stands apart 👍 …",Sree Annapoorna
Sree Annapoorna - Thudiyalur,"The service is bad especially from the male staffs. The food is good but people not only visit for food, it’s the service that will make people come back. Very rude people, treating certain customers badly. The food was not served on a …",Sree Annapoorna
Sree Annapoorna - Thudiyalur,"I was really impressed with the service provided by the service attendant prabhavathi. They were polite, attentive, and always had a pleasant smile while serving. They made sure our food arrived on time and checked if everything was …",Sree Annapoorna
Sree Annapoorna - Thudiyalur,"The quality of Annapoorna is always top notch!!!

A very well planned restaurant, located in a prime location. This branch in …",Sree Annapoorna
Sree Annapoorna - Thudiyalur,"Worst behaviour of the staff ..the servers and the supervisors .. they think the hotel has become popular and they can behave in any way possible …
This is not the first time we as a family are experiencing ..someone or the …",Sree Annapoorna
Sree Annapoorna - Thudiyalur,"Had breakfast - usual fare of poori, ghee toast, coffee. The food was good. Service was so-so as food was served in bits and some of us had to wait while the others started. …",Sree Annapoorna
Sree Annapoorna - Thudiyalur,"Very Good place to eat lunch!!
Especially meals after Ramadhan fasting;
The side dish and rice are enriched with protein and energy,hence we love to eat hygiene meals always 👌🏻👍🏻✅😊 …",Sree Annapoorna
Sree Annapoorna - Thudiyalur,"Atmosphere is good
Service is bad
You have to request for banana leaf or else they will not keep the Banana leaf",Sree Annapoorna
Sree Annapoorna - Thudiyalur,"Tried lunch here on a weekday, resturant was full but not much of a waiting period. Good spread of meal with good taste, service was nice. Ample parking space, there is a separate snack counter as well.",Sree Annapoorna
Sree Annapoorna - Thudiyalur,"First time went to this hotel, and our family experience was so great. Wide space for car parking was very comfortable even during the peek hour. As like other branches, A/C section and non A/C section to accommodate more people the same …",Sree Annapoorna
Sree Annapoorna - Thudiyalur,"Takes so much time to provide the ordered food. Quality of food is not that good . I went to the hotel around 9.30 and ordered Appam, the worker didnt even inform me that Appam is not provided at that time ,another worker came and said …",Sree Annapoorna
Sree Annapoorna - Thudiyalur,"Nice ambience, professional service and most importantly tasty and high quality food.
This restaurant is my first choice whenever i am at Coimbatore.
Their lunch meals, Masala dosa and Poori masala are superb.",Sree Annapoorna
Sree Annapoorna - Thudiyalur,"Excellent food as usual to Annapoorna. Unlike other branches, here they give very less quantity of sides - often only less than half of side bowl for curries (except for sambhar) are filled. That is not enough for most dishes. …",Sree Annapoorna
Sree Annapoorna - Thudiyalur,"Only the Atmosphere and Ambience is good.

Went in by 9:00 AM on November 8th 2025. …",Sree Annapoorna
Sree Annapoorna - Thudiyalur,"Very good clean hygiene restaurant in Thudiyalur . Ambience is nice. Food is good and tasty. We had south Indian meals,Dosa,gulab jamun, mango milkshake. Highly recommended.",Sree Annapoorna
Sree Annapoorna - Thudiyalur,"The restaurant is spacious, and there is plenty of parking space. We tried the masala dosa and poori. The dosa was good, but the poori did not meet our expectations as it was too oily. However, the sambar idly was good. The service is good, …",Sree Annapoorna
Sree Annapoorna - Thudiyalur,Good food and good taste on all the dishes we ordered,Sree Annapoorna
Sree Annapoorna - Thudiyalur,#NAME?,Sree Annapoorna
Sree Annapoorna - Thudiyalur,Overall the taste and the service of this great Iconic Restaurant of Coimbatore is on the downside of the hill. There was time we used to go to this restaurant for its pure taste and authentic Kongu taste buds rendering foods but sadly to …,Sree Annapoorna
Sree Annapoorna - Thudiyalur,"Annapoorna continues to stand out with its consistent quality and it became my weekend routine to visit .I Always used to try their dosa, idli, and filter coffee—all were excellent. The dosa was crispy, the idlis soft, and the chutneys were …",Sree Annapoorna
Sree Annapoorna - Thudiyalur,Worst service from the attenders…. Ignoring customer request & not maintaining a positive environment is a failure to Annapoorna’s business…,Sree Annapoorna
Sree Annapoorna - Thudiyalur,The service here for both parcel in person eating is getting bad day by day. It used to be good but it's declining. Two recent incidents …,Sree Annapoorna
Sree Annapoorna - Thudiyalur,"It shows a good atmosphere, the staff responded politely and the food was delivered quickly😋.
Only special meals food and Tiffen are served in the air conditioner room. …",Sree Annapoorna
Sree Annapoorna - Thudiyalur,"My to go restaurant for breakfast and dinner, but now never going again, since this thudiyalur branch has got customers pouring in large amount they have become over confident. …",Sree Annapoorna
Sree Annapoorna - Thudiyalur,"I visited Annapoorna today around 2:30 PM with my 3-year-old daughter, and the experience was very disappointing. I asked for a single table, and even though several single tables were empty, we had to wait almost 30 minutes. After we …",Sree Annapoorna
Sree Annapoorna - Thudiyalur,Service and ambience was good. But the food we ate was not upto the mark. Moderate taste. People with digestive issues found it difficult. We also bought two Murukku items. One was good and the other was too oily. Packaging was good.,Sree Annapoorna
HOTEL SRI ANNAPOORNA,"Hotel Annapoorna a vegetarian restaurant offering variety of vegetarian food for morning tiffin, lunch and dinner.
We had the opportunity of taking lunch after our visit to Yercaud. …",Sree Annapoorna
HOTEL SRI ANNAPOORNA,Nothing special just an ordinary veg hotel with a decent atmosphere. The food quality was quite average and there wasn't much variety. Everything on menu was very expensive and didn't offer much value for the money. The only positives were …,Sree Annapoorna
HOTEL SRI ANNAPOORNA,"Wish I had some 100 stars to give them!
We ordered meals for lunch and were extremely surprised with the quality of each n every dish! Can vouch that they ain’t add any of those food colors nor …",Sree Annapoorna
HOTEL SRI ANNAPOORNA,The workers were soo rude. The food was not tasty enough. The atmosphere was not good and many houseflies sat on our food. We waited for a long time to place our order. Totally very bad service and bad experience.😕 …,Sree Annapoorna
HOTEL SRI ANNAPOORNA,I'm from north part of India and i was seeking for some authentic south indian food and eventually i bumped into this restaurant.  Tried their Ghee roast Dosa and Idli . It was delicious.  They served 3 authentic chutney beside it and all tasted so yum. If you are looking for some authentic food indeed you must try this place.,Sree Annapoorna
HOTEL SRI ANNAPOORNA,A very good menu for long time and quality is good. A very long serving restaurant Nick named as Bell hotel since they provided a merry Bell for the customers to ring to show the happiness  after their meal.  It was a great place once and …,Sree Annapoorna
HOTEL SRI ANNAPOORNA,The lady in the counter is rude and always talking on phone the weight seeing machine was not working but she said it will work they scammed 4 rupees so I am never going to eat or go there please my friends you also don't go there instead go to a good restaurant,Sree Annapoorna
HOTEL SRI ANNAPOORNA,Ridiculously expensive and terrible food… I felt cheated. Don’t waste your money here..,Sree Annapoorna
HOTEL SRI ANNAPOORNA,Food was good. Waiters are not sufficient so the order being delivered is delayed.,Sree Annapoorna
HOTEL SRI ANNAPOORNA,"Coming from Coimbatore to Bangalore by Kongu Express on 09.11.2025, ordered among other items an onion oothappam to be delivered when the train reaches Salem, which was not delivered in the package. …",Sree Annapoorna
HOTEL SRI ANNAPOORNA,The food was delicious and my family was very happy with hotel.,Sree Annapoorna
HOTEL SRI ANNAPOORNA,"This place has a very good ambience and the workers are very hospitable, food is amazing",Sree Annapoorna
HOTEL SRI ANNAPOORNA,Owners in this hotel treat their worker's very rudely and service is good,Sree Annapoorna
HOTEL SRI ANNAPOORNA,The food was delicious and healthy thank you giving love,Sree Annapoorna
HOTEL SRI ANNAPOORNA,Food is normal quality.. price high ... But service very good kindly service 🙏🏼.... …,Sree Annapoorna
HOTEL SRI ANNAPOORNA,"If you're in Salem and looking for a place that serves authentic, high-quality vegetarian food, Hotel Sri Annapoorna is a must-visit. This well-known establishment has built a solid reputation over the years, and it continues to deliver a …",Sree Annapoorna
HOTEL SRI ANNAPOORNA,"Their is no service people, there like beggar, he asked directly like robbery",Sree Annapoorna
HOTEL SRI ANNAPOORNA,good place to have south Indian breakfast,Sree Annapoorna
HOTEL SRI ANNAPOORNA,Warm and friendly staff. Decent food and good prices.,Sree Annapoorna
HOTEL SRI ANNAPOORNA,"Very bad hygiene, taking long time to clean the table,  poor customer response,  won’t even try to help customers seatings. Very lethargic service.location@fairlands.",Sree Annapoorna
HOTEL SRI ANNAPOORNA,Tea was above average. Good place for a cuppa tea and spacious,Sree Annapoorna
HOTEL SRI ANNAPOORNA,Nice atmosphere.  The foods were just great.  Had a great time with my family,Sree Annapoorna
HOTEL SRI ANNAPOORNA,I order one plain roast but I get utapam and so much of oil and they 5 mins I just get vomiting.,Sree Annapoorna
HOTEL SRI ANNAPOORNA,"Very quick and tasty food.we had Rava onion and Paper roast as Dinner in the AC hall.Located at a convenient place.In addition sweets also available.Price also reasonably cheap  and real value for money.3 types of Chitnies served for Tiffin items.Simple food but high in taste, so Five marks.",Sree Annapoorna
HOTEL SRI ANNAPOORNA,Keeping a bell with rope to motivate appreciate is good practice,Sree Annapoorna
HOTEL SRI ANNAPOORNA,Food are delicious and ambians also good please tell to waiter that to remember the order of customer.,Sree Annapoorna
HOTEL SRI ANNAPOORNA,"I recently had the pleasure of dining at Hotel Annapoorna in Salem, and I must say, it was an exceptional experience from start to finish! The moment I walked in, I was greeted by the warm and humble owner, whose friendly demeanor set the …",Sree Annapoorna
HOTEL SRI ANNAPOORNA,Very very worst service. Staffs attitude also worst in core..... Parcel very delay.... Trating the customers also worst.....taste is also not that much good,Sree Annapoorna
HOTEL SRI ANNAPOORNA,"The reason for underrating is the attitude of the serving staff. This hotel has variety of items in dinner and everything is displayed at the entrance. One stop for all cuisines including juices, they say they have paleo diet,but did not …",Sree Annapoorna
HOTEL SRI ANNAPOORNA,"Pathetic service, they want orders online but can't deliver. My order was placed for Zomato train delivery. Order placed at 3.30Pm and was rejected after 5pm which is unexpected and not right way to handle the order. All response I got was out of stock items. If a hotel can't handle order around 2500 better you go offline on Zomato.",Sree Annapoorna
HOTEL SRI ANNAPOORNA,"I remember this place to be tidy. Now the maintenance is so bad, I almost walked away. Remembered their idly and dosa. And the mistake was to order vada. The server will say its hot. Don't be fooled. Idly was not bad and the dosa was good. And I have to mention the dirty wash basins. I am not going there again",Sree Annapoorna
HOTEL SRI ANNAPOORNA,Food tastes good most of the times but sometimes it's not fresh enough. Need to maintain consistency to be great. Nevertheless it's still good with room to improve in food taste and quality to be great.,Sree Annapoorna
HOTEL SRI ANNAPOORNA,"Good Veg Hotel , taste and quality is excellent

Little expensive as well …",Sree Annapoorna
HOTEL SRI ANNAPOORNA,"29.01.2024
Had vazhakai bajji which had small cockroach 🪳 in it. I had complained to the waiter to which he said it is a very small insect and not a cockroach. Extremely …",Sree Annapoorna
HOTEL SRI ANNAPOORNA,"We stayed in the hotel room for the night. Bed was clean, neat and tidy. Bathroom was also clean and maintained well. Hot water is available through the day, courtesy solar water heater. Parking space is ample however due to rains there …",Sree Annapoorna
HOTEL SRI ANNAPOORNA,"Hello, if you are planning to book a room here i would recommend not to, because the manager of this hotel doesn't know how to behave with the customers, he was very rude, used inappropriate language against us, not at all co-operative, no …",Sree Annapoorna
HOTEL SRI ANNAPOORNA,"Food was excellent. The only reason I reduced a star is for the attenders. They were constantly quarreling and bickering among themselves while the customers were eating. There is a sense of anger when they service. If they don't like their job, they should find something elsewhere.",Sree Annapoorna
HOTEL SRI ANNAPOORNA,Had mushroom roast which had a adequate stuff within it and is worth the cost. But the taste quality of chapathi can be improved. Expecting more vegetables in kuruma too. Overall Can try once in a while.,Sree Annapoorna
HOTEL SRI ANNAPOORNA,"The cashier was rude based on the order from the restaurant owner , those who swipe less than 300 by card gave to pay Rs 5 Extra , it isn’t a high amount , but it seems Extortion. Worst instruction by the restaurant owner . Just because …",Sree Annapoorna
HOTEL SRI ANNAPOORNA,Good place in Salem for food. We had breakfast here while returning from Yercaud to Bangalore. The breakfast was nice and the price was decent. Parking cars might be challenging if it's crowded.,Sree Annapoorna
HOTEL SRI ANNAPOORNA,"I felt food is just ok category. Meals was spicy that my kind could not eat properly.
Mushroom briyani was good, parota is again a ok category. Service is poor, …",Sree Annapoorna
HOTEL SRI ANNAPOORNA,A good facility but not maintained well. This hotel with lodging is on the main road. It's utterly unclean. The rooms and bathrooms are not clean. The attitude of the manager is unbearable. He speaks rude and not at all cordial. He behaves as if he is lending rooms for free. Average food at a costly price.,Sree Annapoorna
HOTEL SRI ANNAPOORNA,The prices are quite high but quality is good.. But beware of your parcel! I ordered 2 parottas as parcel.. They just parcel only one.. Since a parotta cost around 47 rupees.. So I was upset with the parcel! But it's good for dining,Sree Annapoorna
HOTEL SRI ANNAPOORNA,"Waiters are rude…
Waiting time is less though!
Food’s great… …",Sree Annapoorna
HOTEL SRI ANNAPOORNA,"Awesome food 🍲 loved it, very clean, good service, very good staff, love the vibe inside, had meals, it's wad too good ❤ felt like home made food ❤ overall highly recommend ❤ …",Sree Annapoorna
HOTEL SRI ANNAPOORNA,"Simple Veg Hotel with lot of Healthy Specific Dishes , i personally prefer Rava Idly and Dosa Rost",Sree Annapoorna
HOTEL SRI ANNAPOORNA,"Was visiting VIPs frequently now a days...
Very friendly staff's...polite service...and main thing is waiting time is too low..you'll get what you ordered in expected time...especially their coffee is …",Sree Annapoorna
HOTEL SRI ANNAPOORNA,"Located on the way from Hasthampatti bull statue to 5 roads, on Sarada College road. Very much conspicuous. Parking space available for 2 wheeler and 4 wheeler. Had tiffin, coffee and meals on different occasions. Taste if the food is good. Ambience is good and old styled. A dependable hotel for quality and tasty food. Courteous staff.",Sree Annapoorna
HOTEL SRI ANNAPOORNA,Good Place at a prominent location.,Sree Annapoorna
HOTEL SRI ANNAPOORNA,"Recently i bought panner fried rice for dinner, taste was good but quantity was less when compared to the price of 150 rs.. good option for occasionally looking for pure veg hotel and it's located opposite to FAIRLANDS police station.. you …",Sree Annapoorna
Annapoorna - Ganapathy,"I visited Annapoorna Ganapathy in Coimbatore and had a classic South Indian meal here. This place is famous for its dosa, and the long, crisp dosa really lived up to the reputation — hot, fresh, and perfect with sambar and chutneys. …",Sree Annapoorna
Annapoorna - Ganapathy,"I bought a cake and some sweets from this  branch today for my daughter, and it was absolutely horrendous. The cake was completely spoiled—unfit to eat, with a terrible taste. Is this the standard of your store? Why are you even selling …",Sree Annapoorna
Annapoorna - Ganapathy,Suji(person who took the order) in the Ac hall was us to order what she liked and not what we liked .she said only 3 veg curry was available and nothing else but other waited informed close to 10 items that was available..she just was …,Sree Annapoorna
Annapoorna - Ganapathy,Food was served without banana leaf and rava roast was served chill not all the chutney waa served. Extremely unhappy with hotel annapurna . Rava dosa was sticking to plates.when we said to order taker no response,Sree Annapoorna
Annapoorna - Ganapathy,"If you are at Coimbatore, breakfast at Annapurna is a good option! Good pongal and typical filter kaapi!",Sree Annapoorna
Annapoorna - Ganapathy,Good quality and service. But pastries food are too high. Parking is available.  Lots of items are offered. Best place to have south Indian food. Sweet and savouries are of different varieties.  But the cost is high.,Sree Annapoorna
Annapoorna - Ganapathy,"Had a wonderful experience at Annapoorna Hotel, Ganapathy branch! ⭐⭐⭐⭐⭐
The food quality, taste, and overall service were excellent. The place is clean, well-maintained, and has a very welcoming atmosphere. …",Sree Annapoorna
Annapoorna - Ganapathy,"Very disappointing experience. The food was below average and not worth the price at all. What made it worse was the staff’s attitude they behaved as if we were begging for food rather than paying customers. Service was rude, unwelcoming, and completely unprofessional. Definitely not a place I would recommend or visit again.",Sree Annapoorna
Annapoorna - Ganapathy,Now adays not well... Any food... Dosai not cooked well... Fully mavu inside of dhosa... Informed to that order taking person.. Not response anything... Worst... Dont go guys..,Sree Annapoorna
Annapoorna - Ganapathy,A must visit restaurant! The best and wholesome food that my family ate during our Ooty Mysore Coimbatore trip was here! The food is not just yummy but affordable too. …,Sree Annapoorna
Annapoorna - Ganapathy,"Famous vegetarian restaurant with tasty South Indian dishes 🍲☕. Idli, dosa, and coffee are must-try. Clean, well-managed, and perfect for a quick, satisfying meal. …",Sree Annapoorna
Annapoorna - Ganapathy,"Really horrible service. Have to wait half an hour just to eat idly. The servers are also rude, they either forget to remember your order or reply rudely. The dishes were served cold, I meant literally. None of the dish we ordered was even …",Sree Annapoorna
Annapoorna - Ganapathy,"I recently visited a restaurant that came highly recommended, and overall, it was a good experience, though there were a few bumps along the way. The food was genuinely very good—flavorful and well-prepared—which is always the highlight of …",Sree Annapoorna
Annapoorna - Ganapathy,"We went for breakfast on 15/1/26. We were served with sweet pongal as welcome  dish. Then we ordered idly, Puri, Dosai and coffee. Tiffin was really good. Coffee may not meet your expectation but  it's ok. Be early to get a table else you have to wait.",Sree Annapoorna
Annapoorna - Ganapathy,"Except nice ambience and location, this place lacks service and taste. The old Annapoorna charm is not maintained. Service was not attentive. Special meals was not upto the mark. Sambar itself is a big let down. Paneer butter masala was the …",Sree Annapoorna
Annapoorna - Ganapathy,"Pre cooked chapattis are okay for fast order , understandable.

But one of them was undercooked and one was overcooked …",Sree Annapoorna
Annapoorna - Ganapathy,The place was good as always! Finally found the sold out sambar vadai at noon time. My attender thirunavakarasu sir was extremely polite and accomodating!,Sree Annapoorna
Annapoorna - Ganapathy,We tried the Ghee dosa and poori and the taste was good. The filter coffee was also good. Service was fast. There is ample car parking space available,Sree Annapoorna
Annapoorna - Ganapathy,"Been eating at Annapoorna for years — the taste, food quality, and value for money have always been excellent and consistent. Truly appreciate the high standards they maintain. …",Sree Annapoorna
Annapoorna - Ganapathy,"Mr. Selvaraj, Manager, has been our go-to person for organizing events in a well-managed and timely manner. The overall food quality and service were excellent, and we received our delivery right on schedule. …",Sree Annapoorna
Annapoorna - Ganapathy,"""Sree Annapoorna"" - 'A Failed Legacy'

I recently had the misfortune of dining at one of their branches located @ …",Sree Annapoorna
Annapoorna - Ganapathy,"Had a great experience here! The food was really delicious and fresh. Special thanks to Malar for the excellent service. She was very friendly, attentive, and made sure we were comfortable throughout the meal. Really appreciate the hospitality. Will definitely come back again!",Sree Annapoorna
Annapoorna - Ganapathy,"Mrs .Malar captain :
A big appreciation to our Mrs.Malar, for her soft nature, friendly behaviour, and caring service. She always greets everyone with respect and a warm smile, …",Sree Annapoorna
Annapoorna - Ganapathy,The service and taste of food were good. We ordered poori and mini tiffen. It was great. Good service by malar and sankar,Sree Annapoorna
Annapoorna - Ganapathy,"This place serves Authentic south Indian Dishes along with some North Indian options.
The place is clean and hygienic also the waiters are all covered with hair caps …",Sree Annapoorna
Annapoorna - Ganapathy,"Yesterday I had food at Annapoorna, Ganapathy. The food was a bit salty, but the green pea roast was absolutely delicious. Buvana is such an amazing person — her warm smile and positive vibe make you feel so comfortable. She really has some …",Sree Annapoorna
Annapoorna - Ganapathy,"Try the curd Vada with extra crispy. You will really like it. If you visit after 11 AM, you might not get Sambar Vada. Also, tried the popular cream bun but not that great. Just hyped .",Sree Annapoorna
Annapoorna - Ganapathy,"We recently dined at Anapoorna, and it was a wonderful experience. The food had great taste, the ambience was pleasant, and the parking facilities were ample, making the visit very convenient. A special mention to our server, Malar, for her attentive and friendly service. Overall, a great place for a comfortable and satisfying meal!",Sree Annapoorna
Annapoorna - Ganapathy,"Ate meals today at Annapurna after long time at Ganapathy branch on 20th Feb 2026 12-13:00. Ordered meals- each time I need to call the waiter for rice (2times), ghee (2 times), appalam (1time). Called the manager who neglected and finally …",Sree Annapoorna
Annapoorna - Ganapathy,"Healthy food and hospitality is good with neat & clean place.
Staffs are very caring and quick response from them.
Taken lunch and breakfast which seems to be good, healthy and tasty. …",Sree Annapoorna
Annapoorna - Ganapathy,Day by day taste of food and service has gone from bad to worse to worst. Not at all worth the money you spend. Dosai remain sour chutney will be spoilt sambar will be salty. You place a simple sambar vada or idli order and they take easily …,Sree Annapoorna
Annapoorna - Ganapathy,"My experience at this hotel was exceptional. The staff were attentive and courteous, the check-in process was smooth, and every request was handled promptly. The room was spotless and well-maintained. Overall, outstanding hospitality!” Especially the staff Mrs. Malar attended the customers very good",Sree Annapoorna
Annapoorna - Ganapathy,"Very dismal qty in executive lunch. Got one two weeks back and it was fine but today briyani, sambar rice and curd rice not even half the qty is given. Sweet just 1-2spoons carrot halwa!!",Sree Annapoorna
Annapoorna - Ganapathy,"Been used to Chennai for very long, visited sree Annapoorna at their Ganapthy branch, Coimbatore. Dishes ordered were pingal, rava kichdi, onion uthappam, miny sambar idly and their popular poori masala. All the dishes were absolute …",Sree Annapoorna
Annapoorna - Ganapathy,I tried an Mini idly sambar and curd vada it was so yum and fresh,Sree Annapoorna
Annapoorna - Ganapathy,A high class vegetarian restaurant serving lip smacking food of all varieties ranging from south Indian snacks to North Indian.  Food is hygenically prepared.  The huge crowd thronging the place shows its popularity.  We had some good food …,Sree Annapoorna
Annapoorna - Ganapathy,"Actually I’m the regular customer over here, malar akka will take care each and everything willingly with smile, idk how to explain this but really having food with the smile of delivery hits different, I just wanted to thank you annapoorna …",Sree Annapoorna
Annapoorna - Ganapathy,"Went here for dinner and enjoyed good quality food. The ghee roast was top-notch, though the cauliflower fry was not great. Overall, it was a satisfying experience.",Sree Annapoorna
Annapoorna - Ganapathy,"I had an absolutely delightful dining experience here! ✨ The food was incredibly flavorful, and I was especially impressed with the excellent vegetarian options available. 🥦 The service was top-notch, and the atmosphere was so inviting. I'll definitely be back! 💖😋 …",Sree Annapoorna
Annapoorna - Ganapathy,"Quality vegetarian restaurant in Ganapathy area, near to Prozone mall

**** Added in November 2025 after few encountering deteriorating service …",Sree Annapoorna
Annapoorna - Ganapathy,"Food, atmosphere, parking space is all very good. But if you want to buy sweet or a snacks, they take lot time for packing and billing. For half kg sweet and half kg karam they took nearly a 15 minute to deliver. This happens not in single occasion. Repeatedly I experienced this.",Sree Annapoorna
Annapoorna - Ganapathy,"Really delicious food!
The dosas, appams, parottas and traditional food items are quite good.
Sizzling walnut brownie was quite different, ghee roast was amazing. Anything …",Sree Annapoorna
Annapoorna - Ganapathy,Good service and atmosphere is very good but the taste food 🥘 is not so good as like before. …,Sree Annapoorna
Annapoorna - Ganapathy,These people where pioneers in veg food for decades. Their taste was not the same as before. But still prefer for the nostalgia.,Sree Annapoorna
Annapoorna - Ganapathy,If you are in Coimbatore Sree Annapoorna restaurant in the place to visit that you cannot miss. My second trip to Annapoorna and I was not disappointed with the quality of the breakfast. The south indian Tamil style vegetarian food  is just awesome. Kudos to the team.,Sree Annapoorna
Annapoorna - Ganapathy,"The service was excellent, and the staff were very polite and friendly. The food was delicious with a wonderful vintage-style touch. The supervisor, Vinothini, was very professional and welcoming in her counters.",Sree Annapoorna
Annapoorna - Ganapathy,"I was really disappointed to see the poor hygiene at one of Coimbatore’s most trusted restaurants. I visited the Annapoorna outlet in Ganapathy to buy some pastries, and what I noticed was quite shocking. The plastic boxes used for packing …",Sree Annapoorna
Annapoorna - Ganapathy,Too costly and no taste. I ordered coffee which was completely bitter and price was 38rs. Uzhunnu vada they are selling for 30rs which I felt like not cooked well,Sree Annapoorna
Annapoorna - Ganapathy,"Friendly waiters, yummy food. Annapoorna doesn’t disappoint",Sree Annapoorna
Annapoorna - Ganapathy,The taste is average and it took them 30 minutes to serve the food. We asked not to add oil in the dosa but they added too much oil. Worst customer service. The dosa also too small but the price is 90 rupees plus taxes. Very disappointed. …,Sree Annapoorna
Hotel Sri Annapoorna,"Neat, clean and very decent restaurant in a posh locality. The prices are quite reasonable. It's coming up fast. The plain dosa and Ghee roast seem to be the favoured lot. Three types of chutnies and a cup of sambar(?). Not sure why sambar …",Sree Annapoorna
Hotel Sri Annapoorna,"Amazing experience! The food tasted just like homemade — fresh, authentic, and very satisfying. The service was excellent, with polite and attentive staff who made us feel welcome. Free car parking at the hotel was an added convenience. …",Sree Annapoorna
Hotel Sri Annapoorna,"Salem has limited pure veg options. For south indian food, annapurna is good. Won't recommend north indian here, the gravies don't taste food- too sweet in some and too much garam masala. But for South Indian food it's decent and …",Sree Annapoorna
Hotel Sri Annapoorna,"Hey all
I tried a variety of dishes here  dosa, rava dosa, paneer with white sauce, mushroom rice, and paniyaram and honestly, the food quality stood out. …",Sree Annapoorna
Hotel Sri Annapoorna,"New Annapoorna Restaurant – Ramakrishna Road, Salem

This place is spoiling the name of the original Annapoorna. The taste is below …",Sree Annapoorna
Hotel Sri Annapoorna,Once it was Salem's pride.. Today it is in a pathetic state. They waiter was bold enough to suggest me not to visit again when I pointed out my disappointment.. Sorry Annapoorna,Sree Annapoorna
Hotel Sri Annapoorna,"Food quality is so below average, oil used are not good quality. They server every food directly in plastic bowl plate or spoon. Cost of food is too expensive. Simply not worth for money. …",Sree Annapoorna
Hotel Sri Annapoorna,Very good quality foods and service is super,Sree Annapoorna
Hotel Sri Annapoorna,Good service and nice food,Sree Annapoorna
Hotel Sri Annapoorna,I m very happy for your service and I feel very good for ur quality pure veg food....,Sree Annapoorna
Hotel Sri Annapoorna,Food is ok .need to improve in atmosphere considering main area in ramakrishna road . one time visit,Sree Annapoorna
Hotel Sri Annapoorna,"Very friendly staff, but the food was average... Good, but not very good... ambience very good",Sree Annapoorna
Hotel Sri Annapoorna,"Delicious food, excellent service, and a beautiful ambience. A perfect place for a relaxed meal",Sree Annapoorna
Hotel Sri Annapoorna,We ordered set Dosa with vadacurry. They give only normal vada after crushing them. They don't know what is vadacurry.,Sree Annapoorna
Hotel Sri Annapoorna,"Excellent location,  good parking space,  clean and neat interior,  great food as usual,  entirely a wholesome experience",Sree Annapoorna
Hotel Sri Annapoorna,"Don’t try …
Over priced for less quantity. At this price u can have food at few star hotels in Salem..",Sree Annapoorna
Hotel Sri Annapoorna,"Very good service and delicious food.....,",Sree Annapoorna
Hotel Sri Annapoorna,"You can experience one of the worst service for group booking. We booked for 30 members and no person was allotted to guide, they gave us bills from other table. Absolutely ZERO coordination and planning. …",Sree Annapoorna
Hotel Sri Annapoorna,"Very happy and also good service, quality and pure veg.....",Sree Annapoorna
Hotel Sri Annapoorna,"I visited the hotel for dinner at 10:30 PM, but unfortunately had a very disappointing experience. While I was still eating, the staff informed me that everything was already over. I had ordered a ghee podi roast, and when I asked the …",Sree Annapoorna
Hotel Sri Annapoorna,Food is very nice...parking facility good.,Sree Annapoorna
Hotel Sri Annapoorna,This place is a waste of money. The food is not prepared well and everything is either half cooked or burnt. That too the quantity of the gravy items are very less. They don't even know what is Chinese cuisine. The staff service is poor. …,Sree Annapoorna
Hotel Sri Annapoorna,Super service and very delicious food,Sree Annapoorna
Hotel Sri Annapoorna,"Excellent food with best price

Amazing Idly vada dosa varieties",Sree Annapoorna
Hotel Sri Annapoorna,Recently we went to new Annapoorna located at Ramakrishna road we were waiting there for almost 20 minutes none of them bothered to take the order!Staffs are irresponsible!,Sree Annapoorna
Hotel Sri Annapoorna,"Went with family for breakfast,

All was good",Sree Annapoorna
Hotel Sri Annapoorna,The experience was very good.  Dragon dosa - a new item - must taste.,Sree Annapoorna
Hotel Sri Annapoorna,Supervisor Treating customer very disrespectfully. Totally Spoiled the family time.,Sree Annapoorna
Hotel Sri Annapoorna,Neat and clean atmosphere. Reasonable rates with tastier food.,Sree Annapoorna
Hotel Sri Annapoorna,Amazing food with quality service,Sree Annapoorna
Hotel Sri Annapoorna,The food is amazing everyone must try,Sree Annapoorna
Hotel Sri Annapoorna,"Assam  veg delight foods,super service",Sree Annapoorna
Hotel Sri Annapoorna,Service is vera level even if we visit at 10.30 pm.,Sree Annapoorna
Hotel Sri Annapoorna,Very worst service and food is also not much good,Sree Annapoorna
Hotel Sri Annapoorna,I feel very happy and enjoy ur food,Sree Annapoorna
Hotel Sri Annapoorna,All food is good and super delicious,Sree Annapoorna
Hotel Sri Annapoorna,Tiffin is delicious. Coffer is very good.,Sree Annapoorna
Hotel Sri Annapoorna,Whoever coming to review is to utter their disappointed with this hotel ..unjustifiable rates..no price mentioned in menu card..only one person to take order..total fail..i dont understand why they get into this business only..hope they realise..will never visit again 🙏 …,Sree Annapoorna
Hotel Sri Annapoorna,I am parcel lunch rs 170 very Very worst. Food quality is very worst.masal vadai is half boiled.,Sree Annapoorna
Hotel Sri Annapoorna,Group meeting in Sunday we enjoy,Sree Annapoorna
Hotel Sri Annapoorna,Always they cancel order in zomato,Sree Annapoorna
Hotel Sri Annapoorna,Nice food and atmosphere,Sree Annapoorna
Hotel Sri Annapoorna,Quality and taste is very bad,Sree Annapoorna
Hotel Sri Annapoorna,"I am happy and feel good,,, food suuuper",Sree Annapoorna
Hotel Sri Annapoorna,Ordered food served  slowly and COOLED .. Average taste...,Sree Annapoorna
Hotel Sri Annapoorna,It's was really good experience,Sree Annapoorna
Hotel Sri Annapoorna,Good taste and service...,Sree Annapoorna
Hotel Sri Annapoorna,Better than coimbatore annapurna,Sree Annapoorna
Hotel Sri Annapoorna,Excellent service and delicious food,Sree Annapoorna
Hotel Sri Annapoorna,Very super and delicious,Sree Annapoorna
Hotel Annapoorani,"Good vegetarian hostel,food taste and Quality is really good. Very quick service. Price wise ok must try Japan panner,Cheese ball. Car parking available. My children favourite brownie egg less really good taste",Sree Annapoorna
Hotel Annapoorani,"Sree Annapoorani Restaurant is a good choice if you are looking for simple, affordable, and pure vegetarian food. The taste is decent and the menu has enough variety for breakfast, lunch, snacks, and dinner. The prices are budget-friendly …",Sree Annapoorna
Hotel Annapoorani,"1. This hotel is totally pure VEG
2. The ambience and service are very neat and clean.
3. Ghee podi roast tastes good. …",Sree Annapoorna
Hotel Annapoorani,"Hotel Annapoorani, Palayapalayam is a good choice for vegetarian lunch. Food tastes fresh and homely, with decent variety. Service is quick and the place is clean. Overall, a reliable spot for a satisfying veg meal. 👍🌿 …",Sree Annapoorna
Hotel Annapoorani,"Had meals and chilli parotta for lunch.

The meals was good, especially the paruppu podi. …",Sree Annapoorna
Hotel Annapoorani,"A Decent place for Vegetarians. Not much bigger ambience. Food tasted average. Feels a bit costlier side in this locality. Located in Thindal to Erode road. No parking available, have to park in the Roadside.",Sree Annapoorna
Hotel Annapoorani,"On 06/10/25 I had dinner at this hotel with my family including my 7 year child, after having dinner here my daughter and wife had food poison. Nowadays the quality, hygiene and taste are very poor.",Sree Annapoorna
Hotel Annapoorani,"Had a bad experience
Ordered Hyderabadi biriyani and provided worst taste briyani. Had only uncooked vegetable only and rice is very very less. No salt in it and could feel only …",Sree Annapoorna
Hotel Annapoorani,"I recently visited the restaurant and had bad experience. We ordered chilli parota, mushroom pallipalayam, chapathi  and finger idly. Everything was below average. And there was one lady whose service and arrogant talk is unbearable when I …",Sree Annapoorna
Hotel Annapoorani,Good taste all food items very nice.,Sree Annapoorna
Hotel Annapoorani,"Neat atmosphere,
smooth approach,
Food taste also good. …",Sree Annapoorna
Hotel Annapoorani,"Amazing veg food.

Loved the Japan paneer - not very spicy. Dosa was also good …",Sree Annapoorna
Hotel Annapoorani,Pure veg hotel which offers full meals and Briyani varieties. Tasty sambar & Rasam tasted yummy .,Sree Annapoorna
Hotel Annapoorani,"Gone for 200 rupees Meals for a bulk quantity but after all done and came out we got to know some items were missing while discussing with each other what they have got .table to table mis management on delivery of foot happened .
But may be due to crowd they managed the delivery very well.",Sree Annapoorna
Hotel Annapoorani,Very bad experience today. Ordered cheese ball and Cheese ball is very bad . Dont ever try cheese ball in this hotel. 190 rupees total waste for this dish. Costly,Sree Annapoorna
Hotel Annapoorani,"Quick service. We sat for the Dinner
And our Food was ghee Dosa.And Kotthu Parota.",Sree Annapoorna
Hotel Annapoorani,"The Hyderabad biryani was very poor in quality, and raising the issue did not help, as the management did not seem to care.",Sree Annapoorna
Hotel Annapoorani,"Not really good, need to improve a lot in both taste and service",Sree Annapoorna
Hotel Annapoorani,Vegetarian south Indian restaurant with good service,Sree Annapoorna
Hotel Annapoorani,"The food was good and the service was nice, but while eating, the order taker asked the serving staff to switch off the fan, which made the dining experience uncomfortable.",Sree Annapoorna
Hotel Annapoorani,Food serving method and food is good.,Sree Annapoorna
Hotel Annapoorani,Food is Average but Hype is more for this restaurant.,Sree Annapoorna
Hotel Annapoorani,Good food and very nice service,Sree Annapoorna
Hotel Annapoorani,"Me and my mom just went for having 2 idlis parcel as my father is hospitalized post surgery as near by shops idly was finished.
But I purchased an extra icecream for nameshake.Bill amount was 71 (icecream is …",Sree Annapoorna
Hotel Annapoorani,Place looks good . I got disappointed becz they give importance for their hotel staying customers. I asked for idly and vada but they told not available. Time was not even 9am,Sree Annapoorna
Hotel Annapoorani,"At the timing of 8:30 they started to tell that onion raitha, parotta , chappathi is over but they kept on making tandoori parota. This shows their worst sales strategy of changing customers mindset on eating parota to tandoori parota. …",Sree Annapoorna
Hotel Annapoorani,Food is too costly compared to the quantity,Sree Annapoorna
Hotel Annapoorani,Good atmosphere but not very great tasty food.,Sree Annapoorna
Hotel Annapoorani,Good food . You will not ne disappointed if you visit with family,Sree Annapoorna
Hotel Annapoorani,"Veg cheese balls quantity is very less and only 7 nos was there, very very small in size and they are charging for Rs.160/-. It is not at all worth for the money paid. Kindly look in to it. Because of this cheese ball I have given three stars rating else would have given five stars rating.",Sree Annapoorna
Hotel Annapoorani,"Good ambiance in the restaurant.
Had dosa items which were soft and tasty!
I was impressed because they were open for breakfast even at 11.. which was in …",Sree Annapoorna
Hotel Annapoorani,"One of the best vegetarian restaurant in Erode. Annapoorani restaurant located in Erode to Perundurai road near Palayapalayam bus stop. Lots Vegetarian menu served here. Lots of dosa and roti varieties served here. Good quality and service. Desert also available here. We took veg meals, veg fried rice and Gopi manchurian. All are good.",Sree Annapoorna
Hotel Annapoorani,"Coffee is very nice I like ur coffee always
Mushroom pallipalayam is excellent taste",Sree Annapoorna
Hotel Annapoorani,One of the best restaurant in erode we have ever seen.. Excellent staff service,Sree Annapoorna
Hotel Annapoorani,First preference for veg hotel in erode district. Rush during night times and quality and quantity of food is good. service is good . A good hotel for family people. they have mixed vegetables dosa which is so good must try. As I like that 😉. …,Sree Annapoorna
Hotel Annapoorani,"Very nice hotel. Very nice atmosphere. Tastes are really good.

But there is service delay. …",Sree Annapoorna
Hotel Annapoorani,"It's a good option for pure VEG. Podi,Rava,ghee roast are best! Starters,Naan roti and Gravy are average(Won't regret but nice). Preferable for all!! Kids,elder's",Sree Annapoorna
Hotel Annapoorani,"Tried to have lunch after hours we asked any alternate place to have but no support from staff even though they have another one nearby
Had Dinner it is good",Sree Annapoorna
Hotel Annapoorani,This is my favorite restaurant I regularly visit with family. Tasted in most of the restaurants. But this is one of the best in providing foods very quickly. Any side dish it will take 2 to 3 mins to serve. …,Sree Annapoorna
Hotel Annapoorani,A nice vegetarian restaurant that i felt good to find along perundurai road. I had been there a few years back. Now the eatery seems to have picked up steam which could be sensed by the occupancy rate. …,Sree Annapoorna
Hotel Annapoorani,"We tried Meals it was good, They gave parupu podi for meals we loved that podi.",Sree Annapoorna
Hotel Annapoorani,"Very worst experience I have ever had.

After having soup and starters at this hotel, Ordered malai kofta along with few …",Sree Annapoorna
Hotel Annapoorani,Very worst hotel. Doesn’t know how to treat the elder guest and handle the crowd. Service is worst. Food over masala…Hyderabad briyani was worst….can’t keep in mouth…tiffin was okay! Waiters need to learn manners.,Sree Annapoorna
Hotel Annapoorani,Taste was ok ok. Quantity is not adequate compared to the cost of dishes and many items in the menu is not available at morning time. Please do try some other restaurants in case u r a foodie.,Sree Annapoorna
Hotel Annapoorani,Very good veg restaurant,Sree Annapoorna
Hotel Annapoorani,Good place to sit and relax with family. Need to maintain with the cleaniness. If A/C rooms is available it will be better. Food taste is good with reasonable price. Mostly North Indian food only available.,Sree Annapoorna
Hotel Annapoorani,Very good service especially Jothi ...she do her service very well...Food  fendastic taste... Higly recomented this sree Annapoorani  Erode,Sree Annapoorna
Hotel Annapoorani,"Food is good and the taste depends on the items
But main thing is we need to wait for 10 to 15 mins in rush hours",Sree Annapoorna
Hotel Annapoorani,One of the good veg restaurant at erode.. Taste of the food was really yummy... Atmosphere and service was really gud... Best veg restaurant with many varieties of south indian and chinese foods.. Must visit spot for veg lovers..,Sree Annapoorna
Hotel Annapoorani,"All food very tasty
Good response
Friendly staff
Good feel",Sree Annapoorna
Annapoorna Hotel,worst place to visit ordered coffee they gave Milk then i asked he told its coffee. After that they gave  shock to me  by selling Water bottles from used bottles I saw springs bottle  getting filled from their  local water dispenser toilet they provided is away from rstnt that too in bad condition dont go here,Sree Annapoorna
Annapoorna Hotel,"Excellent quality food at nominal prise, most hotel seems luxury but mostly food gives problem to health, but here food are at excellent quality even if we take 1 month there is no harm happening. …",Sree Annapoorna
Annapoorna Hotel,Great parking option and very cheap room. Food is also good. The only point where things goes a little down is regarding the cleanliness. The place feels a little too old and the washroom facilities and dining place seems to be a little untidy,Sree Annapoorna
Annapoorna Hotel,"Pros:
Cheaper rooms
Located on a highway road …",Sree Annapoorna
Annapoorna Hotel,The restaurant is amazing and the food is as authentic as it gets!,Sree Annapoorna
Annapoorna Hotel,"Decent food, rooms are cheapest and not so great rooms, carry your own sheets and pillows. It may be okay for a quick nap or so.",Sree Annapoorna
Annapoorna Hotel,"Once I was there before 20 years when we constructed the bridge
Now it seems they modernized as per the development. Yes it is okay with the availability",Sree Annapoorna
Annapoorna Hotel,This hotel is located on Nh7 road..near spring field..but it's not so much big.it is ok for bike riders..,Sree Annapoorna
Annapoorna Hotel,I got rooms for less price with good car parking and quality food. This is very safety place.,Sree Annapoorna
Annapoorna Hotel,It was more hygienic... And tastes of every dishes were delicious,Sree Annapoorna
Annapoorna Hotel,Tastes good but please maintain the place clean,Sree Annapoorna
Annapoorna Hotel,"Tast it’s so average , if u try young waiters & cooking chefs",Sree Annapoorna
Annapoorna Hotel,Nice vintage five star hotel with good service and tasty food,Sree Annapoorna
Annapoorna Hotel,"It's like mess food.no feel of a restaurant.
I didn't like this place.food is cheap.",Sree Annapoorna
Annapoorna Hotel,"Only suitable for sleeping, washroom are worst night mares could have been kept clean",Sree Annapoorna
Annapoorna Hotel,Was good at one time but now no maitanance.,Sree Annapoorna
Annapoorna Hotel,Food ok quality wise and price eise,Sree Annapoorna
Annapoorna Hotel,Just stepped into this hotel as there was nothing available...... Very average food and below average toilet,Sree Annapoorna
Annapoorna Hotel,Best hotel in Coimbatore. Sambar here is delicious,Sree Annapoorna
Annapoorna Hotel,Loved it and delicious.. go and give a try...,Sree Annapoorna
Annapoorna Hotel,Not up to the mark but its ok to have dine in there.,Sree Annapoorna
Annapoorna Hotel,Good but not well for money,Sree Annapoorna
Annapoorna Hotel,We can get good food and lodging.,Sree Annapoorna
Annapoorna Hotel,Room good but not for a room service,Sree Annapoorna
Annapoorna Hotel,Yes it is a decent hotel with decent Rooms..,Sree Annapoorna
Annapoorna Hotel,Dining facility available in proper manner,Sree Annapoorna
Annapoorna Hotel,In Karur byepass a Good hotel to take lunch,Sree Annapoorna
Annapoorna Hotel,"Need neatness, appearance and service",Sree Annapoorna
Annapoorna Hotel,Worst food and bad service,Sree Annapoorna
Annapoorna Hotel,Food for desparate hunger not appetite,Sree Annapoorna
Annapoorna Hotel,Economic stay for a night. Bar available 😁 …,Sree Annapoorna
Annapoorna Hotel,Famous hotel once upon a year,Sree Annapoorna
Annapoorna Hotel,Famous veg hotel in Karur,Sree Annapoorna
Annapoorna Hotel,Fine its nice location,Sree Annapoorna
Annapoorna Hotel,2006to2010 sometime lunch angtha,Sree Annapoorna
Annapoorna Hotel,Quality at its best 😬 …,Sree Annapoorna
Annapoorna Hotel,Too old infrastructure,Sree Annapoorna
Annapoorna Hotel,Horrible  and worse😡🤬😠 …,Sree Annapoorna
Annapoorna Hotel,Annapurna neme is all world no food welcome annapurna powar janareshan brining hotels,Sree Annapoorna
Annapoorna Hotel,"The world is beautiful
Food makes it beautiful",Sree Annapoorna
ANNAPURNA HOTEL & RESTAURANT,"Exceptional Bengali cuisine experience in Vellore City! The unique blend of spices and the skillful preparation truly transport you to the streets of Kolkata. The staff is super friendly, and the cozy vibes make it a perfect spot for …",Sree Annapoorna
ANNAPURNA HOTEL & RESTAURANT,"This is the only good Bengali restaurant in Vellore City. Here you can eat as much as you like in a fixed amount. But that is for rice, vegetables and daal. Separate prices are fixed for fish and meat (chicken/chicken). It is not unlimited. …",Sree Annapoorna
ANNAPURNA HOTEL & RESTAURANT,"It's Bengali Hotel.In Vellore Saydapet Auto stand.
Staff behaviour are friendly. All food are available.
Rich,fish,chicken, all Kind of vegetables.
Vegetables and rice plat- only 50 tk.",Sree Annapoorna
ANNAPURNA HOTEL & RESTAURANT,"Nice hotel
Bangli food are available in reasonable price and foods are very tesy
Clean hotel n behavior is nice",Sree Annapoorna
ANNAPURNA HOTEL & RESTAURANT,"Authentic Bengali food available. Prices are quite economical. The quality and quantity of food is also satisfactory. Only problem is too much rush, so you probably have to wait and have patience for your food to get served.",Sree Annapoorna
ANNAPURNA HOTEL & RESTAURANT,Cheap lodging available for patients visiting CMC Vellore. Placed in a market area so noisy and crowded during daytime. At present road isn't in good shape and the hotel isn't so clean. But I must mention the food they cook in the …,Sree Annapoorna
ANNAPURNA HOTEL & RESTAURANT,"Veg and non-veg thali available at very reasonable price.Food taste is home like.Owner is also very good person.Once you visit CMC can try this hotel.Only restaurant that offer ""payes"" at the end for free.",Sree Annapoorna
ANNAPURNA HOTEL & RESTAURANT,The bengali style food in the region. But the manager is not well behaved man he is rude .But all other stuff are friendly.,Sree Annapoorna
ANNAPURNA HOTEL & RESTAURANT,"I am trying Chicken Koda. Too teasty, Must Try Mutton Thali. Good quality food.",Sree Annapoorna
ANNAPURNA HOTEL & RESTAURANT,"Exact taste like West Bengal.
Food Taste: 5⭐️ very good
Service: 5 ⭐️ very helpful …",Sree Annapoorna
ANNAPURNA HOTEL & RESTAURANT,"Bengali restaurant with good quality food items with reasonable prices. You should test, if you are in Vellore.",Sree Annapoorna
ANNAPURNA HOTEL & RESTAURANT,Ok lunch.. less spicy... good for patients,Sree Annapoorna
ANNAPURNA HOTEL & RESTAURANT,"This restaurant is very good, This restaurant have all type of Bengali meal. Their Foods are very Tasty and I'll definitely recommend you to visit and eat here, They also provide quick service and You'll definitely like their service. And the behaviour of the staff is also very nice and formal.",Sree Annapoorna
ANNAPURNA HOTEL & RESTAURANT,Good hotel & restaurant of this territory. This restaurant  is very popular to the Bangali. The food is very tasty. The service of the waiters is really decent and customer friendly. Most of the customers came to take treatment from CMC …,Sree Annapoorna
ANNAPURNA HOTEL & RESTAURANT,Best banggali food available here. they maintain hygiene an quality.,Sree Annapoorna
ANNAPURNA HOTEL & RESTAURANT,"Authentic Bengali flavors at their best! This place truly captures the essence of Bengali cuisine with its fresh ingredients, perfectly balanced spices, and traditional cooking methods.",Sree Annapoorna
ANNAPURNA HOTEL & RESTAURANT,Good service. You will feel like family here. All bengali dishes are available here. Room rent not so high.,Sree Annapoorna
ANNAPURNA HOTEL & RESTAURANT,For Bengali Food it is very good.Test also good.Meal rate Very reasonable comparable to Kolkata.,Sree Annapoorna
ANNAPURNA HOTEL & RESTAURANT,"Good Bengali foods in Vellore, Rolls and Moglai is also available in the evening.",Sree Annapoorna
ANNAPURNA HOTEL & RESTAURANT,"Over all a Bengali Hotel, nothing much except that to write here.
Chicken curry quality below average as like other 5 bengali hotel near by.
Chicken didn't boiled properly.",Sree Annapoorna
ANNAPURNA HOTEL & RESTAURANT,Best bengali cuisine restaurant in vellore.all dishes are authentic bengali cuisine.and also veg dishes are awe.khub jotno kore ranna kore.tai taste ta like Mom kitchen,Sree Annapoorna
ANNAPURNA HOTEL & RESTAURANT,Service good.. stuff behaviour good. But the quality of food bad to worst,Sree Annapoorna
ANNAPURNA HOTEL & RESTAURANT,"Behaviour is very polite, as many salesperson available, so their service is fast enough but the cost of food is quite high, although the quality of food is better than any nearby restaurant. Also the salespersons and the manager speaks …",Sree Annapoorna
ANNAPURNA HOTEL & RESTAURANT,The cooking used to be excellent just six months before. Bath today's experience was not that satisfactory. The quality of food has decreased as well as the cleanliness of the place. Sale it is a very reasonable place to have Bengali style lunch and dinner in Vellore.,Sree Annapoorna
ANNAPURNA HOTEL & RESTAURANT,Side dishes very costly . Don't try side dishes not worth for that price,Sree Annapoorna
ANNAPURNA HOTEL & RESTAURANT,It is found in almost all types of Bengali food at a Bengali restaurant,Sree Annapoorna
ANNAPURNA HOTEL & RESTAURANT,This was the place for daily meal for our family while there. This place serves VERY affordable and good food. The food has a Bengali taste to it. If you love Bengali food and their style of thali then you should go. Only a need a little work in their ambience. Otherwise excellent service. Good food at the price point.,Sree Annapoorna
ANNAPURNA HOTEL & RESTAURANT,"Average Bengali food with casual taste, nothing special at all. Located somewhat near Saidapet Auto Stand, 400+ metres from CMC Main Gate. This can be quickly identified as Loknath Seva Niketan, has average Bengali food, somewhat unhygienic …",Sree Annapoorna
ANNAPURNA HOTEL & RESTAURANT,"Good place to have lunch or dinner. Provides variety of items mainly north Indian meals and Bengali dishes especially fish curry with rice.
Normally patients living in guest houses or hotels prefer to visit this place as it is in the middle of many guest houses.",Sree Annapoorna
ANNAPURNA HOTEL & RESTAURANT,"If you are fan of Bengali food this is the place where u want to be.
They have excellent food with reasonable price. Veg and Non veg options. Highly recommended.",Sree Annapoorna
ANNAPURNA HOTEL & RESTAURANT,"The veg thali is normally very good as compared to the price of the food but the meat and fish products are not cooked so well it is almost raw, also staff behaviour is also annoying when complaint they argue for the first time then the …",Sree Annapoorna
ANNAPURNA HOTEL & RESTAURANT,This is the only good Bengali restaurant in Vellore City (CMC HOSPITAL). Here you can get  Home quality great bengali food for launch and dinner . Also can get various tiffin and sweet items here. This is one of the oldest bengali …,Sree Annapoorna
ANNAPURNA HOTEL & RESTAURANT,Here you get cheap and best North Indian and Bengali Food. Both veg and non-veg available here. Preparation and quality of food is Good. In non-veg you get chicken mutton and different variety of Fish,Sree Annapoorna
ANNAPURNA HOTEL & RESTAURANT,"In the list, they have mentioned that the price of '2 laccha paratha + Shobji' is 30. And '4 ruti + Shobji' is 30. We ordered for 2 set of '4 ruti + Shobji' and 1 set of '2 laccha paratha + Shobji' and also 1 litre bottle of Bisleri water. …",Sree Annapoorna
ANNAPURNA HOTEL & RESTAURANT,"For an Bangladeshi it's the best hotel in vellore. Since it's close to cmc, you can visit it just by walking for 5 minutes. There are very varietys of Bangladeshi food there, such as different types of vorta,sidol,puri etc. I will definitely recommend it.",Sree Annapoorna
ANNAPURNA HOTEL & RESTAURANT,I don't know why but maybe people are fond of this restaurant because of the cheap priced bong food. But honestly the food is tasteless. And the one thing that is worst is that they made fun of the amount of food I ate there. I was there …,Sree Annapoorna
ANNAPURNA HOTEL & RESTAURANT,"Bengali foods serve here, staffs know bengali. Thali system works here. Food quality is good comparing to other available hotels, uses less spices as they have to attend regular customers. You can expect a veg thali @70, egg curry @15, chicken full/half plate - 130/70. Rotis also available for dinner.",Sree Annapoorna
ANNAPURNA HOTEL & RESTAURANT,"The quality of the food was terrible in taste. There were no Bengali Hotels, so they sell you bad quality food, but you have to eat as there are no scop you can get Bengali food. The area of this hotel was very dirty.",Sree Annapoorna
ANNAPURNA HOTEL & RESTAURANT,"They give a ₹70 meal which is unlimited rice.
Online payments facility available
The owner behavior is little rude …",Sree Annapoorna
ANNAPURNA HOTEL & RESTAURANT,This is one of the oldest bengali restaurant near CMC in Vellore. Food is good as compared to others. Rates are also cheap. I recommend the veg meal for lunch and Roti and Tarka/shahi paneer for dinner.,Sree Annapoorna
ANNAPURNA HOTEL & RESTAURANT,Best and awesome!  Great Restraunt and Dulal da is great.... He is the best person I met here in Vellore and Annapurna is the best Restraunt in Vellore. All the staffs are great. Best quality food and service. Very nice behavior of everyone …,Sree Annapoorna
ANNAPURNA HOTEL & RESTAURANT,"They have very hygienic and clean place to eat.
Food here is very tasty and healthy.
A full Bengali menu. …",Sree Annapoorna
ANNAPURNA HOTEL & RESTAURANT,"far from home and Bengali culture,  you will get native test here as a bangali.

that was two year back. But now they know business and how to cheat their …",Sree Annapoorna
ANNAPURNA HOTEL & RESTAURANT,"You can find most of Bengali food.Price are reasonable.Rice-fish-vegatable -Ruti-Tarka famous in this hotel.Stuffs behave are not good,be aware from before doing any mistake.Lot of menus there try to select first then order otherwise they don't change it.",Sree Annapoorna
ANNAPURNA HOTEL & RESTAURANT,If u like Bengali food then it will be your best choice. I've tried few Bengali foods in different restaurant but this restaurant is best for Bangladeshi and Kolkatas Bangali people,Sree Annapoorna
ANNAPURNA HOTEL & RESTAURANT,It is best bengali hotel near cmc hospital. Food isn't that spicy and very much good for people with weak digestion. Though the number of items available is small quality of food is good than other restaurant nearby especially better than rimpa hotel. Giving 4 stars due to clumsy look of the restaurant.,Sree Annapoorna
ANNAPURNA HOTEL & RESTAURANT,Mouthwatering range of Kolkata style cuisine in Vellore. Very commendable quality of food and service. The staff are highly cordial and cooperative. You would feel the warmth of being in Kolkata among the Bengalis. Their Tarka is something extraordinary and my clear favorite... Tarka and Roti at supper are an absolute winner for me...,Sree Annapoorna
ANNAPURNA HOTEL & RESTAURANT,"I will give 5 star, staff behavior is extremely good at the restaurant, except fish and egg I liked all other Bengali preparation. Must try mutton, ALU posto, sukto, plon sakh. …",Sree Annapoorna
ANNAPURNA HOTEL & RESTAURANT,Just added this place on map with my review and photos . Best resturant for bengali food with standard rate like other restaurants. This is the resturant with somewhat same name like other but this hotel's owner is different. You can take …,Sree Annapoorna
ANNAPURNA HOTEL & RESTAURANT,Best Bengali food to get 🔥 must have a try. ₹50 for Rice Thali (unlimited) and management and behaviour is also good. And above all its tidy. …,Sree Annapoorna
Sri Annapoorna Dal Industries,Great place to buy naatu paruppu and all types of dhals.retail sales also done here.very friendly place too,Sree Annapoorna
Sri Annapoorna Dal Industries,Many veracity dals available here,Sree Annapoorna
Annapoorna Textiles,"Excellent materials, reasonable price and good quality.. I strongly recommended this Annapoorna Textiles to purchase bedsheets, pillow covers, bedspreads, nighties, Towels and Lungis  at wholesale prices..",Sree Annapoorna
Annapoorna Textiles,"The following items are available here
All kinds of
1. Bed sheets & Bed spreads …",Sree Annapoorna
Annapoorna Textiles,"Multiple varieties of Home textile goods and fabrics available in all qualities. Very good customer support.  ""No Credit""",Sree Annapoorna
Annapoorna Textiles,This shop have variety of goods with high quality at cheap price....,Sree Annapoorna
Hotel Sri annaporna Lodge,I got my good food here,Sree Annapoorna
Hotel Sri annaporna Lodge,I don't know about the lodge since I have visited only the restaurant. The food is good. Service is ordinary and inadequate servers. Location is very good.,Sree Annapoorna
Annapoorna - Cross Cut Road,Good service. Nice food. I may have am unpopular opinion but Sree Anandhaas sambar is better than Annapoorna sambar. Ghee roast was paper thin and wafer like  so don't go for it unless you want to have chips like dosa. We bought sweets and savoury from the counter they were ok. My kiddo tried the filter kappi lip balm which she likes.,Sree Annapoorna
Annapoorna - Cross Cut Road,"Annapoorna is our mandatory stop whenever we visit Coimbatore with friends.

The Ghee Podi Roast was perfectly crispy and loaded with flavour, and the Mini …",Sree Annapoorna
Annapoorna - Cross Cut Road,"Annapoorna Restaurant, Coimbatore 🍽️☕ – South Indian Bliss!

One of my all-time favourite South Indian restaurants! Tried their Annapoorna …",Sree Annapoorna
Annapoorna - Cross Cut Road,"I tried traditional thali here. It was good, but I have had better in Tamil Nadu. Having said that its still an enjoyable experience. Do give it a shot while in Coimbtore.",Sree Annapoorna
Annapoorna - Cross Cut Road,"My experience here was very disappointing, specifically regarding the food and pricing. I ordered the special paneer masala dosa, which was priced as a premium item but was far too small in size. The quantity and quality do not justify the …",Sree Annapoorna
Annapoorna - Cross Cut Road,"Annaporana is a popular spot, but honestly, the experience didn’t fully live up to the hype. …",Sree Annapoorna
Annapoorna - Cross Cut Road,We ordered a apple juice and lime soda it took 1 hour to deliver also the waiter gives a deadly look and the rice had too much chilli and everything was spicy and cups were not washed properly and Mountain Dew was not delivered and lime soda came but very sour my tongue burning throat itching the next day and it was not cold,Sree Annapoorna
Annapoorna - Cross Cut Road,"Taste-wise, it still has the classic Annapoorna quality, but I was very disappointed with the reduced size of the sambar vada. I usually visit mainly for the sambar vada, and this time it did not feel satisfying at all because of how small it has become. Also, seeing flies in the drinking water was very unhygienic and disappointing.",Sree Annapoorna
Annapoorna - Cross Cut Road,"I visited your restaurant with my family on 3rd May 2026 for lunch and ordered mini meals. Unfortunately, I had a very disappointing experience.
The plate served to me was not properly washed, and food was served on an …",Sree Annapoorna
Annapoorna - Cross Cut Road,If you are going on Sunday bear with the time. It will take 20 minutes to get dosa. Also they have lake of servers. Cost is bit high but the taste is good. Always busy on weekends.,Sree Annapoorna
Annapoorna - Cross Cut Road,"Had a great experience at Tamil Nadu Hotel! The food was really good and the meal was flavorful and felt authentic. The lunch meal thali was especially awesome, with a nice variety of dishes. Service was quick, and the overall atmosphere was pleasant. Definitely worth a visit for a satisfying meal.",Sree Annapoorna
Annapoorna - Cross Cut Road,"Had idli and vada at Annapoorna, they served a variety of chutneys that almost made up the tricolor of India 😂. Not a big fan of coconut chutney though; I prefer the Palli (peanut) chutney we get back home, which tastes way better. Prices felt a bit on the higher side, but overall, it was a decent dining experience. …",Sree Annapoorna
Annapoorna - Cross Cut Road,"Annapoorna is truly a gem in Kovai! 🤩 The food was absolutely delicious, a real treat for the taste buds. 😋 The atmosphere was inviting and cozy, making for a wonderful dining experience. While the service was good, it could be a little more attentive to match the amazing food and ambiance. Highly recommend checking it out! ✨💯 …",Sree Annapoorna
Annapoorna - Cross Cut Road,"Just like any other Annapoorna, the food quality and taste are great. The place has been recently renovated with better tables, chairs and centralized air conditioning. So, they have increased the pricing for items a bit. The ambiance now …",Sree Annapoorna
Annapoorna - Cross Cut Road,"Annapurna Restaurant at Crosscut Road, Gandhipuram is known for serving consistently good food that lives up to its reputation. The flavors are satisfying and the quality of dishes remains commendable. However, when it comes to ambiance and …",Sree Annapoorna
Annapoorna - Cross Cut Road,"Had Dosa, poori and sambar vada. Price was reasonable. Quality of the food was also good. Car parking is not available. Better to come by 2 wheeler. Paid 85rs for dosa, 85rs for poori and 40rs for sambar vada.",Sree Annapoorna
Annapoorna - Cross Cut Road,"Good, tasty food served with great service. The meals are flavorful and feel fresh, and everything was served quickly despite the place being quite busy. The staff were attentive making the overall dining experience smooth and enjoyable. A nice place for a satisfying meal if you don’t mind the rush.",Sree Annapoorna
Annapoorna - Cross Cut Road,"The lips smacking food, the best of ingredients are used in preparation of veg food. The aroma of ghee that is poured on Rice and podyidli is just from heaven.",Sree Annapoorna
Annapoorna - Cross Cut Road,Food is incredibly good! Great place for breakfast lunch and dinner. We went here three times during our stay in coimbatore.,Sree Annapoorna
Annapoorna - Cross Cut Road,"I visited them on a holiday; despite the crowd, I experienced no wait for lunch. The lunch was satisfactory; I appreciated the opportunity to enjoy an unlimited meal, with the option to repeatedly order whatever I desired. Its proximity to …",Sree Annapoorna
Annapoorna - Cross Cut Road,"One of finest restaurants in coimbatore.
Must try if you are outing with your family...
My favourite was full meals starter
Parupu poodi and ghee.",Sree Annapoorna
Annapoorna - Cross Cut Road,"Stars: ⭐⭐⭐
Amazing food, but bring your patience (and your gold card)!
If you are purely chasing flavor, this is the place to be. The food is genuinely …",Sree Annapoorna
Annapoorna - Cross Cut Road,"Visited after long years. Surprised with the same tasty idli sambar. Other items parotta, panner dosa ,Poori and Pongal are Okay. Coffee was good. Well managed service.",Sree Annapoorna
Annapoorna - Cross Cut Road,"Amazing food. Tried their Ghee Mini Idli dipped in sambar and became an eternal fan of it!
Bun parotta, Onion uthappam, Poori & chole were other great highlights. …",Sree Annapoorna
Annapoorna - Cross Cut Road,"I would like to highlight that the quantity of food provided for the price is highly disappointing. Customer service was not as good as it should, what was heard from local people. The price is high but we felt the quality of the food was …",Sree Annapoorna
Annapoorna - Cross Cut Road,"The food at Annapoorna is truly delicious, and the quality is excellent. My only major piece of feedback is regarding the banana leaf service. It's disappointing that it is not given as the standard option. We had to specifically request …",Sree Annapoorna
Annapoorna - Cross Cut Road,"> I had breakfast sambar idly, lemon sevai, poori, and coffee.
> Ambience crowded.
> Service was good. …",Sree Annapoorna
Annapoorna - Cross Cut Road,Already you lose your 55 years of pride market with Anandhaas.they made to wait 15 min and brought roast without coconut chutny…no proper service at all Annapoorna stores… if this continues sure your pride is no more…. Anandhas have got the market wake up annapoorna,Sree Annapoorna
Annapoorna - Cross Cut Road,Famous restaurant in the heart of Coimbatore city. Located in Crosscut road inside the Lakshmi Complex area. Went with the family and had breakfast. Mini tiffin and pongal. Mini tiffin items are good and tasty. The price is a little high. …,Sree Annapoorna
Annapoorna - Cross Cut Road,Nothing much to say about place. It’s a common man’s place. Mostly all seats were occupied. …,Sree Annapoorna
Annapoorna - Cross Cut Road,This happened a year ago and I totally missed to post this review due to other commitments. Suddenly came across this picture and remembered this has to be posted …,Sree Annapoorna
Annapoorna - Cross Cut Road,"The coffee tastes really good and I truly appreciate the quality. However, ₹40 feels slightly high for a middle-class customer like me. Kindly consider revising the filter coffee price if possible. This is just a humble request. Thank you.",Sree Annapoorna
Annapoorna - Cross Cut Road,Today went to this restaurant at 5.35 pm and sat in a mid table. Till 5.45 pm nobody attended and after waiting 5 more minutes reported the issue to the cashier. That man never even bothered to listen to me. But their owner had the courage to ask Union FM and put the issue to public. That is the irony..,Sree Annapoorna
Annapoorna - Cross Cut Road,"We came from outside coimbatore and we heard of this restaurant for good veg food,but I would like give feedback that food is not good as per the expectation, we heard of Ghee dosa is popular here but I would say it is not good,chutney and …",Sree Annapoorna
Annapoorna - Cross Cut Road,"Went to this place for light dinner. Good food.   The coconut milk given with appam was more sweet that natural, sugar was added perhaps. Reasonably priced. A bit noisy and crowded. May work on cleaning. Saw plenty of female employees which indicated women empowerment in Tamil Nadu.",Sree Annapoorna
Annapoorna - Cross Cut Road,"Seriously the worst food experience I’ve ever had. Every single item tasted bad and felt old. Couldn’t even finish the food. Service was careless, staff attitude was irritating, and the whole experience was frustrating from start to end. …",Sree Annapoorna
Annapoorna - Cross Cut Road,"Visited this vegetarian restaurant recently. The food was really good — flavorful and satisfying. The service was neat and efficient, which added to the overall experience. However, the place was quite crowded, which made it a bit noisy and …",Sree Annapoorna
Annapoorna - Cross Cut Road,"Nice place & we had very nice food those days. Today it has reduced, But still it's the best in Coimbatore I will say.",Sree Annapoorna
Annapoorna - Cross Cut Road,"Why are customers not given a printed menu?
The staff will read out all the items available makes it hard to decide. …",Sree Annapoorna
Annapoorna - Cross Cut Road,"This is one of the identities of Coimbatore. Located in Gandhipuram. Very famous for their sweets and snacks items. We tried lunch and the meal was simply nice. Cake, bread, and spicy chip items are prepared daily. Taste and Quality is …",Sree Annapoorna
Annapoorna - Cross Cut Road,One of the busiest restaurant chain in Madurai. They have several outlets in-and-around the city. Infect they do have an outlet on Coimbatore International Airport itself. …,Sree Annapoorna
Annapoorna - Cross Cut Road,"Ambience is good. Location is near  gandhipuram bus stand. Service was very prompt. Food quality and taste is good. We ordered mini meal, chapati with kurma and masala dosa. We wanted to order extra chapati but they only serve it with veg …",Sree Annapoorna
Annapoorna - Cross Cut Road,I went to this hotel yesterday. I had a very disappointing experience. I went by 230 pm. The meals were over. They didn't have much variety in other items. So I had to order a dosa and coffee. It's of ordinary quality. The waiters were ok. …,Sree Annapoorna
Annapoorna - Cross Cut Road,"I would say, this place was my find of the tour. The ghee dosa could not be better. Their in house bakery serves the best sweets and confectioneries. The chocolate donut which was more of a chocolate puff was heavenly. Even the veg puffs taste amazing because of the freshness.",Sree Annapoorna
Annapoorna - Cross Cut Road,I felt too worst service ever in that big hotel no proper services and no clean plates too and serving were too late in that miss orderees on the tables 🙏 I went to AC floor and bad experience from them …,Sree Annapoorna
Annapoorna - Cross Cut Road,"I ordered for Roast took 20 mins and poor service after asking for many times food was served. Only brand name, I know this will not make any impact but this is my bad experience,.",Sree Annapoorna
Annapoorna - Cross Cut Road,"Waited more than 15 minutes for a simple coffee. Customer service was slow, with no communication or acknowledgment during the wait. The coffee was okay, but the long delay made the visit frustrating. Could do better.",Sree Annapoorna
Annapoorna - Cross Cut Road,"The Annapoorna Hotel no longer has its old authentic taste, and the prices on the menu are quite high. The service is very poor, as the staff members are not interested in listening to our requests. Specifically, now we have to explicitly …",Sree Annapoorna
Annapoorna - Cross Cut Road,I had breakfast here. Taste was very good. Service also very good. Waiting time also not much.,Sree Annapoorna
Annapoorna - Cross Cut Road,"Very good vegetarian food. Just opposite to gandhipuram bus stand. Uttappa masala dosa is one of the must try dish, served with 3 types of chutneys",Sree Annapoorna
