Branch,review,Restaurant
Chennai,"We visited this restaurant as a group of 16 people, and every single one of us was 100% satisfied with the experience. It’s truly a must-try place for authentic South Indian food. The dishes were served fresh, flavorful, and perfectly prepared — you can really taste the quality in every bite. The staff were exceptionally polite, welcoming, and attentive throughout our visit. Even with a large group, the service was smooth and well-coordinated, and our orders were handled efficiently without any delays. The ambiance is comfortable and family-friendly, making it a great place for group gatherings as well. From the taste of the food to the hospitality and overall atmosphere, everything exceeded our expectations. We would definitely recommend this place to anyone looking for genuine South Indian cuisine and a wonderful dining experience.",SaravanaBhavan
Chennai,Vadapalani branch Chennai Hotel atmosphere and cleanliness v.poor ..... Maintanence v v poor .... it's not like in Mylapore branch,SaravanaBhavan
Chennai,Stupid guys . I ordered for rava roast and I got and found that its mixture of some company . Very worst . Once it was nice and now even pig will not eat,SaravanaBhavan
Chennai,"Start the day with excellent filter cofee and have crispy dosas,fresh soft idly and vadas to your best taste.The sambhar smell fills the entire restaurant and delights with the aroms.",SaravanaBhavan
Chennai,We ordered 4 dosa and 4 vada and 4 coffee to my astonishment the bill was more than Rs.5000/- and the food tasted awful. It's daylight robbery.,SaravanaBhavan
Chennai,"HSB is one best vegetarian restaurant in the world……simply mouth watering foods……so delicious to have……..Idli,Dosa and Pongal are my favourite choices apart from tea and coffee……enjoyed well😊",SaravanaBhavan
Chennai,At Ashok Nagar branch food and hospitality is good. Some how both are lagging at Egmore branch. Need to improve. Need to improve food quality,SaravanaBhavan
Chennai,"amazing amazing food ghee dosai, kaima idli, idiyappam veg kuruma & thali are the best here, great price & budget friendly",SaravanaBhavan
Chennai,"went to Alandur Branch of theirs @ 7 PM Ordered Pongal Vadai ; Plain dosa The pongal was not hot ; the vadai was cold and when asked the waiter was cool about it ... The Batter was stale i guess as the DOSA was sour as well as the mint chutney . when asked there was no answer. This in 1990's and till 2010 was heaven for good and hot food .... Its standard atleast in many outlets in chennai has fallen down to the lowest level that streetcart food is desirable....sad experience , must avoid",SaravanaBhavan
Chennai,"I had been to Saravana Bhavan's different outlets in various places. I had two dosais each costing ₹85 in their new Saligramam outlet and was impressed by the taste and service. Today I went for takeaway for my family's breakfast and ordered among other things 5 medhu vadais. Each costs about ₹48 Inc of GST but the vadais were hard and tasteless.  Sizewise too not that big. Despite being so costly, they are very stingy when it comes to size dish. My advice to people is to avoid medhu vadais as it will stop you from going to the hotel next time. Even idlies are not that satisfactory. Saravana hotel's cooking is centralised and so the taste and quality are same everywhere.",SaravanaBhavan
Chennai,My experience with Saravana Bhavan this time was a better one than my earlier experience which was a nightmare. The management seem to have learnt their lessons and are taking damage control steps to mitigate thier tailspin. This restaurant is next to the Anna Nagar Tower Metro station. The only issue with this branch is that they dont have a cark park at all. The street parking is the only option and eventually you may get your parking with the help of the watchman. The restaurant is an average one. The food and service has improved leaps and bounds. The food too has improved a lot. The costing is still higher than almost all restaurant of similar standards. The place is large and can easily hold 100 customers. Will i go back to the same restaurant ? Yes !  I would.,SaravanaBhavan
Chennai,Channelling the glory of the chola dynasty one of the greatest and longtest ruling martitime dynasties in the history of southern india this is itc hotel flagship property in the region boasting 522 rooms,SaravanaBhavan
Chennai,"In morning usually there are many options for brunch, great in taste and comfortable ambiance , great",SaravanaBhavan
Chennai,"I like South Indian food, and I am quite impressed about Saravana Bhavan food chain due to their authentic taste of various South Indian dishes, which I have tried quite a few times during my visits to Chennai, Kanchipuram, etc. So, this time when I made a visit to Chennai and checked-in a hotel at Club House Road, I became very happy to note that there was an outlet of Saravana Bhavan at Spencer Plaza, within walking distance. On the first evening, I, along with my two colleagues, went there at around 9:15 pm, which is an ideal time for dinner. We were surprised that it was closed, though it was supposed to be open till 10:00 pm. So, we managed our dinner somewhere else, and went there again on the next day evening at around 8:40 pm. Even at that time, the outlet was half closed, and they allowed us to enter and sit inside with such an attitude as if they were doing a great favour to us. Anyway, we ordered some dishes. After a long wait, they served in such a manner that I had to finish the dinner by the time the food was just served to one of my colleagues. This was ridiculous. There was a definite deterioration of taste this time. In last week of April, it was a very hot weather, but they had already switched off the AC, and we had to manage our dinner in an intolerable ambience, sweating like anything. There was no water for washing hands. Price of food is exorbitant. A simple normal size paratha costs more than Rs. 70 !!! Finally, when I went to their counter for paying the bill through their UPI QR code, they started demanding tips even before had I made the payment. It was such an irritating experience this time !! I do not know if it is specific for this branch or it is an overall deterioration of this food chain, but next time I will think several times before entering any of the outlets of Saravana Bhavan.",SaravanaBhavan
Chennai,Visited Chennai after a long long time was keen on trying Chennai Idli/Vada & Masala Dosa but at 3:30pm they did not have either. Masala dosa was a long wait so settled for the Sada Dosa with 3 different types of chutney. Nothing great but thereafter had a plate of Bonda which was worth the drive and time spent. Service slow and probably just a hyped up place.,SaravanaBhavan
Chennai,"Heard a lot about the restaurant. Food is simple and nice iddiappam is nice tawa dosa is good, specially pepper flavour. Sambar is different and I liked it. Rest room and basin are dirty. Pls do something about it",SaravanaBhavan
Chennai,"As the name displays, you could get a clear picture of good food items even though they are costly.. But, service is not that much good and in peak hours food items also takes a long time to be served to you.. Your queries are not answered by the people who serves food to you.. Sometimes Just a simple smile and they move off.. This is not good.. Restaurant people just do something otherwise, you will not regain Your customers back.. Rating -",SaravanaBhavan
Chennai,"Sravana Bhavan, at one point of time, used to be an epitome of quality / serive, has now gone to dogs. Yes, it is now awfully pathetic, with very low quality eatables and the service is literally non-existent. It is not a surprise to see this restaurant has closed down some its branches. It's bound to happen, when the quality / service has gone down the drains. Sad to see such a good restaurant chain has come down to this level.",SaravanaBhavan
Chennai,We were here for dinner and had to wait for almost 20 minutes to get a table. The items ordered came quite late and were not up to the mark.,SaravanaBhavan
Chennai,They must resume their quality.. It worst since last 6 months. Even dosa is not at all good. Very poor service by staff,SaravanaBhavan
Chennai,"There was a time when each time you thought of fine veg dining, the name of Hotel Saravana Bhavan would instantly crop up in your mind. No longer is the case with multiple veg restaurants opening shop. That aside the quality of the food at Saravana Bhavan has definitely come down due to more branches being opened. The taste of the sambar and coffee, however, still remains the same at all its branches. However, the earlier thrust on quality control is not seen as sometimes the food is salty or excessively oily. While price for some combos are slashed, many other dishes remain overpriced. Yet every outlet of Saravana Bhavan including this one in Egmore is always bustling with people.",SaravanaBhavan
Chennai,The food at Saravana Bhavan Restaurant is wholesome and tasty. Their service is fast and the food is well displayed on plate . You get a sense of satisfaction after eating the food . The waiters are responsive and courteous  to the customers . The price is also reasonable .,SaravanaBhavan
Chennai,It is a mediocre place with very mediocre Buffett . Service is not that great . Long queue on Sunday . Lack of expected cleanliness . Not worth a visit .,SaravanaBhavan
Chennai,This place is the Mecca for all food lovers. Most authentic south indian food you'll find in Delhi. The waiting time during lunch and dinner time is about 30 mins,SaravanaBhavan
Chennai,Ambiance - Warm,SaravanaBhavan
Chennai,Good tasty and variety meals. Served on a banana leaf. Be ready to be surprised with lots of variety of South Indian food served one by one. Keep yourselves hungry if you really want to enjoy the lunch.,SaravanaBhavan
Chennai,For a good tasty vegetarian food I recommend hotel saravanabavan at Chennai.  It's a high class vegetarian restaurant where u can get tasty food,SaravanaBhavan
Chennai,"I have been to the restaurant for last 25 years. How ever the quality has dropped considerably in last few years. Need to improve, otherwise it will loose its loyal customer. Since all restaurants such as Sangeetha and Murgan, Gupta are beliving in volume, everyone is compromising in quality",SaravanaBhavan
Chennai,Reputation is spoiled by the service they provide. Food service is always delayed. Prices are little expensive and portion served was enough quantity,SaravanaBhavan
Chennai,The quality and the taste is not upto the mark. I had a meal for a lunch the pullie kolambu which is not good and it's equal to pavement shoppes taste.,SaravanaBhavan
Chennai,Price is quite high but the quality and taste of food is too good. I liked the dosa varieties so much.,SaravanaBhavan
Chennai,It is good for breakfast food or dinner.  They open A/C hall for dinner which helps during summer heat.,SaravanaBhavan
Chennai,It is the biggest chain of hotels in Chennai. It have so many across Chennai. It is pure vegetarian but prices are too high but quality is ok,SaravanaBhavan
Chennai,"I used to go to Sarvana Bhavan quite often 4 years before. So this visit of mine was almost 4 year. It's used to be very nice place, good taste then. Now place has bec ame lousy, very poor service and equally bad taste., It looks like they are not interested at all. I would never visit Sarvana Bhavan again.",SaravanaBhavan
Chennai,"Excellent vegetarian fare and reasonable price. Good location, near Egmore Station (Kennet Lane opp Hotel Victoria). Superb mini breakfast and Filter Coffee. Table Service in AC or Non AC and courteous service. Clean food. Carry your own water or buy a sealed water bottle, as a precaution for the location.",SaravanaBhavan
Chennai,Authentic local cuisine. Great food. The desi masala dosa is fabulous. Must check out once when in chennai,SaravanaBhavan
Chennai,"This branch of Saravana Bhavan is located next to the famous Kaapaleshwar temple. Would highly recommend dropping by for a quick cup of coffee and breakfast. Do try their ghee roast dosa which is an old favorite, or if you can’t decide opt for the mini breakfast which has little of everything.",SaravanaBhavan
Chennai,"Saravana Bhavan has always been reputed to have good food with good hygiene. This is true, but often the food is pricey. I have enjoyed my visits to their outlets and always come away feeling that the price was the only downside to their food.",SaravanaBhavan
Chennai,Love south food ...IAM big fan of saravana bhavan.my all time favorite place to be with my colleagues,SaravanaBhavan
Chennai,"Tasty, affordable South Indian vegetarian lip smacking cuisine, presented in a neat & clean manner with minimum fuss. Speedy service. This is about as good as it gets, if you watch the wallet & don't want elaborate curtains & dim lit interiors. Variety in the menu will please even the hard boiled nuts. Branches all across the city.",SaravanaBhavan
Chennai,I visited hotel saravana bhawan opposition Broadway Bus Stand. It was good place to sit for south Indian snacks and food. Rates are normal.,SaravanaBhavan
Chennai,"A narrow street near to Egmore Railway station will not trouble you much to reach here Most likely it is always having good and housful customers People are more affectionate for some taste and variety Dont mind paying extra money or sitting some extra time there waiting..... If you want to relish with a leisurely attitude... If in rush , dont risk going there....",SaravanaBhavan
Chennai,The food is above average and the variety is the unique selling point for the restaurant However service is lackadaisical to say the least Prices have moved down with online orders taking over.. and everyone can see overpriced clearly,SaravanaBhavan
Chennai,One of costliest restaurant with very limited quantity against the cost. The quality is not upto the mark.  With the increase chain of branches we can find this restaurant at many decent places in and around which is the only attraction for restaurant. Would recommend local restaurant to Bon appetite with less price.,SaravanaBhavan
Chennai,This pure vegetarian restaurant offers good food and good service.. we loved eating here.. and would like to visit again,SaravanaBhavan
Chennai,Pure veg foods can be tasted here. Cost is little high but quality will be good so vegetarian can prefer this place,SaravanaBhavan
Chennai,"Experienced a very bad time in Saravana Bhavan , they have spoiled the entire mood , we don't receive the order what we ordered for , they made a mistake by replacing the order but still they don't have the courtesy to be sorry for it but they behaved in a rude manner. I suggest people not to go there , if u feel to spend good time .",SaravanaBhavan
Chennai,It used to be good not anymore. Priced really high than the normal restaurants for the same items. Quality is lacking so does the customer service.,SaravanaBhavan
Chennai,"This hotel which had created a revolution in the hotel industry way back during the 80s has expanded by leaps and bounds. But subsequent to the change of guards at the top, the hotel has lost it's sheen. The prices are costly while the taste has also come down. The service standards have also gone down. The hotel runs because of the name created during the early days if formation.",SaravanaBhavan
Chennai,"This is an idle place to taste traditional meals, you will get all type of veg. delicious dishes. This restaurant is maintained well and the staff are so cooperative. They are having many branches in an around Chennai.",SaravanaBhavan
Chennai,We had our Lunch there. Ordered South Indian meal. Best meal we had with a variety  of exquisite dishes. My kids loved their Ginger Honey Ice Cream. Personalised service was rendered. Thanks.,SaravanaBhavan
Chennai,Very near to Basilica very clean and good customer service. Will stay again.Restaurant is clean and good service.Check in and checkout very easy.,SaravanaBhavan
Chennai,"We visited this restaurant for lunch while sightseeing in Chennai and enjoyed a delicious vegetarian thali meal.  The restaurant was clean, the atmosphere was buzzing, with lots of people, and the food arrived quickly.  An authentic South Indian experience.",SaravanaBhavan
Chennai,"Great south indian thali on banana leaf. Amazing food, very hygienic and tasty. Number of variety and their chutneys were just delicious. Will surely go again whenever i am in Chennai.",SaravanaBhavan
Chennai,The taste is awesome and the variety is good .. quality and quantity is good .. but a little more expensive than the rest vegetarain south Indian restaurants ..,SaravanaBhavan
Chennai,Though we got what we wanted. Food was average & dampened the name of Saravana. Service was very slow & irritating. Cleaning was also very slow.,SaravanaBhavan
Chennai,Going at least once to a saravana bhavan is just one of those things you gotta do when visiting Chennai - just do it and you won’t regret it! Dosa and South Indian filter coffee for sure.,SaravanaBhavan
Chennai,Idly! Filtered coffee! Vada! Great local flavor and food and service. Was a great way to start my long day of sightseeing and fueled me for the long tour to come. Thank you for the hospitality!,SaravanaBhavan
Chennai,Nice food specially for the veg lovers. It has good South Indian dishes and it’s there speciality. Food is fresh also,SaravanaBhavan
Chennai,It is real authentic South Indian Vegetarian Restaurant with great food and prompt excellent service .Prices are reasonable too.,SaravanaBhavan
Chennai,Excellent food with great service at a very justified cost .People will have a taste of south indian delicacies in a single meal worth visiring.,SaravanaBhavan
Chennai,I was delighted after having delicious lunch and dinner both in my recent Dubai visit with family in Sharvana Bhawan.Typical South Indian flavour thali of my all time favorite we had there.,SaravanaBhavan
Chennai,This place serves quality vegetarian food. Their vegetarian snacks are wholesome and tasty. The place is also not very expensive.,SaravanaBhavan
Chennai,If ever there is a place which had everything and then lost it.... it must be Saravana Bhavan. I am stunned how they could let things go down so quickly. All they had to do was to hire a CEO to set things in place. This is so sad to.see so many great places which is going down so badly and Saravana is leading that pack of f failing companies as their uncrowned leader. So sad !!!! Again it is not too late to turn things around and get back to the path of glory.,SaravanaBhavan
Chennai,You must try their thali and tiffin meals. One of the best meals I had when in Chennai. Simply delicious 😋,SaravanaBhavan
Chennai,"Could be better. There are very good eating options just below and near this hotel. Prefer eateries near by , than this one.",SaravanaBhavan
Chennai,"unlike earlier days, the waiters are very indifferent. the rates are high and the food is losing its taste.",SaravanaBhavan
Chennai,"We were looking forward to our visit to Saravana Bhavan, being keen fans of the outlet in Delhi's Cannaught Place. The CP outlet is up market and availability of all the items on the menu. This branch  near Radisson Blu GRT is not up to that standard",SaravanaBhavan
Chennai,"Great food,excellent service. One particular staffer was insistent that food wouldn't be wasted. We had a particular liking for the paneer dosa. Wish there was more time to try out the main items and sweets. A must visit.",SaravanaBhavan
Chennai,Very good vegetarian food & clean aswell. Very polite staff and help with their menu.centrally situated.,SaravanaBhavan
Chennai,This is a multi-storied vegetarian restaurant near the Pondy Bazaar. It is part of a famous world-wide food chain.Its selection of food is pretty good and is decently priced for this type of standard. There is a function hall available for rent above this restaurant operated by them.,SaravanaBhavan
Chennai,"Very renounced hotel of Chennai. Even though they maintain a unique taste, pricing, amenities and cleanses have b come a serious constrain nowadays.",SaravanaBhavan
Chennai,The hotel is suitably located moderately sized with AC and nonac areas. Food is standard and service is very good.,SaravanaBhavan
Chennai,Chennai is all time famous for the verity vegetarian foods.  Saravana Bhavan is a restaurant chain serving pure vegiterian  foods.  All their foods are very aromatic with pure ghee and natural flavourings.  While in Chennai we used to eat from these restaurant  only.,SaravanaBhavan
Chennai,"Sarvana Bhavan in 10 Square Mall, Koembedu, was great for vegetarian food. Service was good and food tastes great. Just one little drawback was felt: they use excessive oil/ghee in their cooking, for my comfort.",SaravanaBhavan
Chennai,This chain of veg Restaurant was first of its kind in Tamilnadu. Started way back in the 80s this is still the first choice for both Families as well as Bussiness class of people who are Diehard Vegans . Their spread is unique so is the Taste. Initially till recent times the pricing was on the Higher side but they have reduced it considerably. A place for Authentic South Indian delicacy but also other north Indian food is Available. TheirRava Dosa is a must try food so is their quick lunch A land mark now not only in Chennai but also in places like DALLAS . US Dont miss their coffee if your a coffee lover but try their Tea which cones with an astounding flavour,SaravanaBhavan
Chennai,"Hotel Saravana Bhavan Restaurant 21 Saravana Bhavan Kenneth Lane | Near Egmore Railway Station, Egmore, Chennai 600008, India was a good place for south indian thali",SaravanaBhavan
Chennai,Best and delicious food with lot of variety. Quality of food is best and serving is enough to fill stomach.,SaravanaBhavan
Chennai,I really love this food because I miss you Telangana food but I I find it here I am me and my family really fully stomach thanks to staff god bless you more,SaravanaBhavan
Chennai,"The taste and service has gone down...yes of course you can’t miss this hotel but still lot many new vegetarian restaurants are available... Coffee and paniyaram , a good choice to go in any of the restaurants",SaravanaBhavan
Chennai,"I have tried food at Saravanas in Delhi, Kuala Lumpur and Chennai. In Chennai really liked their Thali which is worth for money. We also liked masala thosa and sweet lassi - delicious. Atmosphere was ok.",SaravanaBhavan
Chennai,"the quality has certainly come down but still a place where you can get a quick bite at a reasonable cost, coffee is good and so are the other south indian dishes..........north takes a beating so avoid it.",SaravanaBhavan
Chennai,The people handling food are not using gloves. Bare hands used to take out pongal from one plate to other.,SaravanaBhavan
Chennai,"Best of traditional food, clean, healthy, not over done with spices. Service is casual and timely. Menu prices are average or lower. Must visit and recommended. Please tip the waiters well, though they don't seek it, yet you will realise that it is essential with food quality, quantity and timeliness.",SaravanaBhavan
Chennai,Good food. In India tamilnadu all Saravanabavan restaurants has a air condition section.,SaravanaBhavan
Chennai,I’m a big fan of South Indian food and have tried so many food chains. Saravana bhawan is very consistent with the quantity and menu. Great food and easy price. Be it India or abroad- they maintain same quality. I Just love their food. This is from their Bangkok restaurant.,SaravanaBhavan
Chennai,Called in food from Saravana. We did not have time to visit this round. As usual the food was brought in piping hot. Wrapped in banana leaves the same feel we get once you visit the restaurant. Had a simple lunch with Idli and Vada. The chutney and sambar are always a kill. Seemed the idlis are no longer hand made and the softness is not felt any more. But even the machine idli remains with the same taste barring the softness. Always like coming back here for their authentic taste.,SaravanaBhavan
Chennai,I will be going to this place repeatedly particularly on saturdays food is nice not only meals i like pizza here even chat items also very nice,SaravanaBhavan
Chennai,"This branch of Sarvana Bhavan is in Spencer Plaza which is open from 6 AM to 11 PM. Ordered Idli, Masala Dosa, Mirchi Bhajji 7 Coffee.Full menu is not available during evening time (4 to 6 PM). Quality was good. Service was quite fast. Prices are reasonable. This Veg.only restaurant has many outlets throughout Chennai city & all over Tamilnadu.",SaravanaBhavan
Chennai,"Excellent food served in HSB either breakfast, lunch or dinner all are unique taste. Anyone who got an opportunity don't miss it. Quality food and no harm at all. HSB is not only in Chennai also it is available in various countries and states in India but no compromise for taste. Specialized Tamil traditional food",SaravanaBhavan
Chennai,Visited the A/C hall for dinner. Limited choices & staff looked not very keen to help to place order in spite being almost empty. Wash areas is of poor hygiene.,SaravanaBhavan
Chennai,"If you are in Chennai and you haven’t had a meal at Saravana Bhavan, then your trip is never complete. Be it the lunch thali or the varieties of dosas, Saravana Bhavan never disappoints you. The thalis are huge and make sure you are on an empty stomach before you order one :). Each of the food served in the Thali reveals the many facets of Tamil culinary journey. I simply love it each time and every time I visit Saravana Bhavan.",SaravanaBhavan
Chennai,"I was taken here by a local for a quick lunch.  There are 3 ""dining"" options (quick-serve area, 'dinner style' and a dining room) ... we ate in the mid-tier area.  Its not fancy, but food was excellent, fast and cheap ...  and the waitstaff was surprisingly pleasant and helpful.   You must try the pancake filled with a tasty mashed potatoes (looks more like a crepe) and the traditional Filter coffee.",SaravanaBhavan
Chennai,Mouth watering south indian dishes and meals. Great atmosphere and ever obliging staff. Good value for money.,SaravanaBhavan
Chennai,"Choose the 1st floor, that has AC and good seating. Variety is abundant however, when in Rome, do what the romans do - hence I took South India Limited Thali - big enough for me!",SaravanaBhavan
Chennai,"Only Plain Dosa and onion baji available at 4pm, (Our time of visit)  Maybe they were too tired or did not care, service request had to be repeated. Good thing only here for a day in Chennai City",SaravanaBhavan
Chennai,"Had been there for an evening dinner. Good quality and variety of food , good service. Value for money.",SaravanaBhavan
Chennai,"Indian Cuisine is as diverse as its culture, languages, regions and its climate. Every major region of India brings its own unique dishes and subtle variations to popular dishes. Aromatic Spices are the essence of Indian cuisine. This is the unique formula at Hotel Saravana Bhavan, chain of  Indian vegetarian restaurants follow, to build their businesses across the globe. Hotel Saravana Bhavan is one of the largest vegetarian restaurant chains in the world, founded in 1981, and specialising in South Indian Vegetarian cuisine. Each new restaurant added to their network carries the legacy of good taste and quality. The trust that the customers have placed in the group of hotels has been a motivating factor in exploring new destinations. Today, the group has its presence across 30 outlets in South India (with 20 outlets in Chennai itself), 3 in the North and in 18 countries, with 80 outlets all across the globe. They have come a long way in creating a niche among the Hotels and Catering segment. They ensure that their customers are their strength and make them feel at home. One can eat in, take-away, or have it catered for you. The feeling is friendly and the food is fabulous. Whenever you need it, wherever you need it, it is your own unique world to eat. Their services include Fast Food, Take Away, Home Delivery, Outdoor Catering, Party Orders, etc. Until the 1970’s, there were very few restaurants in Chennai. In 1968, Shri Rajagopalan, the owner, opened a tiny grocery shop on the outskirts of the city. Shri Rajagopalan’s vision and a keen desire to take his concept worldwide was a gradual process. By the 1990s, the Saravana Bhavan chain of restaurants spread throughout neighbourhoods in Chennai. In the year 2000, Saravana Bhavan opened its first overseas branch, by inaugurating a restaurant in Dubai, which has a large population of Indian expatriates. We, as a family, recently visited Hotel Saravana Bhavan’s Anna Nagar branch for brunch. They serve a variety of great vegetarian dishes, South and North Indian and also Chinese (Indian version). The ambience is good and their service is quick. We had a variety of South Indian breakfast, which was well prepared and tasted delicious. Their filter coffee is excellent!",SaravanaBhavan
Chennai,A good place having a good meal then just in time happy to have family and with friends good ambience,SaravanaBhavan
Chennai,We visited this for dinner when we stayed in hotel Victoria opposite to this. Service is fast and food is tasty but costly. We ordered 2 juice here and they charged 230 and given in large quantity in masan jar but it's not that tasty and sweet is more. They will give small juices also but they did not inform us that before ordering. So ask the price before you order juice here. Cleanliness is not that good just ok.,SaravanaBhavan
Chennai,"Its well renowned eatery near Egmore railway station. Food tastes good here and the service is quick, gets crowded during lunch hours.",SaravanaBhavan
Chennai,This is my favorite hotel and the have same branch in Kerala. Most of the day's I will go there for to get a good breakfast.,SaravanaBhavan
Chennai,The Staff were extremely friendly and greeted us as we walked in. The order was promptly taken and Lunch served with no delay. The level of Cleanliness was super. Last but not least the Food was delicious. Will definitely recommend this restaurant to family and friends.,SaravanaBhavan
Chennai,"Safe, delicious and affordable variety of dishes provided by this chain of restaurant. They are located everywhere and it should not be difficult to find one. Sometimes very crowded during lunch hour.",SaravanaBhavan
Chennai,Awesome hotel .Awesome Food. The thali is awesome. The food is ony for vegetarian people. Non Veg food not available,SaravanaBhavan
Chennai,"We order special meals  known as ""Thali meals"" having all type of south indian lunch dishes. It was tasty.",SaravanaBhavan
Chennai,The taste of the food is very good but it's very costly. Sambar idly is a must try. I'd given 5 stars if not for the price.,SaravanaBhavan
Chennai,It is very good hotel i knew in chennai. here meals was very good to eat. Cost wise little bit high compared to normal hotel but quality is very very good. i suggest this hotel to all.,SaravanaBhavan
Chennai,"We had visited during Aug month for lunch and ambience maintenance which used to be good earlier had degraded very badly and glasses, seats and tables are not cleaned and myself informed to clean till that time no one had interested to do the same. Ordered mini thali and Food Quality was worst. Same informed to them but of no use. Also staff behaviour was very worst, felt as if am standing in road side shop (atleast there they provide some customer centric work) overall not value for money sure will end up with dissatisfaction and disappointment for the brand name created. Not sure its run by their management or it has been provided for lease and run by someone.",SaravanaBhavan
Chennai,Brilliant Madras food as always. The service is fantastic & quick. The ambience may disappoint some!,SaravanaBhavan
Chennai,"The restaturant being highly recommended by our driver and locals, we went there with high expectations. Though we were not disappointed, I would pay it only one visit and only when I wanted to eat. The service was very good but the dosa and rice both were served cold. The rasam was good but the yam curry was spicy, and passable at best.",SaravanaBhavan
Chennai,Never miss this place.... Visit for healthy and tasty foods... Price is not cheap but reasonable... The crowd witnessed the popularity.,SaravanaBhavan
Chennai,Visited  2 different branches over 2 days. Authentic mouth watering South Indian food Good ambience and excellent service staff.,SaravanaBhavan
Chennai,Think of a restaurant in Chennai and the first place that comes to the mind would be Saravana Bhavan. They have the best of South Indian food which is affordable and unbeatably tasty. Their parotas are perhaps the best in Chennai! They have branches at almost all over the city. So the next time you visit the city don’t miss Saravana Bhavan.,SaravanaBhavan
Chennai,"Saravana Bhavan is the largest South Indianvegetarian restaurant chain in the world, founded in 1981 in Chennai, Tamil Nadu, India.[1] They have more than 33 locations in India (20 in Chennai) and 47 across several countries in Southeast Asia, Australia, the Middle East, Africa, Europe and North America.[2][3]",SaravanaBhavan
Chennai,I will eat only Saravana bhavan for vegetarian food.Your stomach never get hurt.Always good for health.The taste remains always wherever you go....the most trust worthy name...I am eating last 10 years with the same taste in all the branches... I guess they are using same quality product all over... Its a bench mark of the vegetarian hotel,SaravanaBhavan
Chennai,Good in taste. Good in variety. Good in quantity. Fresh and nice for stomach too. Im not a foodie but liked the simple n tasty food.,SaravanaBhavan
Chennai,MAN GO PREPARE TO FALL SICK AVOID UNDER ALL CIRCUMSTANCES,SaravanaBhavan
Chennai,"I thoroughly enjoyed the Gee Roast Masala Dosa in Saravana Bhavan, T Nagar. It was awesome. The sambar & chatni were amazing as well. Look forward to go there again.",SaravanaBhavan
Chennai,We went to Radhakrishnan Salai branch for dinner .. most of the varieties were not available though we went quite early for dinner.. it was quite expensive and taste was also not the way it used to be.. we came out quite disappointed.. and half the restaurant was empty !!,SaravanaBhavan
Chennai,My recent experience with Saravana Bhavan restaurants are not very good. I feel the food quality has degraded. Older restaurants within the city carry a shabby appearance. I still like to visit them and like some of their food. Saravana Bhavan used to be the best place for vegetarian food.,SaravanaBhavan
Chennai,Ambience - Very basic and below average Good - Good but not great. Price - Slightly over priced looking at the ambience Hand wash area- Very basic Staff - Good but not excellent. Most of them are in hurry. Won't attend you immediately. Some of them don't understand english. For outsiders its a challenge.,SaravanaBhavan
Chennai,The food quality is good and consistent with attentive service staff. The combos are a great value and I love their rava masala dosas. If you are craving for south indian thali or dosas and idlis this is the place to go.,SaravanaBhavan
Chennai,Chennai seems to be owned 50 per cent by saravna bhawan No street without sarvansh bhawan restaurant starting from airport One T nagar market is full of saravana bhawan shops selling everything,SaravanaBhavan
Chennai,Once upon time it's is the well known veg restaurant but now it has lost its name and quality. No proper staffs. the quality and the quantity of the food has gone down. Not worthy for ur money. The staffs are very rough and bad. U can't see a smile on any one's face. Don't waste your time and money. Sorry to reveal the truth,SaravanaBhavan
Chennai,I have to admit when I travel I don't always gravitate towards veg meals but the food served as Sarvana Bhawan is brilliant Their wide and extensive menu of south Indian foods makes them the perfect choice on a budget saver as well as super tasty eating.,SaravanaBhavan
Chennai,I had south Indian meals for 175/- The food quality and quantity both are very good. The staff is also very good.,SaravanaBhavan
Chennai,Saravana Bhavan is quite famous in Chennai but they are using the name to mint some money. These days taste is not so great and food is too costly. It is clean than many restaurants in chennai.,SaravanaBhavan
Chennai,"Taste is  good, the cost is expensive. Place is neat, clean and hygiene. Parking facilities is not there.",SaravanaBhavan
Chennai,The hotel saravana bhavan restaurant is very nice place for fooding. We are enjoy there food items. The food items are very tasty and yummy.,SaravanaBhavan
Chennai,"Was told by my colleague while I was preparing to go to Chennai "" Don't come back unless you visit Sarahana Bhavan anywhere in Chennai. So took a pit stop on my way to airport at Sarahana Bhavan at 7 pm. Dinner time was 7.30 pm. So gorged on Mysore Paneer Tikka Masala Dosa. Wowwwwwwwwwwwwwww taste. Pure butter dripping. Dosa was exactly as I ordered. Sambhaal had the authentic spices n giving ultimate taste to the buds. Then I also bought some mysorepak sweet n farsaan. The curry patta gave sumptuous taste to sambhaar. No local cooking of food happens in the outlets but central kitchen provides the lunch n dinner menu thereby keeping the taste hygiene uniform throughout all the outlets cum eateries. Guests with traditional south indian wear were entering the hotel as if they are entering some temple sanctum. An experience in itself. Must visit n gorge chain of hotel. A truly heavenly experience.",SaravanaBhavan
Chennai,"On Tuesday July 10th, 2018  was invited to a business lunch at the Peters Road Saravana Bhavan.  Was one of the worst experiences.  First off, no one bothered to seat us for a full five minutes.  Several items on the menu were not available.  We were a group of four and instead of the items arriving together for all four, each of us were served at different time points.  So much for a group lunch.  We had a choice to let it sit and become cold till the others food arrived or eat alone. No spoons, etc. were offered or served and when asked for one, each of us was given two spoons.  Go figure !!!  The chutneys served were very stale.  Yoghurt rice was tasteless.",SaravanaBhavan
Chennai,The hotel has become very commercial and costly. The behaviours of staff also have became very rude.They dont treat customers nicely especcially people in safari. If police ppl comes they give priority for them instead of customers.kindly teach your staffs how to behave and manners,SaravanaBhavan
Chennai,"i order mini tiffin. that sambar idly was too hard, regular idly too much katta, coconut chutney good, pudina chutney very good, but thay  not refill",SaravanaBhavan
Chennai,"Good traditional food and nice atmosphere, always we have a great time with family here. Fresh juice and coffee are my favourite here.",SaravanaBhavan
Chennai,I've been in Saravana Bhavan many times in many placed including overseas and noticed that the food quality everywhere is same and ethnic. Seriously no comparison that other Restaurant having South Indian meals. THE GOOD ONE.,SaravanaBhavan
Chennai,I always like to eat vegetarian and always like to go to Saravana Bhavan restaurant but they need to keep clean and free from roaches.,SaravanaBhavan
Chennai,"In Ambit mall, Ambattur Industrial Estate branch, before visiting all customers should think thrice due to the worst quality and nonsense taste. I think it is better to stop going there or buying take away. They started cheating and looting customers in the brand name. Ghee roast does proven No ghee or oil or water. It was a bland dosa which we ordered 6nos. And thrown in dust bin. Even street dogs refused to eat the same. Better this restaurant should be closed down or revamped immediately. Waste of money and time for next visit",SaravanaBhavan
Chennai,Nothing to write about just average food and routine & mechanical service. The plus point remains .. that the service is quick and order is delivered in no time ...,SaravanaBhavan
Chennai,This place used to differentiate based on taste variety and service but unfortunately now there are a ton of places which offer at par or better. They have not kept up with time and we did also notice issues which quality especially with worms in our food. Perhaps it was one off thing but is definitely memorable.,SaravanaBhavan
Chennai,And it will never change. The same service the same mindblowing food! Can go there again and again. The filter coffee is to die for!,SaravanaBhavan
Chennai,It is a restaurant. all types of food items available here. taste of food is also amazing and tasty.,SaravanaBhavan
Chennai,The place is heaven for foodies it offers great taste and variety of food though the comfort and provecy level is not up to that Mark but the taste is great overall really enjoyed the food,SaravanaBhavan
Chennai,Hi all my family had a great experience in saravana hotel by having a wonderful dinner.. Really we all enjoyed the food.,SaravanaBhavan
Chennai,"Good service friendly staffs high level of quality ,delay in service... less quantity for price paid.",SaravanaBhavan
Chennai,Nice food authentic south indian. A must visit place if you are a foodie. South Indian food with courteous. It's crowded mostly. Closes at 9pm at night.,SaravanaBhavan
Chennai,Had been here this evening n not worth the money. Idli was hard like stone n coconut chutney spoilt n sambhar not good. Service poor n overall bad experience n quality gone. Only car parking good.,SaravanaBhavan
Chennai,"The food is decent and nice. Cleanliness can be worked upon a bit. But it’s bankable place to go to. There are other options for Tiffin (thaali, meals) available. But this is most easy to find due to multiple options.",SaravanaBhavan
Chennai,"Always love to come here to have south indian food. The masala dosas, the vada sambhar are really good over here.",SaravanaBhavan
Chennai,Had lunch there was great service good. Very popular place busy during lunch vegetarian restaurant great,SaravanaBhavan
Chennai,If I get a chance to just dine in one restaurant for a lifetime. It would be Sarwana. Its a really wallet-friendly and taste-worthy chain. I am a vegetarian and love southindian and whenever i go to chennai i just hog on to this place.,SaravanaBhavan
Chennai,While in Chennai we opt to visit Saravana Bhavan restaurants to taste the authentic south Indian preparations. Their Ghee roast and  Masala Dosa fantastic in taste. The premises are always busy for lunch and breakfast but evenings are enjoyable.,SaravanaBhavan
Chennai,"Saravana Bhavan is one of the best vegetarian restaurants that I've had the pleasure of dining at during my stay in Chennai. The restaurant offers food of good quality, at rates that are absolutely affordable.",SaravanaBhavan
Chennai,If you visit chennai u must go to saravana bhavan and enjoy ac executive lunch. A big thali delicious thali. Typical tamilnadu meals is served . Best place to taste tamilnadu sappadu,SaravanaBhavan
Chennai,one of the best veg hotel to go with your family for dinner...very useful for travellers who travel through egmore station...hygiene food...,SaravanaBhavan
Chennai,Wide variety with reasonable price. There are many branch of this hotel. We had our lunch for 2 days at the same hotel at Spencer Mall.,SaravanaBhavan
Chennai,"Wanted to taste the special lunch being served at HSB. Went twice- once for a self service and second time in a AC hall lunch, where 23 items are spread. Self service lunches are of limited in quantity and also items. But more than adequate for one person to quench his hunger. But when they deny that Curd is not available, or say extra papad is not available ... you might get upset. On the AC hall lunch, yes... the spread is too good... no side effects on the food items... tastes homely and safe too. Many can’t even finish all the items being served. May be as a suggestion, they can serve all liquid and semi liquid items in a small cup so that they neither run out of leaf nor mix with other items and one can enjoy their taste better. The ‘laddu’ Was a bit old, I guess... as 8 could sense the old smell ... Worth the money... and as an experience it’s good . Good staff and they take care if you. Thanks",SaravanaBhavan
Chennai,"Quality is what you get when you find at saravana bhavan. Has a long history and have got better day by day. Only place to eat authentic South indian dosa with their ever tasty coconut chutney. The key to their quality is best ingredients, experienced cooks and courteous staff. Never to be missed at Chennai!",SaravanaBhavan
Chennai,Mini meals are good enough if your are very hungry as quantity is quite a lot. Very tasty Tamil food,SaravanaBhavan
Chennai,Good food..crowded too much. Best place to experience south India food is this place. Gentle service.well behaved waiters and great hospitality,SaravanaBhavan
Chennai,nice restaurant and very testy foods and management very mention the dining area parice allso normal price take way allso available .south indian meal very good and normal price all ovear chenai more then brach in sarvana bhawan.,SaravanaBhavan
Chennai,"My daughter,my husband and I had a very tasty lunch. We ordered lunch and it was prepared within minutes. So fresh and tasty. We didnot like to have buffet lunch. But the lunch from ordered menu was delicious",SaravanaBhavan
Chennai,"Though prices are slightly higher as compared to others but quality, service and taste of food provided by them makes it negligible. A crowded hotel which provides varieties in food.",SaravanaBhavan
Chennai,Decent restaurant good food but expensive. Price is in excess for the quality. Consistently tasteful. Located in many places across Chennai.,SaravanaBhavan
Chennai,"As usual, the place milled with crowds but what was missing was the neatness of yore. Earlier, the place would look a lot more spic and span. Right family clientele is still there but the homely touch has given way to commercialization perhaps.Food is good but cannot be called A1. Perhaps more branches everywhere has made it look the way it does now. Dosais high class but I have savoured better filter coffee elsewhere and possibly at most other places. Wake up saravana and smell the coffee- you will probably realize that others are better.",SaravanaBhavan
Chennai,It's a great place to enjoy authentic south indian food with family and friends. It's a must visit place when visiting Chennai.,SaravanaBhavan
Chennai,"This is  a good restaurant with decent food, good ambiance and amiable staff. Nice food, but the quantity is a little less for the price....... But nevertheless it is an excellent place for lunch with one's family.",SaravanaBhavan
Chennai,"We had our dinner and it was great experience to us,good service, clean And tasty food's,will be back one day.",SaravanaBhavan
Chennai,This is a good place to have a breakfast or a lunch. The food is tasty and expensive too. A lot of varieties but still the cost is one thing one might want to think while going to this hotel.,SaravanaBhavan
Chennai,They have this special taste that is maintained across all their branches. Their logistics management & quality assurance is superb. We can trust their authentic taste and go for food. Just we have to be prepared for a long wait if we are going in peak hours,SaravanaBhavan
Chennai,Saravana Bhavan! The name strikes just one main dish. Sambar! Years of hard work and consistent flavours brought a global recognition to the place. And everyone thought this restaurant meant South Indian food. However in the recent times after the change in management the quality and the quantity seem to have faded. It’s disappointing to those who have been regular customers and have been closely associated with the brand. It’s a rat race and the restaurant industry has become extremely competitive. High time they try and start working on improving the quality of food and flavours than promoting it as a brand.,SaravanaBhavan
Chennai,Awesome Veg Food in chennai.If you like South Indian food you should visit this place.nice taste and quantity.,SaravanaBhavan
Chennai,Good south Indian food. Fast service. Lassi was sour so they cancelled the order. We used the AC hall on 3rd floor (recommended).,SaravanaBhavan
Chennai,One of the best veg food I ever Visited. So much variety and taste is excellent. Being non lover I really loved the food at Saravana bhavan.,SaravanaBhavan
Chennai,"This restaurant chain is a must visit during your stay in Chennai. Otherwise they’re all across the world with a number of branches. We tried the South Indian Vegetarian Thali/meal, which was superb. The rasam is really yummy as is the total Thali. Go for it !!",SaravanaBhavan
Chennai,"Perfect ambience, great food , taste is amazing, I order tomato chill uthappam and curd rice and it was the best",SaravanaBhavan
Chennai,One of the best vegetarian restaurant chain  hotel in Chennai..very taste and hygienic..nice combos.. sweets also nice,SaravanaBhavan
Chennai,One of the well known Nice restaurant famous for its food quality. One can visit here along with family friends to get real taste of South Indian foos,SaravanaBhavan
Chennai,What a great find this was your in for a real treat here great choice of traditional food at real prices unlike rip off hotel prices put these places on your must visit list they have outlets everywhere,SaravanaBhavan
Chennai,"We stopped for a quick lunch..this is a chain that serves a consistent veg menu whether in Singapore, Malaysia or N Cal USA. With this said the food was good.. price and quality ok for what you pay. We had the S Indian Thali meal..average taste..quick and rather hasty businesslike service...attentive to what we needed though!",SaravanaBhavan
Chennai,"Good Place for Vegetarians and has spreaded for 3 floors, very economical and reasonable pricing and the food is really good and worth for money.",SaravanaBhavan
Chennai,"While the food used to be good about a decade back; now it is over rated, and crowded place.  The food is not as tasty as it used to be and nobody is too bothered about it.  Service is also lousy and they are not bothered too much as the establishment is doing brisk business.  Time to introspect...",SaravanaBhavan
Chennai,Saravana bhavan has lost its taste and its service. The dosa and idli is OK but it's chutneys are  the worst I've tasted to date. The coconut chutney is worst. Service is so lathergic that it hurts to wait for the ordered food to arrive.,SaravanaBhavan
Chennai,"Visited this place for breakfast about 9:00am, the restaurant was not crowded hardly 3/table was occupied and there were about 8 staff there chit chatting.. To take order, just you to make a loud voice to call them or attract them..",SaravanaBhavan
Chennai,I was from coimbatore to chennai with friends for a marriage function. And decided to eat a food and went and buy dosa.,SaravanaBhavan
Chennai,"I was on a tour to chennai and decided to have food at famous sarvana bhawan. Being a delliwala, sarwana bhawan at delhi is just awesome and mind blowing place. I was not happy with the ambience and service. The quality is not at par with New Delhi. The place is also not well maintained. Didn't expect such service from SARWANA BHAWAN.",SaravanaBhavan
Chennai,"It's a pure vegetarian restaurant with lots of branches.They have a/c & non-a/c floor with the same menu but difference in price.The ambience is clean, good is awesome, fast service.",SaravanaBhavan
Chennai,I always go there only for their Ghee Masala Dosa which is my favourite Good food but only one thing is lack of service. They do good service but not everytime and the price is not worth for service but for food.,SaravanaBhavan
Chennai,Tasty and delicious food. So far I have no complains when dining at this hotel. Food is reasonably priced compared to other hotels..,SaravanaBhavan
Chennai,"This place has an extensive south indian menu. Even the parathas here taste delightful, and the all vegetarian dishes are easily the best food available for the budget conscious.",SaravanaBhavan
Chennai,"Saravanabhavan has many outlets. We went to the ashok nagar outlet this time. In ambience, it falls a bit short to the other outlets but the fare is the same. The service is prompt ,amiable and efficient. The taste is as expected in saravanabhavan. The rates reasonable. Tips are not welcome. They politely returned the tip I left along with my payment.",SaravanaBhavan
Chennai,I have been to many of their restaurants lot of times. But the quality of food is coming down and the cost is going up. Too much of hype and too costly for the typical south Indian food they serve. There are lot of other chain restaurants serving similar food at much lower price.,SaravanaBhavan
Chennai,"Authentic, earthly south indian food. Tried the mini tiffin this morning, it was nice and simple. The service is slow, but its still alright. But do not expect anything very different, the menu has only south indian dishes like idli, dosa, puri etc. A meal for two will cost around 500",SaravanaBhavan
Chennai,We went to 2 establishments of Sarvana Bhawan for lunch on two successive days. The one in Mylapore was average. The service and the food is nothing special though we sat in the AC section. One of our party ordered a Dosa which was fine but the meal was not up to the mark. The second day we went to another Sarvana Bhawan a little further out. Here we ordered Dosas only having learnt from our earlier experience. This time the food was very much better and the service was also very good. A little mixed experience.,SaravanaBhavan
Chennai,"I have had great experience at Sarvana Bhavan earlier in Chennai and Delhi and have been recommending the same. However, during my recent trip I found the place to be below par. Had meals at Mylapore where the AC hall had apparently no Ac and food was average. However at Vadapalani the service was simply outstanding.",SaravanaBhavan
Chennai,saravana bhavan perungudi on omr is a fave haunt for a snack or coffee and sometimes a meal combos for breakfast and evening snacks saves one the bother of deciding amongst the myriad options and meals both south indian and north indian give ample choice in the evening also get samosa and pani puri with chaat items.. those are best coffee combos have started for the wake up from night shift or neighbouring bachelors which is also great midnight delivery till 3 am is also a boon for nearby residents,SaravanaBhavan
Chennai,This food chain is life saver of veggies all over the world. Famous for their authentic south Indian thali but offers a video variety of you do have a liking to that.,SaravanaBhavan
Chennai,Our friends in Chennai invited us for a meal at Swarn Mandir where the food was delicious and really satisfying. Whatever we ordered was served with a smile and the helpings were really large.The grub was mouthwatering and delicious. Perhaps that is why we had to wait for a table. The best part was that the rates were very low. I could never imagine that it was possible and practicable. I would love to go there again as and when possible.,SaravanaBhavan
Chennai,"Good parking space... south indian food flavourless..loosing identity in endeavor to serve multi cusine.. sweets are good.. better place for south indian food is murugan, sangeetha buy this place is loosing its sheen",SaravanaBhavan
Chennai,"Authentic South Indian flavour whether it is morning breakfast, lunch or dinner.  Specific North Indian cuisine also available.  Filter Coffee to top it all.  The food is the same throughout the chain of hotels",SaravanaBhavan
Chennai,"If you like South Indian (quick) lunches, come over here! So, they cook in the authentic Madras Fashion and their food is scintillating and delicious Worthy of many more visits! Apparently there are more of these Saravana’s about the city and all are equally as nice! Well done and thanks",SaravanaBhavan
Chennai,Veg food very nice ghee roast with 3 types chettny with sambar nice filter coffee finish good taste price high,SaravanaBhavan
Chennai,Amazing delicious hot south indian delicacy served with utmost love. Should never miss one visit whenever possible,SaravanaBhavan
Chennai,"You will find great cuisine over here with best food quality and facilities. You can go with friends, family and couples",SaravanaBhavan
Chennai,I went for breakfast take away. The ghee roast was very sour and absolutely there is no ghee in it and the price of ₹175 /- was daylight robbery. The coconut chutney was spoiled and the coconut milk for Idiyappam was spoiled. The quality is worse than a third rate restaurant. Not worth visiting,SaravanaBhavan
Chennai,"visited  sarvana egmore   on 28th Feb 23 ,quality of food has deteriorated  we had ordered for chapati korma very spicy  and chapathi half cooked  the sabji they served was kadali curry &korma .",SaravanaBhavan
Chennai,The breakfast and dinner served was awesome. Your service and hospitality is also great. We enjoyed the stay in your hotel. Thank you very much.,SaravanaBhavan
Chennai,"Worst service i ve experienced in any Saravan bhavan outlet. the bearer doesn't have the courtesy to visit for 15 minutes and ordered never seeved for 30 minutes. i was waiting to see what they are going to say, but pathetic they were to smile and say just sorry. Such a pathetic service. Will never recommend anyone",SaravanaBhavan
Chennai,Poor Service ... Poor Quality Food ... Unhygienic ... Servers Are Least Interested In Doing Their Job ... Sad To See Once A Reputed Brand Now Going Downhill ...,SaravanaBhavan
Chennai,"Neat and clean and good food. Quality is good and staffs are very friendly. The veg thali and biriyani, mini meals I tried very good",SaravanaBhavan
Chennai,The food quality is not like before. The meals that they served had two name sake vegetables and some salted channa left over from channa bhatura making. Nobody to serve extra sambar or rasam. The attitude of the serving staff was so so horrible. Relaxed careless annoying behaviour and slow service. No menu card is given. We could understand that this is not an aberrational behaviour on that particular day. Was very obvious that this has become the habit of the restaurant.Its so shocking to see such a decent hotel has degraded to this level.,SaravanaBhavan
Chennai,"Must visit, here the breakfast and lunch really awesome taste, especially chutneys, excellent taste, and too good ambience making my visit really so successful, especially their ambience really quality. Hospitality is really awesome",SaravanaBhavan
Chennai,"There is no coordination… after ordering, waiting half an hour… they are saying ordered food not available.again ordered revised…. Then they forget that revised one and fighting … finally got the worst tasted food also…. Eating the some flavored parota",SaravanaBhavan
Chennai,Coffee cost 40 rs. Half ltr milk is around 25rs where you get 4 cups of coffee. How come Saravana bhavan charging 40rs. How come fools of chennai accepting it. People of Chennai should demand for closure of restaurant all branches in whole india.,SaravanaBhavan
Chennai,If your thinking old Saravana bhavan quality food is not there.just  other hotels type food only you are getting,SaravanaBhavan
Chennai,Legendary restaurant with a taste consistent ever for decades. Always look forward to being part of the dining experience here & feel the authenticity.,SaravanaBhavan
Chennai,Had gone for breakfast and it wasn't crowded but the hospitality was vry poor and we had to literally wait for half hour to place our order.,SaravanaBhavan
Chennai,"Visited here after long train journey for breakfast Very limited choices, thali or indian pancake wraps Reasonable chai & coffee",SaravanaBhavan
Chennai,Went inside the restaurant thinking it as regular Saravana Bhavan. Realised that it served only organic food. Initially had some apprehension. Later it turned out to be a better than expected experience. Lovely place to try out southy food.,SaravanaBhavan
Chennai,"Hsb was perhaps one of best south Indian joints spread in many tamilnadu towns n no more one had to worry about food while traveling out. The quality of food has dropped so has its service n people. Cost remain sky high. This said the food is certainly eatable. If ur traveling n u don't one, u can have a decent meal. Food quality 3.5 out of 5,service 3.5 out of 5, ambience 3.5out if 5, cleanliness 3.8 out of 5, parking facility 3.5 out of 5, rest room cleanliness 3.8 out of 5, cost 3.2 out of 5, time of delivery on ordering food3.8 out of 5.",SaravanaBhavan
Chennai,"I think this one of the best restaurant in Chennai for south Indian food for its authentic taste and reasonable price. Being from north India, I had faced some language problem, and I was trying to get help to understand various dishes and their preparation. Their support staff was not very helpful as they were keen to take orders instead of trying to help a customer new in city, this is the area they should improve. We had meal for lunch (sapad) and it had good taste. Dosas (ghee dosa) was excellent too.",SaravanaBhavan
Chennai,"I went there alongwith a fellow traveller i met during my solotravel in southindia, we ordered a dosa and an Uttapam as we were hungry like anything (after 150km bike ride in kerala) Their dosa size and taste just exceeded our expectations, it was so much apt for two people and we were already feeling like we wont be able to eat anything over and above that. The flavour they add to just left us wanting for more! And the staff service is superb too, they value their guest’s time :) 5 on 5 to saravana, i am sure their other branches would be amazing too! Strongly recommend it to all who wish to treat their taste buds with ultimate food :) i went the one situated in Munnar new town, kerala.",SaravanaBhavan
Chennai,The set meal and other South Indian à la carte dishes were delicious. It was reasonably priced and worth it.,SaravanaBhavan
Chennai,Enjoyed superb well prepared meals. Its very difficult to compate the taste. We were very satisfied and would recommend to anyone. Try once and you will not go anywhere  else. Simply Top class.,SaravanaBhavan
Chennai,"After we enter inside , it took 20 min to take order and before you get the lunch. Your hunger will go high. Don't waste time by entering into this Hotel . Better visit some normal hotel",SaravanaBhavan
Chennai,Great value for Money. Excellent Variety. Friendly and helpful staff who take time to Explain the dishes. Food arrives quite fast. Highly recommend the Banana Leaf South Indian meal.,SaravanaBhavan
Chennai,It's really a true taste for vegetarians but for non veggie?? Food tastes good but not as the taste which I tasted few years back. The taste dropped down. Don't wish to say more.,SaravanaBhavan
Chennai,"Full meals, Ghee roast, Ghee idli, Crispy medu vada, Mini tiffin and more.. Order anything and you will always relish.. Not all of the outlets will give you a great ambience, some are just plainly humble..",SaravanaBhavan
Chennai,Excellent hygienic  typical south Indian food at reasonable price.Highly recommended for all generations young and elderly.,SaravanaBhavan
Chennai,This restaurant is good at pricing since all the costs of the food items are much reasonable. Quality is average.,SaravanaBhavan
Chennai,"This was the best veg restaurant in the town some years ago , but today it becomes a lousy place . No proper service , the taste is pathetic.",SaravanaBhavan
Chennai,It’s only the name game. The quality is not different for any of the competitive hotels. You can get a better quantity and almost same quality with the price you pay at HSB.,SaravanaBhavan
Chennai,Costly food. Very less quantity. But tastes is tooooooo oooo good. Can visit with family one in a while.,SaravanaBhavan
Chennai,Hotel saravana bavan at mylapore is a must visit of you love vegetarian indian meal.  It's a clean resturant and the best mask is the lunch rice meal served on banana leaf. You get a variety of vegetarian curries with rice and also a desert at the end.  The quantity is unlimited for a fixed price.  Food prices are very reasonable.  There are a variety of good vegetarian options other than rice meal.  As always in india make sure you get bottled water or soft drinks rather than normal water.,SaravanaBhavan
Chennai,"Saravana bhavan (guindy) has lost a lot of repute after starting franchise partnerships. Food was undercooked. The idli was pasty. Dosa underdone. Sambhar tasted bland and the service was terrible. I had asked for food to be parcelled and when asked I was told all that I ordered was in the packets. But unfortunately when I reached home, I find the food isn’t all there, and I’d paid for it. The AC restaurant showed a sign that said open but no sign of waiters inside. A terrible experience",SaravanaBhavan
Chennai,"For me, a visit to Chennai is never complete without a visit to Saravana Bhavan. This is a no-frills restaurant with an extensive menu. I personally prefer the Thali, mini idlis dunked in sambar and obviously, the filter coffee. In my most recent visit, the thali was served in a banana leaf instead of a dinner plate and every item was served one after the other. It was just like my mom serving me lunch.",SaravanaBhavan
Chennai,"Had lunch at this restaurant. Was crowded. Service excellent. However, the tables and chairs could do with more cleaning.",SaravanaBhavan
Chennai,"Good variety, tasty and very affordable. Hot and sour soup is amazing. Thali is a good choice with many varieties to taste everything. Tea is very good.",SaravanaBhavan
Chennai,"Saravana Bhavan located Just before the airport. It has convenience of self service, service Non AC and AC apart from the coffee and sweets counter. The new option of coffee with biscuits served at 20rs is my favorite option. This restaurant taste is good and parking is spacious. Quantity of serving is minimal and pricey. Good option for a occasional hangout",SaravanaBhavan
Chennai,"Saravana Bhavan serves authentic Tamil style idli,dosa, vada with sambhar. Very good value for money. Delicious meals.",SaravanaBhavan
Chennai,"I love their Ghee-roasted Dosa with coconut Chatney, Puri with malsala photato and Idly of course. especially near Kapaleswar Temple Saravana is the best for me. Mouthwatering unique dishes with aromatic spices are awesome.",SaravanaBhavan
Chennai,"Its again one of my fav south indian restaurant. Beautifully maintained, neat añd clean, courteous staff and always full with customers. Price can be slightly reduced in comparison to quantity of food served.",SaravanaBhavan
Chennai,Went to Saravana Bhavan for lunch at 3pm. Almost crowded.order 3 south vege meals.served 15 mins after order.needed to wait for the rice.taste wise average.nothing great.,SaravanaBhavan
Chennai,"Amazing, authentic,yammi,Good quality, Hygine Food and Well trained servers/staff makes this Place one of must visit place",SaravanaBhavan
Chennai,"I am a Pure Vegetarian... and I go to Saravana Bhavan only for their ""Kesari"", ""Rava Dosa"" and their ""Authentic South-Indian Filter Coffee""... In general the food they serve is very tasty and they maintain good hygiene standards... Coming back to my favorite... Their Kesari is just out of the world... For those of you who do not know what kesari is... It is not so finely ground wheat cooked with saffron, sugar, ghee, nuts and raisins... It is truly awesome and you have to give it a try... The Rava Dosa is also outstanding.... and you can finish your meal with a Filter Coffee... Again out of the world...",SaravanaBhavan
Chennai,Have always loved the Ghee roast offered by this place. Do visit when the time permits when u r in Chennai.,SaravanaBhavan
Chennai,it is a well known chain of restaurants having presence all over the globe.,SaravanaBhavan
Chennai,"If you want good south Indian food when you are extremely hungry and just can't wait then this is the place to go to. Service is quick and food is delicious. A must visit when you are in South.  I have tried Saravana Bhavan in Chennai,  Munnar and other south Indian cities. Good, authentic south Indian food. Though if you are looking for ambience then you may have to elsewhere. This is a better version of your local Udipi joint.",SaravanaBhavan
Chennai,"Had lunch at the Saravana Bhavan in T Nagar. Was extremely disappointed with the quality of the set thali lunch. Each dish was not much different than the ones served at a normal restaurant. And to make matters even worst, the ambience wasn't appealing at all. It was crowded, noisy and the floor definately needed to be mopped! I could have skidded had I not been cautious. It is so different than what it was nine years ago!! I expected improvement honestly with the money that I paid.",SaravanaBhavan
Chennai,Very nice vegetarian hotel and food taste is not like before. There are more rush in this hotel. Need more clean and employee groom is not good. You can try this hotel,SaravanaBhavan
Chennai,Good food as usual.  Consistency!!! Authemtic south indian meals that will leave you satisfied. Slightly expensive though....m,SaravanaBhavan
Chennai,sheer recklessness in juice pricing mosambi juice is priced at RS.152 without ice... pl.go for menu cards and order in hotel saravana bhavan chennai or any of its BRANCH so that you can judge the total money you are going to shell out !!,SaravanaBhavan
Chennai,"Loved the service and the food. A great place for cheap, healthy and tasty food. Would go back again and again",SaravanaBhavan
Chennai,One of the famous South Indian Restaurant! Quality of foods good but price too High! There is no value of money ! I Love Coffee & Mini Idli.,SaravanaBhavan
Chennai,I found pure traditional thali here with lot of items and the place is very good and nice areas is very good,SaravanaBhavan
Chennai,Good clean & neat place. Dosas are very delicious. It has AC & Non AC restaurants .,SaravanaBhavan
Chennai,I went last month hotel sarava na bavan I order one plat idly sambar  and veraties satini but idly is not hot I Don't when they cook and price also very high,SaravanaBhavan
Chennai,"This place had car parking, AC/non AC restaurant areas, neat and clean place for excellent and authentic dosa, idli, vada, etc. Really good food and excellent value for money.",SaravanaBhavan
Chennai,"On a Friday which is the busy day, they still managed to give prompt service, humble and soft spoken team",SaravanaBhavan
Chennai,"Good Hotel, clean and Neat, Service is Fast, Food is Hyegenic too, no Stomach upsets. South Indian Dishes are good and mouth watering.",SaravanaBhavan
Chennai,this is superb south indian yummy hotel. that too reasonable price compared other chain of saravana bhavan hotel. but quantity is somewhat less only.,SaravanaBhavan
Chennai,"Good reasonably priced meals, visited in between lunch and dinner meals when only certain items / food is only served. Service is good",SaravanaBhavan
Chennai,"Saravana Bhavan was our great savoir, during our last visit to Chennai. This chain of restaurant have good variety of south Indian food. All food items for breakfast to meals are available and worth visiting. During lunch / dinner you may need to wait, or queue up behind people having food for you number.",SaravanaBhavan
Chennai,"This time the break fast, and lunch was served so quickly that we didn't even get time to gaze around. The dosa was crispy and satisfying. The lunch had myriad variety , all very deliciously lip smacking. Check out Saravanan Bhavan for the best hotel cooked yet homemade type of comforting food.",SaravanaBhavan
Chennai,Saravana Bhavan is known for its quality food and they keep it up to the mark. Good quality food and polite and friendly staff. Highly recommended to visit this place if in Chennai.,SaravanaBhavan
Chennai,When in chennai u have to go to have one meal in saravana bhavan. Food is served fast and hot. Good ambience and good food. I love the dosa,SaravanaBhavan
Chennai,"A good eating place, spread across Chennai and in selective towns. They have presence in several countries, namely in US, France, UAE, Malaysia and so on. A typical South Indian restaurant also serves a few Chinese and North Indian dishes made in South Indian style.",SaravanaBhavan
Chennai,"HOTEL SARAVNA BHAVAN WEATHER EGMORE OR ANYWHERE OF THEIR OUTLETS IN CHENNAI INDIA AND ABROAD  is a best place to have tasty, well priced and sumptuous breakfast. With added fruit juice you can easily skip lunch for a cup of coffee to feel light, agile, have agility and be always fresh + raring to do your work",SaravanaBhavan
Chennai,"This ""iconic"" restaurant dishes out bad food at higher prices for no reason at all. There are much nicer restaurants in the neighborhood (like Akshayam and Ananda Bhavan) that are cleaner and serve better food.",SaravanaBhavan
Chennai,HI i am AJCruz (@ajcruzing) i think i am eligible to rebiew this one of a kind vegan reataurant in the city . This is SARAVANA BHAVAN it is an amazing restaurant you can find all the varieties of south indian food in thsi restaurant . i went here when i was a little kid when it was real i mean REAL . i love the Paper Roast (now the GHEE ROAST ) and kesari seperate to order when i sit . Afternoon meals is fantastic . Nowadays though the Quality of food is no exception but i think the fun is out of equation It has become like evey other resaurant Just SIT EAt and GO . i but i recommend to eat there for thier Timeless Quality and Service . Perfection . They even have shop in the United Kingdom and the USA if you din't know .,SaravanaBhavan
Chennai,"Once it was Vegetarian heaven, everything use to be very tasty and thier service use to be wonderful, now a days the heaven is changing to hell. Thier food is not tasty like before and it's overpriced, sometimes Thier biryani is not hot and sambar which was Thier trademark has become water.only thier service and restaurant is clean.The  owners can open many restaurants but they should keep Thier tradition.",SaravanaBhavan
Chennai,"The thali here is a must try. It provides you with lots of katoris to explore. Food here is average. I much prefer Murugan Idli Kadai. Language here is a problem as mainly Tamil is spoken with a smattering of English; but then language is usually a problem in Chennai. Good place to have a quick bite and board a train, rather than buy food from inside the railway station.",SaravanaBhavan
Chennai,Only good thing was food .. Except all were below expectation. Service & ambiance were chaotic. Language is the biggest hurdle since no one speaks English or Hindi.,SaravanaBhavan
Chennai,Its the best Tamilnadu food I ever ate. I have been to chennai and got a chance to eat Idly sambar on day 1 in Saravana Bhavan. I was spell bound with the taste. Later ate lots of other tiffens. They were fantastic.,SaravanaBhavan
Chennai,"Located in the busy side lanes just opposite the Egmore railway station, this outlet is busy most times of the day.  It attracts people who are traveling, the moving crowd and the office goers nearby. The same ambiance and quality that SB is known for is maintained here too. Good place to have a quick bite and board the train, rather than buy food from inside the railway station.",SaravanaBhavan
Chennai,Excellent tasty South Food.Some of the waiters don't know English and it makes it difficult.One has to wait  for a while for an English speaking waiter to take the order.It will be such a pleasure if foreigners could be served by staff that communicate in English,SaravanaBhavan
Chennai,The Indian food is found here. With awesome taste. The place is very good to have lunch. Love the place.,SaravanaBhavan
Chennai,Yeh i have to say that food was good but price list was having bit big amounts. The structure of the hotel was also moderate not that much high-class. So if you have another option instead choose that.,SaravanaBhavan
Chennai,"Well the saravana bhavan at spencer plaza did not meet my expectations.Not only the food was over priced,the servers were very young and arrogant.Not sure if the servers are underage or 18.Seems like school age.Food items were so tiny couldn't fill a rat's stomach.On my maiden visit server brought the wrong item(juice).I complained and the manager sorted it out.But then the server who took the order threw a tantrum started making threatening gestures,making noise by throwing plates around IN FRONT OF THE CUSTOMER with the other servers simply looking on.VERY BAD EXPERIENCE VERY OVERPRICED.",SaravanaBhavan
Chennai,Have visited this chain of restaurants multiple times. South Indian food is awesome and quality is always maintained. A bit pricey but you wont mind it....,SaravanaBhavan
Chennai,Poor quality of food and very expensive. Quantity is very less. They struggle on peak hours to serve on time.,SaravanaBhavan
Chennai,"Hotel Saravana Bhavan,a vegetarian restaurant which was started in a small way has grown into a huge chain of hotels established in India and abroad. It is known for its taste, quality and variety of dishes. South Indian, North Indian and chat items are available. The prices of various dishes are moderate. At many of it's branches party halls are available and people can conduct small functions. Car parkings are provided. Morning breakfast, lunch and dinner are served. Tiffin items and variety rice are available at all times. Sweets and savories are also sold. Even though many other hotels have come up in competition to Saravana Bhavan it retains its place among the customers.",SaravanaBhavan
Chennai,"There is quite a lot of hep about the type of food served in Saravana Bhavan Hotels through out Tamil Nadu. The fact is that they give you less and take more from you. The quantity of side dishes served is very meagre and everytime you have to ask them. The price of foofd items is not at par with market rates and its high. There are other chains of hotels like sangeetha which serve good food at lower rates. Since Saravana Bhavan has got a name people prefer that , but there are other hotels more genuine clean and friendly than this chain.",SaravanaBhavan
Chennai,"Don't miss out if you are in Chennai, they serve amazing food at prices you cannot imagine. The service extra ordinary and very clean.",SaravanaBhavan
Chennai,We would recommend to visit this place at once during the stay. Food is tasty and reasonably priced. Service is good and same about cleanliness,SaravanaBhavan
Chennai,"Have tried some of the dosas and the lunch thali during 2-3 visits to the restaurant. Quick service despise heavy rush, neat and will maintained place. Their in house  fresh fruit ice creams are worth a try.",SaravanaBhavan
Chennai,"You get tasty authentic south Indian food at reasonable price. We had taken around 85 packs of snack box - with mini idlies, uttapams, sheera, pongal and 2 more items. The packing was perfect leak-proof and the food was real hot at the delivery time of 7:30 in the morning.",SaravanaBhavan
Chennai,To access this Branch in own car can be quite an ordeal. It is packed in a narrow lane opposite to Egmore Railway Station and lots of travels and tourists buses will occupy the road and small lanes. One advantage is it is very close to Egmore station and quality and taste of food is high class here.,SaravanaBhavan
Chennai,My colleague and I visited for lunch but totally disappointed with the quality of food. The  The dishes served in the meals were over-spiced with excess masala. The person delivering the food was unaware of the particulars in the and we have to keep reminding him  and asking him to get the remaining items. Overall the quality of food as well as the quality of service Have dropped in contrast to the ever increasing prices. Very low Value for money.,SaravanaBhavan
Chennai,I have been a regular customer to Saravana Bhavan since 1982 when a lunch costed Rs.2.90. Though the quantity is less they were maintaining good quality. But nowadays the quality is deteriorating.,SaravanaBhavan
Chennai,I would opt this as last resort taste n quality has gone down . people have better options than this .but if u want to feel d hype give it a try,SaravanaBhavan
Chennai,Excellent and clean food. Very fast and efficient service. Pure vegetarian food. Mini Tiffin and bru coffee are some thing nice to have. Value for money and very economical.,SaravanaBhavan
Chennai,"Had breakfast with friends and the food was good - idlis,  vadas and the coffee. Parking is limited and the ambience is good",SaravanaBhavan
Chennai,"1st visit to this place, since did not get a Table at the hotel and closest restraunt . We were a group of 7 all ordered what ever Dosa we could order.... All were just yummmy & delicious and nothing to beat the variety of chutney they offered. A must visit , next time round would like to try the South Indian Thali...which they offer mainly during Lunch.",SaravanaBhavan
Chennai,The food offered by this hotel is good.very neat surroundings.And their service are good.The rate of foods also reasonable.It will be a good option to all vegetarians for their food.,SaravanaBhavan
Chennai,It has many branches. Nice tasty foods available. I used to go MGR Nagar Saravana Bhavan mostly. it is near to our college. good services. children games also available. I can't forgot college days lunch with friends in Saravanas.,SaravanaBhavan
Chennai,Was recently on a business trip and the nearest vegetarian restaurant near to the airport. Clean and food is good.,SaravanaBhavan
Chennai,"Hotel Saravana bhavan, best and good facilities for customers , best and tasty vegetarian items, everyone like the tasty food, neet service",SaravanaBhavan
Chennai,"Though Chennai is known for its South Indian food , culture , people and their simplicity you will find good South Indian food on all looks and corners of the city But if you wish to eat authentic South Indian meal which is been served keeping all the hygiene methods in mind than this is the best place I have visited with my 2 foreigner friends as we're all on some assignment to Chennai! We were been served good South Indian food and in real authentic way ! We happen to have the tea which is 1 meter tea and did get the best South Indian food Try this place for value for money",SaravanaBhavan
Chennai,"The obvious choice for vegetarian cuisine that is hygienic, traditional and reasonably priced as well",SaravanaBhavan
Chennai,Often known to be face of vegetarian restraunt in chennai. They master the vegetarian taste as such. Fantastic meal options too,SaravanaBhavan
Chennai,There is a good variety of food to choose from and a range of juices also. We chose vegetarian dishes here,SaravanaBhavan
Chennai,"Meal was tasty and good. Service is prompt and good. Atmosphere is good. Practical, simple vegetarian meal.",SaravanaBhavan
Chennai,Verify of food... best suggestion for Multiple visits... It's bit above average budget hotel.. really recommendable for taste lovers,SaravanaBhavan
Chennai,"Was in chennai from Aug to Sept 2017, and we are vegetarian. So at the first opportunity we will seek out HSB to dine. The food is simply fantastic which I will recommend, The downside, prepare to wait before u are even approached to ask what u want. The staff are aplenty but they are not proactive when a guest sits at the dining table. After abt 5-10 min and numerous hand signals then they will approach u to take orders. They will be standing and chit chatting not bothering when a guest arrives.",SaravanaBhavan
Chennai,"Saravana Bhavan Spencer's Complex The experience was horrible. Food was bad I.e. The Dosa was dead with NO Crispness, Coffee was ok spilt all over. The people did not care                              !!! A COMPLETE LET DOWN !!!!",SaravanaBhavan
Chennai,Its well known for its vegetarian menu . All varieties of south Indian foods were available and fast food items also available,SaravanaBhavan
Chennai,Dosa along with watermelon juice is simply delicious . The place has a wide range of food products available. Choose any of them and you'll like it.,SaravanaBhavan
Chennai,"Being a vegetarian, Saravana Bhavan is a place I would always try whenever I have a chance. But might be due to the crowd service was below par that specific day. Food .. no complaints",SaravanaBhavan
Chennai,"The best food -- if i  go with a jain friend and he gets his food without onion and garlic which is a big plus point , we get fresh ingredients great ambiance and very efficient service staff , great value for money too",SaravanaBhavan
Chennai,Hotel saravana bhavan is very famous in Tamilnadu. The food is very tasty. I enjoyed a lot with my friends.,SaravanaBhavan
Chennai,"i have went with my friend for just evening snacks ,we have taken only one tea and one pomogrante juice at 200rs too costly . even luncha also costly my suggestion dont go for this restorent..",SaravanaBhavan
Chennai,"Though Saravana Bhavan is a well known name in south India offering variety of food particularly south indian food, however my experience is bit disappointing so far as quality of food and service is concerned. I have been to many restaurants of this chain, though some of the delicacies are gradually turnong disappointing. Small 14 idli platter is my favourite at this outlet.",SaravanaBhavan
Chennai,Good quality of food served with local greeting.  Portions are good with affordable price which majority of the patrons seem to enjoy as it is full most of the time.  Clean place.,SaravanaBhavan
Chennai,"I used to visit Chennai frequently during 2006-7. Where, May brother in law used to take us to the saravana bhavan. Since when I have become fan to this Chain of hotels. I go crazy about the Ghee Mini Idli sambar in their menu. A must dish that one should have when visited this hotel. This chain has been expanded in 132 countries across Globe. Just think the craze that one should have for this hotel.",SaravanaBhavan
Chennai,"Your truly local Indian cafe. Usually packed so grab a seat and muck in !   Eat as they do with your one hand , Its easier when you watch how they do it .  Delicious curries    Great service and very cheap  !",SaravanaBhavan
Chennai,"Unfortunately for all the hype around SB,  the place has gone down in quality.  What was once a fav place for most chennaites has now turned into a sad place. The quality of food has come down and so has the quantity while prices have seen a surge. With so many good bfast joints coming up,  if SB doesn't improve its quality of food,  they are gonna land up in trouble. Their theories of pricing is weird too.  E.g a juice without sugar and ice costs more.  Not sure if they still continue this practice though as this was from my earlier experience",SaravanaBhavan
Chennai,This is the best place to have vegetarian food. For non veg ppl sorry its not for you. They maintain highest quality.,SaravanaBhavan
Chennai,"Authentic Tamalian vegetarian mean to kill the hunger and to feel full, good for a non-working day because after eating all that, you wouldn't want to work and only sleep",SaravanaBhavan
Chennai,"Sarvana Bhavan, is surely a small places with capacity not more than 20 people. The food served is of good quality, taste is good, variety offered is quite decent. A Gujarati taste in Chennai is a nostalgic experience. The staff behavior is okay, personal touch or smile would enhance the experience. Since the place is small, it fills up fast. Hygiene segment can be looked at more cautiously.",SaravanaBhavan
Chennai,"Actual SARAVANA BHAWAN has to be spoken ABOUT-  It's the cheapest healthiest safest best cleanest, place to eat. FOR THE FAMILY AND FRIENDS.  THE RICH AND THE POOR",SaravanaBhavan
Chennai,The food served was very tasty and delicious but the attitude towards the customers have really go down.  There is no respect for anybody. During lunch if we ask for anything extra then every one looks like I have asked them to kill someone.  Please treat all customers nicely.,SaravanaBhavan
Chennai,"Idali, appam, idiappam, dosa .... sambhar-rice .... take it all. It's mouthwatering and delicious, served hot with accomplishments. Quick & fast service. One may try other varieties like khichadi and chhole. And the best part is its filter coffee",SaravanaBhavan
Chennai,Decent place with cost friendly options. Taste is no doubt good. I food hygiene issues and some major service issues that shall be addressed soon.,SaravanaBhavan
Chennai,"Saravana Bhavan chain of restaurants WAS one of the best restaurants in the city. Even if it was expensive, peopleople used to patronize it. They used to wait for an average of 30 minutes during holidays for their table. But in the last 3 - 4 years the quality of food and the service had come down. I am able to see vacant tables even during holidays. People have now slowly stopped going there",SaravanaBhavan
Chennai,i went there. i saw all the procedures being followed. i noticed cleanliness hospitality and well behaved employes.,SaravanaBhavan
Chennai,Saravana Bhavan in India and around the world is the best for the most delicious and delectable  South Indian vegetarian food. Love it and it’s amazing,SaravanaBhavan
Chennai,Great place to relish the authentic south Indian cuisine. This place is always buzzing with family eaters. Good Tasty food with decent service. This is a food paradise for south Indian food lovers.,SaravanaBhavan
Chennai,Paper dosa Idly Paneer biryani Superb as always Every outlet whether it be Delhi or chennai its always awesome,SaravanaBhavan
Chennai,We visited the hotel at 5*30 ordered bonda and after 15 minutes of follow up we were told that it's not available and they can serve dahi vada Or dosa. The original taste of ssravanabhava is missing.,SaravanaBhavan
Chennai,It used to best in town but I feel it's coming down now. Quality of the food and standard as gone down dramatically. I took my friends who are visit to the restaurant but disappointed. No value for money.,SaravanaBhavan
Chennai,good place to relish the authentic cuisine the place is always buzzing and u tend to never get a place Must visit ......,SaravanaBhavan
Chennai,an awful place to eat. used to be my favourite place but in recent years the food quality & hygiene is very poor.,SaravanaBhavan
Chennai,Consistently good food and very good service.  Very reasonably priced and good menu to chose from.  Handy & relatively quiet location in Kennets Lane.,SaravanaBhavan
Chennai,"Immediately after arrival at Chennai, I have visited Hotel Saravana Bhavan Restaurant, Ashok Nagar, Chennai for North Indian Thali. Food was very good, Excellent Service and also crew / staff behavior was very ggod.",SaravanaBhavan
Chennai,The food tastes good. But high priced for the taste. All vegetarian served with clean and good.. You could expect only little courtesy from servers. Parking and Restrooms available. Get a pre look on rates before in order to minimize the shock.. No suggestions on juices. Quality is up to mark.,SaravanaBhavan
Chennai,"hotel saravana bhavan serves tasty indian vegetarian food . it is the value for the money you spend on vegetarian food, the restaurants are busy but the service is fast good and courteous. a light tiffin or a heavy meal this restaurant is the choice .;",SaravanaBhavan
Chennai,Really good food and service. It's busy and packed but they managed to get our orders done quickly. Meals sizes portions were huge! So be aware ! Do not order too much !! Lol,SaravanaBhavan
Chennai,The food served was very tasty and delicious. The food server was polite . The enviroment also good condition . Too crowd but can manage to get place to sit.,SaravanaBhavan
Chennai,Without doubt the best place to have vegetarian food in Chennai.. I've visited this chain of restaurants at various locations and the quality of food provided is exceptional!! Their dishes taste like home cooked food and the staff are polite and most importantly wear gloves while serving... their meals for lunch is really good and I would recommend the south special meals..,SaravanaBhavan
Chennai,There are over twenty of this chain in Madras. The food (standard thali) was tasty and the servings were generous. The prices were very reasonable.,SaravanaBhavan
Chennai,"Visited their restaurant near United India Coliny, kadambakkam. The quality was found good but  compared to the price tag, the quantity supplied is smaller. Visited twice and on one occasion, ordered thali and found one of the item missing. Despite drawing attention neither that item was served not a discount was offered in the bill.",SaravanaBhavan
Chennai,Hotel situated in business district. food quality is very good but the service is average and ambiance  is very poor. it may be set as it is budget hotel . worth trying if you are visiting Chennai.,SaravanaBhavan
Chennai,Saravana Bhavan food is always tasty but of late the prices have become expensive. ALso the quantity is less compared to other hotels,SaravanaBhavan
Chennai,Though the cost of the tiffen are costly comparing  to  other  hotels quality of the  food items are good,SaravanaBhavan
Chennai,"Very good food, service Was upto the mark, located in good area, vast variety of food was available at affordable price.",SaravanaBhavan
Chennai,The food taste was good. Wide variety of menu is available. The hotel serves both south indian and north thali meals as well as variety rice.,SaravanaBhavan
Chennai,The one I went to was at 11pm in Mylapore on Dr Radhakrishnan Salai. They welcomes us even as they had closed and true to their established name delivered fantastic quality even as they were shutting down. My favourite of all places.,SaravanaBhavan
Chennai,V enjoyed the traditional south Indian food.good in quality and service.unbeatable taste.children love to eat it's Tamil sappad,SaravanaBhavan
Chennai,"had lunch at the restaurant in mylapore near the tank.  they have their a/c restaurant upstairs. The lunch executive meal was good but quantity is very less compared to the prices. Orange fresh juice large comes for a price of 160 rs.++, which is high priced.  Waiters expect tips thought it is displayed clearly that the waiters need not be tipped.  In all a good place to eat if you could swallow the pricey nature.",SaravanaBhavan
Chennai,"We visited hotel saravana bhavan with family on Sunday dinner.. Restaurant busy and waiting for table for long periods. It's not there mistake, food was excellent and delivery time was slow.. Only need to improve on that food service",SaravanaBhavan
Chennai,"Quite expensive, but clean and safe food. Situated at strategic locations, recommended for taste occasionally",SaravanaBhavan
Chennai,Day by day the taste are downstream. Waitress are not active and they don't show interest to supply food. Only the natural icecream are fantastic.  All food are ok type. It shows management not concerned about the customer. Trying to do business from the previous brand name.,SaravanaBhavan
Chennai,"Big place with sufficient parking area. It has self service counter, both AC and non AC restraunt. The dosa and  coffee were very good. The service is poor and takes time to get things done.",SaravanaBhavan
Chennai,Hotel Saravana Bhawan is one of the famous restaurant chain in TN. It is a good restaurant which serves typical south Indian food. A Must try in Chennai. I try different items whenever I visit Chennai,SaravanaBhavan
Chennai,this is one of the hotels in their group it is situated just opp to egmore railway station. neat and tasty food available of all south Indian and north Indian varieties. they will accept cash or card and even paytm is ok only negative is lill costlier than budget hotels,SaravanaBhavan
Chennai,"Hi.. It's my fav breakfast place... I love their mini idli .. it's kind of a place suitable for solo, couples, family, friends .. everyone ! South Indian food <)",SaravanaBhavan
Chennai,"How a Good restarent has becoming poor in Service & quality. This eating joint is very famous for its superior QUALITY. Now, it appears everything is LOST. ONE man takes order & serve for the whole of A/C hall. Simply the dinning minent has lost its charm. I donot wish to elaborate in detail. Very soon this hotel may loose its customer base.",SaravanaBhavan
Chennai,Saravanan Bhavan across the network provide very fresh and hygienic food however the ambience varies across the branches. Within the city the standardisation is in the quality and service can be found however the decor etc is different. In order to remain distinct and identifiable further quality standardisation and restaurant management is required.,SaravanaBhavan
Chennai,"Been traveling for for the last few days with food restricted to the hotel's breakfast and dinners, it was damn monotonous after 4 days. It was such a relief to have lunch here. I had a South Indian thali, and it's huge. Big on quantity And taste. After having stuffed myself to a pot belly, I finished off with a strong filter coffee. And that wrapped up my journey in just the perfect way. Such good food at a good price. Must try in Chennnai.",SaravanaBhavan
Chennai,"We visited Saravana Bhavan at Porur. Amazing quality, choice , service and all these at a very moderate price. We enjoyed the food on all the days during our stay at Chennai!",SaravanaBhavan
Chennai,Saravana bhavan is a good restaurant which serves typical south Indian food. Food here is good but I have an opinion on the service which Is a problem. The staff are no that courteous and arrogant. And the management has a lot of head weight being a big group. And the prices are way very high compared to other equally good Restaurants.,SaravanaBhavan
Chennai,"If you love south Indian Food, blindly visit this place, all food mind blowing, no words to describe about taste, cleanliness etc etc. Must visit.",SaravanaBhavan
Chennai,Hotel saravana bhawan is one of the famous hotel in TN.it is quiet budget friendly coupled with quality of the food.everyone likes to visit again and again.present branches everywhere.,SaravanaBhavan
Chennai,Restaurant was busy.. we came there after shopping but all food came little late. . For the food quality was maintained well and area was very clean,SaravanaBhavan
Chennai,During my Chennai office tour 5th june -8th june 17 had chance to eat Sarvana bhavan outlet in Vadapalani.I always try to eat at least once during my chennai visit,SaravanaBhavan
Chennai,HOTEL SARAVANA BHAVAN RESTAURANT located in kenneth Lane in Egmore is one of the reataurants of Saravana Bhavan which has established a Brand in Hotel Industry. this restaurant is located very near Egmore Railway Station which is a major link to various locations of India. The Station will be active all through the day so also the Authentic Hotel Saravana Bhavan Restaurant. Though the food is costly the taste attracts a large crowed who wants tasty food.,SaravanaBhavan
Chennai,"Whenever at Chennai, visiting Saravana Bhavan is on top of my list. South Indian Meal only at Saravana Bhavan.",SaravanaBhavan
Chennai,Clean.. Well. Maintained place to have a good meal.. Decent staff and fast service.. Should visit.. Tasty food..,SaravanaBhavan
Chennai,We went with lots of expectations but we found quality of food has gone down. Quality of foreign branches are much better than the Chennai outlets. Very crowded and not at all clean.,SaravanaBhavan
Chennai,"Chennaites most favorite veg restaursnt never dissapoints you in terms of taSte and quality, but for the price you pay the quanity is too less and hardly sufficient for one person.something the mangement needs to look into. Otherwise there mini idlis and vada sambar are my all time favorites.",SaravanaBhavan
Chennai,"Went for Saravana Bhavan, T-Nagar.  Had breakfast thali in an AC room.  There is a non-AC section as well.  Old style but, clean env.  Food was tasty especially, the chutneys.  Good value for money.",SaravanaBhavan
Chennai,I had gone there with lot of hopes as I had delhi Sarvanam Bhavan as my benchmark and hence was disappointed. Averge place and is OK for quick bites if u have low budget,SaravanaBhavan
Chennai,"First time went to this branch. I dont know how these people are maintaining same taste in all of their branches. I always prefer idly,special dosa or rava dosa in this Restaurant. You must prefer unlimited things due to taste of sambar and chutney.",SaravanaBhavan
Chennai,"If you are fond of South Indian cuisine ,One will find here a typical south india food.very prompt service, excellent food quality with reasonable charges.",SaravanaBhavan
Chennai,A good family restaurant for South Indian Food. The quality of dishes and snacks are steadily declining. The service too has taken a dip. It's fame and name of yesteryears that is keeping the chain hotel in Chennai in business.,SaravanaBhavan
Chennai,"I keep visiting this place quite often,  my favorite is mini idli with sambar,  ghee roast and rava dosa.  The chutneys are amazing.  They have so many varieties something there dpr everyone",SaravanaBhavan
Chennai,"Ask any one who has visited this place 10 years back and now and they will agree that the quality is going down hill.  There is little effort to take on the challenges of A2B and Sangeetha in terms of quality and quantity.  Previously a visit to any Saravana Bavan was like a visit to temple, but sadly not now.",SaravanaBhavan
Chennai,Good restaurant. Good food to eat. Especially Appam is good. Good for family gathering. Service is good.,SaravanaBhavan
Chennai,Saravana Bhavan had its name once earlier nut now it has lost its fame now . The cost has come lower in comparison of the other restaurants so such the quality has also come down . Unless it gets back the same quality and taste its not fit to have .,SaravanaBhavan
Chennai,We went to the new hotel near Chennai airport.Ample parking and seating space.The taste has come down and quantity too.The price of items have increased.The view from airport is too good.We tried the self service counter.took a long time to get items.A one time try with family to feel the taste of a hotel chain that has a name even abroad.Dont miss the butter murukku sold in their outlet.its yummy.,SaravanaBhavan
Chennai,"We had been to saravana bhavan for n times. It is one of the high class vegetarian restaurant. All the items served in this hotel are hygienic and taste really good. Best for kids and yelders. However, the quatity will be very less and price will be very high.",SaravanaBhavan
Chennai,"Sarvana bhawan is like a staple restaurant for Chennaites...I have loved this placed but this time i found the places have run down so not that great ambience, staff too takes time for food and its hard to understand due to language issues, food quality was also not that great as per the Sarvana bhawan name. Asked for a mango shake and what is got was a mango ice-cream shake.",SaravanaBhavan
Chennai,They are regularly​ reducing the quantities and also increasing the prices. The amount of chutneys and sambar qty is very very minimal. They should be customer friendly,SaravanaBhavan
Chennai,Though parking is a continued concern at most of the Sarwana locations but recently the declining taste & un-progressive aesthetics are additional concerns for the Swarna Lovers who have really cherished better memories.,SaravanaBhavan
Chennai,This is a big place with good staff and excellent service. Lot of Saravana bhawans are there all across Chennai . Hence you have to take care to reach the original one.,SaravanaBhavan
Chennai,"Very busy place! More than enjoying own dining experience, it was exciting watching so many others enjoying the food with friends and family. Parking space is a constraint!",SaravanaBhavan
Chennai,"I love their idlis :).. that's my breakfast every Sunday ! Hey serve delicious South Indian food , but when you order food for home delivery.. it's not up to the mark..",SaravanaBhavan
Chennai,"A very famous chain of restaurant in Tamil nadu. Well known for tastiest idli sambar, vada, dosa and hot coffee. The hotel is offering different types of combos. Of late, taste is not up to the mark.",SaravanaBhavan
Chennai,Best of South Indian cuisine in the town. Comparatively cleaner than most surrounding places. Paratha was awesome.,SaravanaBhavan
Chennai,It's a must visit for delicious idlis and other South Indian delicacies with chatneys and sambars. A good feature of combo breakfast is awesome.,SaravanaBhavan
Chennai,"In this restaurant, not all the items are prepared.  Only basic items are made and other items are sent as Pre prepared from the HD kitchen. Hence the special items like cholesterol poori and other similar items are sold limited quantity. Avoid going there.",SaravanaBhavan
Chennai,"If you're looking for authentic South Indian food, this is your place to go! It's got great flavours, and the food is served to you in true south Indian style. The filter coffee is amazing. My favorite thing to eat is the masala dosa. There are however times when it might seem unhygienic, but it's not necessarily so.",SaravanaBhavan
Chennai,The safest and the best eatery chain in Chennai. This is as good as any other of the Saravana Bhavans here in this city. The Tamil Nadu vegetarian dishes are top class. The North indian dishes are above par.,SaravanaBhavan
Chennai,This place serves only vegetarian fare. I have been to this place a couple of times during my business meets. Good food. Their 14 pieces idlis are awesome.,SaravanaBhavan
Chennai,"Saravana offers multiple options for their specialty south Indian foods and as you see the menu, every item in the menu you would feel like ordering...I had idli, appam and pongal and every item was awesome",SaravanaBhavan
Chennai,South Indian food lovers gets authentic tasty food During 90s onwards this hotel rules chennai and all over the world U get many variety of food here,SaravanaBhavan
Chennai,One of the best vegetarian restaurants in Chennai. They have branches in many prime localities in Chennai. I went to their Mylapore branch. Situated very close to Kapaleeshwarar temple. They have both a/c and non a/c halls. good service. They take your order and serve you food hot. Never miss this place..for bf/lunch/dinner. Filter coffee ...really very good. Sweets and south indian snacks are also available.,SaravanaBhavan
Chennai,I have been to both the restaurants in vellore. There needs to be no doubt about the quality. However the branch on Arcot road has more variety on the menu than the one near the new bus stand.,SaravanaBhavan
Chennai,My all time favourite place that I used to haunt whenever my cravings for vegetarian food raised its hood. Love all of their dishes,SaravanaBhavan
Chennai,Loosing it's taste.Food taste is not as expected. Price is also too high.  Overall the items are not value for money.,SaravanaBhavan
Chennai,Me and my family are gone to eat lnch at Sarvanan Bhavan hotel. That hotel was very neat and clean. The food is good.and also servicing .,SaravanaBhavan
Chennai,Saravana Bhavan is one of the most favoured Vegetarian Restaurants in Tamilnadu. The food definitely will make one mouth watering. The cooking is very hygienic and the staff serves you with politeness. Saravana Bhavan has spread its wings Globally from US to UK to Arab countriues even.,SaravanaBhavan
Chennai,"Even though the price seems to be little over the average the quality and taste of food is really good , staffs are really friendly and you can find an array of verity in vegetarian food",SaravanaBhavan
Chennai,"very nice and testy food, you can have all Indian food here at good price, it is in heart of T-nagr city",SaravanaBhavan
Chennai,"This is a veg restaurant in Chennai city not far from Vivekananda House and Marina Beach. It is a bustling hub that really offers an unforgettable South Indian veg culinary delights. The staff are warm and welcoming and will talk you through the menu if you are visiting for the first time. Prices are very reasonable and portions are incredibly generous. If you love South Indian vegetarian cuisines or are curious to try them, then this is a good place to visit. We really enjoyed the atmosphere and the food.",SaravanaBhavan
Chennai,"Decent place to get food. Not too expensive. Some places hike up the food prices when they encounter tourist, which is just ridiculous. So its an okay place to eat here",SaravanaBhavan
Chennai,The food quality is consistent and good. The serving portions are filling. Pricing is bit on higher side but value for money . Don't miss the filter coffee.,SaravanaBhavan
Chennai,This chain restaurant is all over India and they also have them in New York and California. I like that the quality of their food is consistently good. They are welcoming to tourists. They have clean places. Good for vegan and vegetarian.,SaravanaBhavan
Chennai,Gone are the days when people used to through this place. The food tastes synthetic and the service is quite mediocre. There are plenty of other options available in Chennai now than choosing this. I wouldn't recommend this place.,SaravanaBhavan
Chennai,"Really the graph is going down....it was too good a year or two back. Now after new management take over, quality, quantity have gone for a toss. The price is too steep. Imagine a full meal coating 220 rupees and a glass of sweet lime when compared cost 160 rupees. Ridiculous. New management have to review all three - price, quality and quantity.",SaravanaBhavan
Chennai,"I was in Chennai for 02 days, being North Indian I looked for some north Indian food outlet to treat my pre-programmed taste buds. Local hosts suggested to try Saravana Bhavan Restuarant. following him, we visited Sarvana Bhavan Restuarant near Tirupati temple in T Nagar.",SaravanaBhavan
Chennai,Best and quality food served by hotel. Happy with their quality Services.Good restaurant for vegetarians.,SaravanaBhavan
Chennai,How can one miss saravana bhavan when visiting chennai .. good authentic tamilnadu food .. and very hygiene too,SaravanaBhavan
Chennai,You miss Chennai flavours if you skip this eatery. Chennai is famous for veg food. Saravana Bhavan chain of restaurants is a success story in providing good veg food at common rates. Crowded at meal time the food is tasty and service quick. Get the smell and taste of common chennaites eatery.,SaravanaBhavan
Chennai,"thypical south indian thali as well as tiffins. although they serve rotis and north indian curries, it is best for quick lunch and tiffins",SaravanaBhavan
Chennai,Average food.Lots of option for combos/thalis.Tried the combo.Service was prompt.Coffee was too good,SaravanaBhavan
Chennai,Definitely a must try place to have proper South Indian food . Their dosas are best and their taste is maintained throughout in all their branches,SaravanaBhavan
Chennai,maintaince and quality of food is too good.they wont let us wait .they will serve very quickly.thanks a lot,SaravanaBhavan
Chennai,"Good quality of food is being served but that doesn't mean people will just come in and expect nothing other than food, No Air conditioning and no proper service, mostly it is self service, i don't want to call it a restaurant as per the standards they are maintaining , i would rather call it a huge breakfast point .",SaravanaBhavan
Chennai,Ordered 3 different types of combo meal for my family. Overall taste and food quality was good. Good ambience. Service speed is average. Located near to railway station.,SaravanaBhavan
Chennai,Hotel quality is good but cost is too high i feel. A ghee dosa cost was Rs. 120+. With no AC room this cost is more. They have coconut chutni tomato chatni milagai podi green chatni and sambhar for two idlies in a plate. I am sure most people will be wasting this. Instead hotel should ask and give whichever chutnay they like.,SaravanaBhavan
Chennai,Very nice and comforting food..!!! Authentic South Indian with awesome taste . Service was also very prompt.,SaravanaBhavan
Chennai,Original taste of food. Sambar vada is of very high quality. Pure vegetarian restaurant. right from childrens and adults even old age persons will definitely love the quality of food.,SaravanaBhavan
Chennai,Amazing vegetarian food. A brand for quality food. Always crowded. Sambar rice tastes exceptionally great here.,SaravanaBhavan
Chennai,Great Taste and Hygienic maintenance. It's very near to Egmore Railway station. Neatly maintain.   The staff cooperation is highly appreciated.   We must visit.,SaravanaBhavan
Chennai,Eat anything.  The quality is outstanding. The icecream with seasonal fruits is a must. .... u should go for.,SaravanaBhavan
Chennai,The food was okay. Need to wait a long time to get noticed by the servers.Overall not a pleasant experience.,SaravanaBhavan
Chennai,Had such a nice meal here! Great atmosphere and very affordable. Also near a market that we bought small gifts for friends at. Would definitely recommend this restaurant!,SaravanaBhavan
Chennai,"its good for south indian food, one main plus is one looking for south indian meals in the night this one of the few venue....",SaravanaBhavan
Chennai,"About a decade back, while being in Chennai the first thought for food was always Saravana Bhavan Restaurant. But recently I discovered at Pondy Bazar restaurant that old charm has gone. It was quite disappointing being there !!",SaravanaBhavan
Chennai,"The Class of the food has come down these days. More than the quality of the food which has come down the attitude of the staff there is totally degrading nowadays. The two plus points of Saravana bhavan was food and service, which is now in question mark?",SaravanaBhavan
Chennai,Pretty cheap and does the job.,SaravanaBhavan
Chennai,"The food here is fine. But some branches do not provide good service. Only a few I mean. Two or three. But otherwise this hotel provides awesome cultural food which is tasty. This food will surely be loved by those who are cultural food lovers. Dosa, Idly, Vada, and everything, WOW!!!! Delicious!!!!",SaravanaBhavan
Chennai,The vegetarian food at the Saravana Bhavan is one of the best I have had so far especially the thali and every time I go to Chennai I make it a must to go there to have food .I am not the only one but my whole family enjoy the Saravana Bhavan food.,SaravanaBhavan
Chennai,"Though this hotel is not appropriate for this title the juices savored here were very rich in taste and quality,the fruits chosen was very fresh & more juicy",SaravanaBhavan
Chennai,Tamil food for pure vegetarian people can have it with full enjoyment and thts also unlimited. They serve food in banana leaf with full traditional style... the awesome food item is curd rice.. price are also too reasonable,SaravanaBhavan
Chennai,Nowadays this hotel becoming worse day by day.Had a mini meal here and decided never to come back here again.,SaravanaBhavan
Chennai,Very bad customer service. Please think twice before visiting the hotel. When you can wait for longer period.,SaravanaBhavan
Chennai,This restaurant has had good times and now it's limiting in its age old glory which is neither relevant or wanted now. Only their age old customers are visiting it and it has failed to re-invent itself,SaravanaBhavan
Chennai,The original Saravanabhavan taste is maintained only in a few joints and this is one of them. Idli with killer sambar is always a treat and starter. Ghee onion Rava roast (Dosa) with coffee made me a happy and content person! Will go again if in this area.,SaravanaBhavan
Chennai,It was a sumptuous lunch I had in this restaurant with my lion friends.Quantity is more than sufficient. Could eat authentic Tamil Nadu good.,SaravanaBhavan
Chennai,"True to the reputation of the name, this particular establishment also served delectable food. We took poori bhanu, rava masala,pulka,pong al all very tasty.filter coffee was out of the world. The service however while good , can be much better.",SaravanaBhavan
Chennai,"Old saravanabhavan standards gone.I been many times during my visit to chennai. Price are hike, specially I had one Kadai paneer...it was expensive, they charged 340 plus tax...I hope in star note charges will be like this.. Taste was OK...",SaravanaBhavan
Chennai,"it's totally veg so pls don't forget about... my best was limited veg meals, might be you will satisfied about if you choose as well as variety of tifine items are there",SaravanaBhavan
Chennai,"the worst service and worst food, HSB service, goodwill everything gone. the management has to take immediate step to develop further. Since HSB is TN trademark",SaravanaBhavan
Chennai,People are visiting it only as a reminder of what it used to be not what it is. Nothing to add describing it. There are better restaurants now,SaravanaBhavan
Chennai,"SB has surely fallen from its high standards. The ambience, the torn furniture, the lack of crowds, are all proof of the fall. Never again.",SaravanaBhavan
Chennai,Visting saravana is like visting the place which serve best of the south Indian delicacies. For me this place is a comfort food place. Where you can feel so relax and enjoy your food. They have variety of south indian dishes. If you are a food lover than you should certain go to this place. This place even do hoe delivery.,SaravanaBhavan
Chennai,"It was a November evening when my friends and I walked into the hotel.The ambience was perfect ,clean and hygienic.We ordered our food items looking at the Menu card.I loved their appamwith milk combination It was so tasty that I ordered another set ,as it was irresistible.My friends too ordered their Dahi vada,Rava dosa and they were all tasty and delicious.I recommend everyone to visit saravana Bhavan atleast once in 15 days.",SaravanaBhavan
Chennai,"Just awesome food! Finger lickin good! The spreads have a large range and served hot and quick! If you are into south indian, not to be missed",SaravanaBhavan
Chennai,Not presently a good place to visit . Attitude of the staffs have changed as well the taste and quality of food . Many items are missing,SaravanaBhavan
Chennai,If you need a best thali South Indian food this is the best place to our football enjoy mini meals it I love it,SaravanaBhavan
Chennai,Now a days service of this hotel chain is not so good....it's taste n service is declining as per my opinion...cost was high but taste was average...ordered meals which was waste of money....,SaravanaBhavan
Chennai,"Went there for lunch. The server mentioned only mini meals, even though there were other items available. The mini meals was just ok. Paid by card. i got the SMS for the debit, but the machine did not print the receipt. They made me pay again (they insisted on cash, but I paid using UPI). They had no clue that there was something called a UPI payment (they were insisting on phonepe). Hopefully, my bank will reverse the credit card transaction.",SaravanaBhavan
Chennai,My friend and I shared 2 two thalia and I left uncomfortably full because I could not stop myself from eating the great food!,SaravanaBhavan
Chennai,If you are in Chennai and you miss your visit to Sarvana bhavan for your breakfast. Lunch. Dinner then your trip is not complete because it's on of the best in entire south India o  terms of typical south Indian food all the items on menus is superp...,SaravanaBhavan
Chennai,"Has decent vegetarian menu. Particularly South Indian dishes are very good. Had Masala dosa,Idlis and a cup of tea. Taste of Masala dosa is authentic. Service is reasonable. Ambience could have been better.Busy restaurant",SaravanaBhavan
Chennai,"Decent place to sit and eat, with authentic chennai style dining on banana leaf with tasty food .. but expensive",SaravanaBhavan
Chennai,It is a very good veg restaurant .we had idli sambhar and vada which was nice . Even the waiters are very customers friendly and guide you if you have any query .,SaravanaBhavan
Chennai,"Very very worst for staff behaviour also. All the foods are serviced chilled one, but responsible to take care of the guest",SaravanaBhavan
Chennai,The vegetarian lunch served is very spicy and exhorbitantly priced.Quality of the food items has come down drastically.The arrogant servers and the supervisors in safari are of little help to you.They live on past glory.Very unpleasant experience in most of the outlets,SaravanaBhavan
Chennai,The service was pathetic and we had to wait inordinately to be served a normal lunch. The wrong order was initially served. Had to wait for the bill for almost 15 minutes and after prodding for quite some time finally managed to get the same.,SaravanaBhavan
Chennai,"In the evening of 17th September, 2019 we went to Sarvana bhavan in Egmore Chennai for taking snacks. i had an extremely bad impression about the cleanliness of such restaurant. I had the misfortune of going to their restroom which I found extremely dirty and unclean and the floor was flooded with water. Whatever, tasty food they serve I have a doubt if their kitchen is properly maintained. Indian food and safety department should check whether food preparation is hygienic. In February, 2019 I visited another branch of them and it was not in good shape. They perhaps think only about profit nothing else about their customers.",SaravanaBhavan
Chennai,We went to the saravana bhavan located at ekkattuthangal near by Jaya TV office It was totally cordless and we asked for dosa and coffee. Dosa was some what better and sambar wasn't good. Coffee served without hot. It got cooled by the time we started to drink Overall not happy,SaravanaBhavan
Chennai,"The quality and flavours fell short of our expectations on this recent trip to Chennai.  It was overcrowded, undermanned and the food quality has fallen below expectations.",SaravanaBhavan
Chennai,"Here we can have a good lunch that to no spicy, the taste is authentic Saravana Bhavan same taste with a neat and clean environment, People who do not like spicy food can go without any thought.",SaravanaBhavan
Chennai,Excellent lunch and enjoyed local waybif eating in banana leaves. It's clean and nice place with quick service,SaravanaBhavan
Chennai,As I was traveling by myself I asked my driver to stop at a decent vegetarian restaurant for lunch. The service was great. Food had a welcome variety. Loved it all. I’d go back again.,SaravanaBhavan
Chennai,"Thinking about the brand name Saravana Bhavan, we went for lunch and ended up having the worst food ever. The place is not well maintained and no hygiene at all. The food served was not even fresh and hot. ""Saravan Bhavan has lost its quality in food""",SaravanaBhavan
Chennai,"Sravana Bhavan has gone from excellent to worse. Wherein the Branches outside India are excellent . Chennai branches are very bad . We are regulars at mylapore branch since years . But the garish yellow plastic plates , grime settled in corners etc is very offputting. Avoid . The food is mediocre too .",SaravanaBhavan
Chennai,Nothing great but just your average vegetarian franchise outlet.Not all the food are fresh at all the times so you have be savvy when placing orders.,SaravanaBhavan
Chennai,"I ate here practically everyday for the several months i was assigned to work in Chennai. What a bargain for a lot of very good food. I would have a Thali most days for lunch and very filling, fresh food with a generous portion of some good rice. They do have some locations in the States but sadly, not yet in Phoenix. Cannot beat the price and value of Saravana Bhavan!",SaravanaBhavan
Chennai,"We loved the ghee roast dosa there. Other items like medu vada sambar, mini idlis, uttapam were good too. And last but not the least filter coffee!! :) :)",SaravanaBhavan
Chennai,"We had breakfast and one night dinner here. Food is good. But of late service is becoming little slow. May be the staff were in mourning after the demise of its owner recently. They have the same chain of restaurants world wide like in USA, UK, FRANCE  GERMANY, AUSTRALIA,  MIDDLE EAST.",SaravanaBhavan
Chennai,Unique taste of Vegetarian.. Varieties of food with good & very fast service..Dynamic waiters with Smile..!!!,SaravanaBhavan
Chennai,Delicious Dosai Chutney Poodi but the highlight was the delicious Sarmbar 👌👌👌 Absolutely delicious Top marks 10 out of 10,SaravanaBhavan
Chennai,"Saravanan Bhavan was in the news for all the wrong reasons last month ! However, the quality of food and services at the flagship restaurant is still the same. Always worth a visit for those who relish South Indian vegetarian food !",SaravanaBhavan
Chennai,It has amazing n delicious chats The food serving is really slow Yes affordable rates Must try pav bhaaji with cheese,SaravanaBhavan
Chennai,After long time visited Chennai and gone to this favourite HSB and it was failed to meet out expectations. Bad quality of service and the taste of food is not good and no proper response. Next time onwards will skip this place.,SaravanaBhavan
Chennai,"I went to a Saravana Bhavan near the Marina beach in Chennai. Thinking that the quality is maintained in all Saravana Bhavans, I asked for a masala dosa and chappati and mixed veg. Though the masala dosa was better, the quality of chappati and mixed veg was horrendous. In fact, there was no AC section for people who can afford. It is better to go to Saravana Bhavans located near the city centre as compared to the one on the fringes.",SaravanaBhavan
Chennai,Delicious food Excellent staff Good cleanness Large and good Ambience,SaravanaBhavan
