branch,review,restaurant
"Namma Veedu Vasanta Bhavan - Tnagar, Chennai",I m writing review becas it will be helpful for someone who looks for a good veg restaurant.I don't know how it got 4.8 rating.Yesterday i had Lunch there.First we hv to pay money and then then we hv to collect our food.Menu name will not …,Namma Veedu Vasanta Bhavan
"Namma Veedu Vasanta Bhavan - Tnagar, Chennai","fantastic place for authentic Indian vegetarian food. The taste truly stands out — every dish feels fresh, flavorful, and prepared with great care. From classic South Indian staples to a wide variety of North Indian options, the menu offers …",Namma Veedu Vasanta Bhavan
"Namma Veedu Vasanta Bhavan - Tnagar, Chennai",Superb taste food&services.100😍 …,Namma Veedu Vasanta Bhavan
"Namma Veedu Vasanta Bhavan - Tnagar, Chennai",Food quality tast was good overall good 👍 …,Namma Veedu Vasanta Bhavan
"Namma Veedu Vasanta Bhavan - Tnagar, Chennai",Everything was good but they can reduce the price nice ambience good service but they are charging 220 for a limited meals 300 above for normal meals,Namma Veedu Vasanta Bhavan
Vasantha Bhavan - V B World,Had a Great service and have a great atmosphere and the food is absolutely Good and had a great service from Jayanthi and Rose felt much more comfortable from service to recommendation of food.,Namma Veedu Vasanta Bhavan
Vasantha Bhavan - V B World,"The hotel was very good and food also good and cleaning was nice, we can eat good veg meals with family and friends",Namma Veedu Vasanta Bhavan
Vasantha Bhavan - V B World,"Excellent hospitality and amazing food, great service done by Jeyanthi and Rose, keep up the good work...if you could keep the tissue in rest room work be super",Namma Veedu Vasanta Bhavan
Vasantha Bhavan - V B World,Well spend time…nice service end from ajay,Namma Veedu Vasanta Bhavan
Vasantha Bhavan - V B World,"It's been a while I tasted most authentic cuisine in veg
Very tasty and the ambience was enjoyable …",Namma Veedu Vasanta Bhavan
Vasantha Bhavan - V B World,"Only atmosphere is good , service is very slow and food taste is way below average 👎 …",Namma Veedu Vasanta Bhavan
Vasantha Bhavan - V B World,"Food was tasty and service was super fast, however there were slight delays in getting the bill finally.
Atmosphere one of the best in chennai with plenty of parking",Namma Veedu Vasanta Bhavan
Vasantha Bhavan - V B World,"Very good service and a beautiful interior, polite and kind gesture by one of the staff called Ajay",Namma Veedu Vasanta Bhavan
Vasantha Bhavan - V B World,Jayanthi took care of us really good and food was delivered on time,Namma Veedu Vasanta Bhavan
Vasantha Bhavan - V B World,Ajay - it's been pleasure on your service and food are really good. Keep the same momentum.,Namma Veedu Vasanta Bhavan
Vasantha Bhavan - V B World,I always give 5 star for vb world in both Anna Nagar and sharaf dg as I like to visit for the favourite signature dish truffle mushroom dim sum and the nice service by the captain and managers. But this time I got to give 3 star for service …,Namma Veedu Vasanta Bhavan
Vasantha Bhavan - V B World,"I ordered mushroom fried rice takeaway from this hotel. My house is just one kilometer away, but trusting the positive reviews, I sent someone from home to pick it up. He ordered mushroom fried rice and brought the parcel back. …",Namma Veedu Vasanta Bhavan
Vasantha Bhavan - V B World,"I ordered tea and it was a spoiled tea was served to the table
It was not upto what they are named for
Worst tea and ruined my experience",Namma Veedu Vasanta Bhavan
Vasantha Bhavan - V B World,Excellent food and atmosphere thank you and staff,Namma Veedu Vasanta Bhavan
Vasantha Bhavan - V B World,Super Atmosphere look like International hotel,Namma Veedu Vasanta Bhavan
Vasantha Bhavan - V B World,Good food 😋 Great 👍 …,Namma Veedu Vasanta Bhavan
Vasantha Bhavan - V B World,Sathya mam services has good.,Namma Veedu Vasanta Bhavan
Vasantha Bhavan - V B World,"Ajay good excellent, good service",Namma Veedu Vasanta Bhavan
Vasantha Bhavan - V B World,Vindhya did an great service,Namma Veedu Vasanta Bhavan
Vasantha Bhavan - V B World,Good service from Kandhan,Namma Veedu Vasanta Bhavan
Vasantha Bhavan - V B World,Amazing atmosphere great good the team working on the ground needs training they have no clue what to take orders if you are doing Pan Asia you need people understand what others are asking there was a lot of back and forth and there was a …,Namma Veedu Vasanta Bhavan
Vasantha Bhavan - V B World,"Absolutely fantastic and authentic South Indian food! The VB World-inspired design and ambiance of this Vasantha Bhavan branch are truly impressive and create a premium dining atmosphere. This was my first visit to this location, and I was …",Namma Veedu Vasanta Bhavan
Vasantha Bhavan - V B World,"Great Ambience, But Food Needs Improvement

Visited this place for both breakfast and lunch. The ambience was really …",Namma Veedu Vasanta Bhavan
Vasantha Bhavan - V B World,Good food and ambience,Namma Veedu Vasanta Bhavan
Vasantha Bhavan - V B World,Best place for family dining,Namma Veedu Vasanta Bhavan
Vasantha Bhavan - V B World,"We visited as a family of three on a Sunday evening, but unfortunately, the experience didn't live up to the price point. While the Popcorn Paneer was quite good, the rest of the meal was disappointing. The Thai fruit salad was …",Namma Veedu Vasanta Bhavan
Vasantha Bhavan - V B World,"The food was amazing. Great hospitality by Ajay, lovely food suggestions and he was very kind to us.",Namma Veedu Vasanta Bhavan
Vasantha Bhavan - V B World,Food was just average for the price . So much waiting time and not worth the ambience and hype the restaurant had,Namma Veedu Vasanta Bhavan
Vasantha Bhavan - V B World,Had a great experience at VB world and special thanks to Vindhiya for the service.,Namma Veedu Vasanta Bhavan
Vasantha Bhavan - V B World,"300ml water bottles local and branded.
All type of soft drinks are availabel in retail and whole sale.
MRP starts from 10. …",Namma Veedu Vasanta Bhavan
Vasantha Bhavan - V B World,Had an amazing dine-in experience with friends at Namma Veettu Vasantha Bhavan! The entire experience felt unique—from the ambiance to the food. Everything we tried was absolutely delicious. …,Namma Veedu Vasanta Bhavan
Vasantha Bhavan - V B World,Wrongly went inside for attractive ambience. Each items in menu card is Rs.350. Lowest price is plain dosa Rs.200 next is  idly is Rs.100. Saravana bhavan Delhi connaught road is much lower than this......Too much noise of crowd talking and other side western songs in loud. Very disturbing. Min 30 minutes waiting time.,Namma Veedu Vasanta Bhavan
Vasantha Bhavan - V B World,"Great service by Deepa and the entire time. Great food, ambience & service",Namma Veedu Vasanta Bhavan
Vasantha Bhavan - V B World,"I am writing to express my disappointment regarding the parking policy at your establishment. Despite having ample space, I was denied entry because I arrived in an auto-rickshaw and was told to park by the security post. An auto-rickshaw …",Namma Veedu Vasanta Bhavan
Vasantha Bhavan - V B World,Not worth for money very waste food service,Namma Veedu Vasanta Bhavan
Vasantha Bhavan - V B World,"I ordered mushroom fried rice takeaway from this hotel. My house is just a kilometer away from this hotel. However, trusting the good reviews, I asked someone from my house to pick it up. He ordered mushroom fried rice and brought the …",Namma Veedu Vasanta Bhavan
Vasantha Bhavan - V B World,Jayanthi service was good,Namma Veedu Vasanta Bhavan
Vasantha Bhavan - V B World,Good service by chakaravarthi,Namma Veedu Vasanta Bhavan
Vasantha Bhavan - V B World,Jayanthi service was good mahagikm,Namma Veedu Vasanta Bhavan
Namma Veedu Vasanta Bhavan,"Disappointing Dining Experience at Vasanta bhavan– Avoid at All Costs!
Rating: 1/5 (Only because zero isn't an option)
I visited this restaurant a few days ago hoping for a decent meal, but it turned …",Namma Veedu Vasanta Bhavan
Namma Veedu Vasanta Bhavan,"Stopped here for a quick breakfast before my train. The Mini Breakfast combo were piping hot and delicious. The highlight, however, was the Filter Kaapi-strong and aromatic, just how it should be! Great to see such a well maintained restaurant so close to a major transport hub.",Namma Veedu Vasanta Bhavan
Namma Veedu Vasanta Bhavan,No please do not go to this restaurant its not worth your money at all. For 50rs you get 1 medu vada which the staff says is medium size for that price one can atleast expect to reach the edges of your palm which this one does not and for …,Namma Veedu Vasanta Bhavan
Namma Veedu Vasanta Bhavan,Located just opposite to Egmore railway station. Neat and clean restaurant with plenty of vegetarian menu options. Special call out for Mr.Pushparaj who helped serve food during our visit. We will visit again.,Namma Veedu Vasanta Bhavan
Namma Veedu Vasanta Bhavan,"Great atmosphere and even better service. Sasikala looked after us today and was incredibly efficient without making us feel rushed. They checked in at just the right times and kept our drinks refilled. One of the best dining experiences I’ve had in a while!""",Namma Veedu Vasanta Bhavan
Namma Veedu Vasanta Bhavan,"The staff are so rude.. as on 15 th may 26 morning 5.50
In my rush to catch a train, I given money to the cashier and asked for a takewaay, a standard practice among customers. A woman at the counter had just …",Namma Veedu Vasanta Bhavan
Namma Veedu Vasanta Bhavan,"I have visited this restaurant for the first time, ordered a mini tiffin series.. food is really good to try for.",Namma Veedu Vasanta Bhavan
Namma Veedu Vasanta Bhavan,"It's a nice pure veg restaurant. Food is so good. Best place for Family to dine-in. It's just opposite to Egmore Railway Station. We tried Idli,Gobi rice and Dosa. More varieties available. Service is also Good. Ambience is also Good. There are also several sweets and Spice powders to shop-in there. Overall it's a Good one.",Namma Veedu Vasanta Bhavan
Namma Veedu Vasanta Bhavan,"Very disappointing experience!
Today I packed lunch from Vasantha Bhavan, Egmore (Namma Veedu) for my wife and myself before catching a train. I ordered Veg Biriyani (₹250) and 2 Chapathis …",Namma Veedu Vasanta Bhavan
Namma Veedu Vasanta Bhavan,We had a great time at this outlet of Vasantha bhavan. Mr. Manikandan displayed extremely good hospitality and awesome service .his behaviour is highly exemplary in the food industry .he is an irreplaceable asset to the hotel.his services must be appreciated by the management.,Namma Veedu Vasanta Bhavan
Namma Veedu Vasanta Bhavan,"I had dinner from this restaurant. The restaurant is near the railway station.

Good interiors and beautiful place. There was seats available. It was not …",Namma Veedu Vasanta Bhavan
Namma Veedu Vasanta Bhavan,Very nice place for resting and breakfast. Sashikala was nice. She was trying to explain everything because language issue is inevitable when you are in south india,Namma Veedu Vasanta Bhavan
Namma Veedu Vasanta Bhavan,"I visited Namma Veetu Vasanta Bhavan yesterday for lunch and found the food to be good, although it didn't reach the level of being exceptional. The restaurant's environment and ambiance were pleasant, contributing to a comfortable dining …",Namma Veedu Vasanta Bhavan
Namma Veedu Vasanta Bhavan,"Using this brand name they are looting people's money. Each items are very costly. Taste are not good. Ordered mushroom fried rice, noodles etc. but nothing good. Poor service. Just avoid this restaurant. There are many good restaurants out there.",Namma Veedu Vasanta Bhavan
Namma Veedu Vasanta Bhavan,"I recently visited Namma Veedu Vasantha Bhavan and ordered dosa, idli, and pori. While the taste of the food was acceptable, my overall experience was disappointing. …",Namma Veedu Vasanta Bhavan
Namma Veedu Vasanta Bhavan,I visited this restaurant with my family today while traveling back to Chennai. This is the first time experience with this branch of NVVB and it was good as well. This place was neatly maintained and the environment was good as well. We …,Namma Veedu Vasanta Bhavan
Namma Veedu Vasanta Bhavan,Worst service. I know that vasantha bhavan is a failed franchise but this is far from worse. Been to VB World developing such high standards but failing at basics is the worst things that Vasantha bhavan can do. Fire the staffs here which will help in improving the restaurant in this particular branch.,Namma Veedu Vasanta Bhavan
Namma Veedu Vasanta Bhavan,The best vegetarian meal in the world served by the best server MANIKANDAN . The food not only satisfied my food cravings but it fulfilled my soul. Thank you from the bottom of my heart ! …,Namma Veedu Vasanta Bhavan
Namma Veedu Vasanta Bhavan,"You might think, let's order Chinese here, since it's on the menu. DO NOT DO THAT. They're a typical Tamil joint that doesn't fully understands the concept of Chinese food. They don't know what Schezwan sauce or soya sauce is. Most regrettable decision. This is not a review, it is a warning.",Namma Veedu Vasanta Bhavan
Namma Veedu Vasanta Bhavan,"For a plate pongal(small portion) and one small vada they charged 147rs.. Ready to pay this amount if the food was upto that mark and standards..
Restraunt was non ac and service was average food below averag.. really …",Namma Veedu Vasanta Bhavan
Namma Veedu Vasanta Bhavan,Service was awesome by the steaurd Mr Kumaravel...  food was ok but if u want quality service come and ask for Mr Kumaravel,Namma Veedu Vasanta Bhavan
Namma Veedu Vasanta Bhavan,Went there to have dinner. Had paneer masala dosa and Chilly porotta from there. …,Namma Veedu Vasanta Bhavan
Namma Veedu Vasanta Bhavan,This is where u find authentic South Indian foods... I had tried vasantha bhavan in diff places... Even in Dubai... I enjoyed special signature in all the places... …,Namma Veedu Vasanta Bhavan
Namma Veedu Vasanta Bhavan,"Had very bad experience in this branch. Yesterday we went to the restaurant opposite to the egmore station. After we landed in early, we wanted to have breakfast. Old person who is in counter took our order and we were waiting for the order …",Namma Veedu Vasanta Bhavan
Namma Veedu Vasanta Bhavan,Mr pushparaj has rendered a welcoming service to us. We are happy with the taste of the food as well. Hope you continue the same. Thank you 😊 …,Namma Veedu Vasanta Bhavan
Namma Veedu Vasanta Bhavan,"Average food, service in absentia, had to ask for basic things like napkins, cutlery and extra chutney etc. Can improve a lot.",Namma Veedu Vasanta Bhavan
Namma Veedu Vasanta Bhavan,Yesterday morning  i had visited this hotel opp to egmore railway station. Food quality is very bad. There is no one to take order. Will never visit this hotel in my life.,Namma Veedu Vasanta Bhavan
Namma Veedu Vasanta Bhavan,"Food was tasty
We ordered 5 items
They didn't include coffee in mini tiffin …",Namma Veedu Vasanta Bhavan
Namma Veedu Vasanta Bhavan,My morning poori breakfast was a complete letdown 🤢. The overwhelming wheat flour taste made it truly unpleasant and inedible. Even roadside tiffin shops offer better quality poori 👎. I couldn't finish it. …,Namma Veedu Vasanta Bhavan
Namma Veedu Vasanta Bhavan,"I ordered Idli Sambar for breakfast and it was my first time trying this South Indian dish. As a Bangladeshi, I was pleasantly surprised by how much I enjoyed it. The Idli was soft and the Sambar had a delightful mix of flavors. Overall, a great experience and I’ll definitely be trying it again!",Namma Veedu Vasanta Bhavan
Namma Veedu Vasanta Bhavan,Mr. Manikandan served well 100% customer satisfaction from him. Good job done by him.,Namma Veedu Vasanta Bhavan
Namma Veedu Vasanta Bhavan,"Very neat and tidy place to eat in the whole neighborhood. As it's just infront of the railway station, it is easily accessible for travellers who are in a rush. I recommend to have  the masala dosa from this place. Make sure to ask for the …",Namma Veedu Vasanta Bhavan
Namma Veedu Vasanta Bhavan,"Mr. Pushparaj is very humble and kind, he even fulfill our needs whatever we ask extra",Namma Veedu Vasanta Bhavan
Namma Veedu Vasanta Bhavan,Tried Masala Dosa and loved the taste! The restaurant serves only vegetarian dishes with a wide variety of options to choose from. Great spot for delicious veggie food near Egmore Railway Station. There is 2 restaurant with the same name.,Namma Veedu Vasanta Bhavan
Namma Veedu Vasanta Bhavan,"I have ordered the tiffin for takeaway, but the taking time for delivery is nearly 40 mins. It is too pathetic and no responce from the counter staff and serving persons. Plz don't visit this hotel if you have the train within 30 to 40 min",Namma Veedu Vasanta Bhavan
Namma Veedu Vasanta Bhavan,"I ordered food early morning and they sent spoiled food, when I tried to connect they initially picked my calls but later ignoring my calls, such a big restaurant and so much fraudulent, they'll mix same spoiled sambar in fresh one and sell …",Namma Veedu Vasanta Bhavan
Namma Veedu Vasanta Bhavan,"Here, I had coffee and three idly. Admittedly, the coffee did not taste as expected. They presented the idly with two distinct chutneys and sambars. Idly costs too much at Rs. 20 for 1 idly.",Namma Veedu Vasanta Bhavan
Namma Veedu Vasanta Bhavan,"Excellent service provided by the hotel service staff Ms.Twinkle. She was polite, attentive, and always greeted guests with a warm smile..made the dining experience pleasant",Namma Veedu Vasanta Bhavan
Namma Veedu Vasanta Bhavan,"The food and services are good especially pushparaj sir, thank you for your wonderful services",Namma Veedu Vasanta Bhavan
Namma Veedu Vasanta Bhavan,Had good food in this restaurant... mr.kumaravelu he give a suggestion to select a food which was good had a good food,Namma Veedu Vasanta Bhavan
Namma Veedu Vasanta Bhavan,"Vegetarian restaurant situated opposite to egmore railway station. Food tastes ok. They dont have ac, so will face heat .",Namma Veedu Vasanta Bhavan
Namma Veedu Vasanta Bhavan,VB is far better. I ate the paya idly here thinking the taste would be like in VB but it is not at all good. Leaving Geetham I came here to eat this especially. It would be my Last time to visit here.,Namma Veedu Vasanta Bhavan
Namma Veedu Vasanta Bhavan,This review is for the one i ordered for my friend through Zomato on (09/09/2025). The amount of  curry is very less in all the supply. And the main part is brinjal curry is spoiled. I wrote review in Zomato too but no body responded. I will never recommend to eat here. Don't waste ur money and health.,Namma Veedu Vasanta Bhavan
Namma Veedu Vasanta Bhavan,"Sasikala., was amazing.. great co ordination.. the food was out if this world.. extremely well organised team.. the food quality was great too.. thanks Namma Veedu Vasantha Bhavan",Namma Veedu Vasanta Bhavan
Namma Veedu Vasanta Bhavan,"Just Opposite to Chennai Egmore
Good Veg Food to get it . …",Namma Veedu Vasanta Bhavan
Namma Veedu Vasanta Bhavan,Happy to see you all again! It was a pleasant morning we stepped in at 7 am. We got a person with face full of smiles to welcome us and give us hot and fresh breakfast. Me and my wife ate 3 idlies and one set poori contains 3 pieces. And …,Namma Veedu Vasanta Bhavan
Namma Veedu Vasanta Bhavan,"Done lunch here during my visit in Chennai.
Food was super. Me and my husband actually were looking for authentic South Indian food and found this restaurant just opposite to the Chennai Egmore Railway …",Namma Veedu Vasanta Bhavan
Namma Veedu Vasanta Bhavan,Mr. Manikandan has done a very good service and he is very polite in handling customers.. highly recommended,Namma Veedu Vasanta Bhavan
Namma Veedu Vasanta Bhavan,I wonder how a single veg fried rice being sold for Rs. 247? (Rs. 235 Price and Rs. 12 tax).. It tastes nothing special than a roadside or small hotel veg rice.. Today I'm fooled. Better chicken Biriyani can be available in Chennai for that …,Namma Veedu Vasanta Bhavan
Namma Veedu Vasanta Bhavan,Loved the mysore masala dosa and seeragasamba pongal. Special mention for manikandan for the warm hospitality.,Namma Veedu Vasanta Bhavan
Namma Veedu Vasanta Bhavan,"Post our purchases in Phoenix Market City, stepped into this restaurant on the second floor.  Got the table immediately but have to wait for quite sometime even to get menu card.  Finally one person came in and asked for our orders.  He …",Namma Veedu Vasanta Bhavan
Namma Veedu Vasanta Bhavan,"Step in only if you're willing to risk your health‼️⁉️

We visited this place today, and it was such a horrible experience that we had …",Namma Veedu Vasanta Bhavan
Namma Veedu Vasanta Bhavan,"Had mini meals at Vasantha Bhavan — food was good and nicely served in a tiffin box.
Service was smooth and pleasant. …",Namma Veedu Vasanta Bhavan
Namma Veedu Vasanta Bhavan,"VB just got a whole different look to itself and it doesn’t fail to impress us. It’s well lit, modern and spacious. Service is the fastest I have experienced. Food is hot and delicious. Plenty of variety available. Restaurant is clean. …",Namma Veedu Vasanta Bhavan
Namma Veedu Vasanta Bhavan,"I had Pistachio podi idly and it was a different and it was good, but the only thing you can expect is a little bit of pistachio. Tho I thought I would have the taste of pistachio a little bit. Our waiter, Illiyaraja was very kind to offer …",Namma Veedu Vasanta Bhavan
Namma Veedu Vasanta Bhavan,"Food was delicious. We ordered masala Dosa, barota and Puri bhaji everything was perfect. Their service was also very good. Great keep it up.",Namma Veedu Vasanta Bhavan
Namma Veedu Vasanta Bhavan,Special mention about VANJARAM TAWA FRY ( veg fish ) recommended by their staff SURIYA. We just loved it and would recommend everyone to give it a try. Great food & service,Namma Veedu Vasanta Bhavan
Namma Veedu Vasanta Bhavan,I feel bad how the quality of food beverage and staff has gone down in VB at Phoenix Mall Velachery. I asked for a simple plain tea and they gave me Masala tea twice. All the people working looked sad or angry don’t know why,Namma Veedu Vasanta Bhavan
Namma Veedu Vasanta Bhavan,"Worst worst worst !

The waiting time was long for dine-in and waiters did not respond properly. …",Namma Veedu Vasanta Bhavan
Namma Veedu Vasanta Bhavan,"""Just wanted to say thanks, Mr Ilayaraja! The service was top-notch, and the food was absolutely delicious. You made our dining experience truly special. Looking forward to coming back! 👍"" …",Namma Veedu Vasanta Bhavan
Namma Veedu Vasanta Bhavan,"Very disappointing experience. Nothing was good here. The food, service, and atmosphere everything was poor. The AC was not working, and the service was extremely bad. …",Namma Veedu Vasanta Bhavan
Namma Veedu Vasanta Bhavan,"Visited on 25 May 2025, between 2:15 PM and 3:15 PM

Our experience at the restaurant was quite disappointing, primarily due to poor …",Namma Veedu Vasanta Bhavan
Namma Veedu Vasanta Bhavan,"This is strange !
Recently I visited here after movie around 6 to 6.15pm,
Ordered varity of idly's and chola poori but I was totally disappointed when …",Namma Veedu Vasanta Bhavan
Namma Veedu Vasanta Bhavan,"Just loved the quality of food here. Taste is great. Coming from Scotland that doesn’t have a single authentic Vegetarian restaurant, my usual go-to places were Sangeetas and saravana bhavans. But, this place at Phoenix blew my mind with …",Namma Veedu Vasanta Bhavan
Namma Veedu Vasanta Bhavan,"Vasanta Bhavan is an all vegetarian south indian food restaurant at Phoenix Mall at the heart of city. Located at second floor, this place is one of the prominent visiting and dining place. Their Snacks and food is indeed Good. They serve …",Namma Veedu Vasanta Bhavan
Namma Veedu Vasanta Bhavan,"The worst place to have food. Worst service provider. All of their staff is interested in servicing only those who order heavy. They have learnt one solid English word ""sorry"" to be used for all occasions. Even the manager is busy for big …",Namma Veedu Vasanta Bhavan
Namma Veedu Vasanta Bhavan,"**Server Feedback – Waiter Karan**

Karan provided excellent service during our visit. He was polite, attentive, and …",Namma Veedu Vasanta Bhavan
Namma Veedu Vasanta Bhavan,"The interior is beautifully done. Their food is great too.

Let's come to the quality of service, it needs immediate help. The staff seem to …",Namma Veedu Vasanta Bhavan
Namma Veedu Vasanta Bhavan,"Customer service and food qas amazing.
Staff Surya, Divya Darshan was attentive and they gave exceptional service and accomodated our request. …",Namma Veedu Vasanta Bhavan
Namma Veedu Vasanta Bhavan,Mr Parthasarathi did a very good job in catering to customers. Would love to see more ppl like him.,Namma Veedu Vasanta Bhavan
Namma Veedu Vasanta Bhavan,The restaurant is very excellent with vegetarian food and extraordinary ambience. the service was quick and very neat. staff names surya was very welcoming and kind towards us. overall totally recommend for a happy and satisfying meal,Namma Veedu Vasanta Bhavan
Namma Veedu Vasanta Bhavan,Our waiter Mr. Ilayaraja was very devoted and sincere. He paid attention to our requests and responded immediately. We had a good time.,Namma Veedu Vasanta Bhavan
Namma Veedu Vasanta Bhavan,We just came for a filter coffee and it was fantastic. The service by Sampath was also very pleasant. He catered to us very friendly and honestly will recommend this place to everyone.,Namma Veedu Vasanta Bhavan
Namma Veedu Vasanta Bhavan,"Thank you Alok for being very friendly and completing all our requests.
The food was wonderful! We tried the puratasi special menu 😍
Atmosphere is lovely!! …",Namma Veedu Vasanta Bhavan
Namma Veedu Vasanta Bhavan,i had ordered for a plate of idlis and this is the first time in my life i am seeing an Idli so thin. VB is it the new version of idlis ?  I am sure a good south indian wont say that this is an  idli or you have a chef who doesnt know what …,Namma Veedu Vasanta Bhavan
Namma Veedu Vasanta Bhavan,Extremely poor customer service and no accountability. I ordered North Indian meals with out other order at 1:35 PM. Initially they said that the North Indian meals will take time and they said  20 minutes. Some time later we followed up …,Namma Veedu Vasanta Bhavan
Namma Veedu Vasanta Bhavan,#NAME?,Namma Veedu Vasanta Bhavan
Namma Veedu Vasanta Bhavan,"Pistachio podi idly over prized. These were just mini idlies, with pistachio toppings. ₹295 is too much compared to a ₹95 for a normal plate if idly.",Namma Veedu Vasanta Bhavan
Namma Veedu Vasanta Bhavan,"The worst South Indian restaurant experience ever. I had high expectations of this establishment. However after seeing multiple roaches and subpar quality of the menu (see images), I cancelled my order and left. What was worse was that the …",Namma Veedu Vasanta Bhavan
Namma Veedu Vasanta Bhavan,So this place is located in phoenix Mall Velachery and is a very famous south indian restaurant.The place was small but had well done bluish interiors with great ambiance.The service however is disappointing has they don't listen to you …,Namma Veedu Vasanta Bhavan
Namma Veedu Vasanta Bhavan,This shop is located inside pheonix market City Velachery. It is the only good restaurant for vegetarian in the mall. Food tastes good but can be improved. Always crowded especially during lunch.  We have wait to get a table here. Everytime …,Namma Veedu Vasanta Bhavan
Namma Veedu Vasanta Bhavan,"Food is yummy and quick service as well, Ms. Alok's service was excellent 👍 …",Namma Veedu Vasanta Bhavan
Namma Veedu Vasanta Bhavan,"Comfort vegetarian food place with good ambience.
They have amply options in both north indian and south indian cuisine. They also offer pastries and juices. …",Namma Veedu Vasanta Bhavan
Namma Veedu Vasanta Bhavan,"Mr Suresh, was so dedication 👏 while doing the service and quick response

Good person after long time am seeing this type of persons in VB in Velachery …",Namma Veedu Vasanta Bhavan
Namma Veedu Vasanta Bhavan,"Every time I come to Phoenix for seeing cinema, I invariably visit Vasanta Bhavan. Yesterday on 6 November 2025, I came to Phoenix with my wife for seeing the movie Kanthara that started at 2 PM. We arrived at Phoenix at around 1.15 PM. We …",Namma Veedu Vasanta Bhavan
Namma Veedu Vasanta Bhavan,Fruit juice which costed 200Rs was made with warm/luke warm water🙃 Had to ask them to add ice to it. Have no idea why they dont serve it with ice in the first place …,Namma Veedu Vasanta Bhavan
Namma Veedu Vasanta Bhavan,Sampath provided excellent service and suggested to try the day’s special - something new for me. Thoroughly enjoyed the chuka dosa,Namma Veedu Vasanta Bhavan
Namma Veedu Vasanta Bhavan,"The food was delicious and full of flavor. The service was excellent Mr. Sampath , he is very polite and  attentive, and made us feel very comfortable. Highly recommended!",Namma Veedu Vasanta Bhavan
Namma Veedu Vasanta Bhavan,"If you are Phoenix Mall and looking for proper Veg restaurant. This is the place. It is in 2nd floor. If you are here for a movie at Luxe, you can have food in the very same floor. …",Namma Veedu Vasanta Bhavan
Namma Veedu Vasanta Bhavan,"This hotel had really good food, and the service was also excellent. The staff responded well and greeted us very nicely. A tablet service staff member named Chinna Thambi treated me very kindly thanks to him💓 …",Namma Veedu Vasanta Bhavan
Namma Veedu Vasanta Bhavan,Had lunch in Vasantha Bhavan phoenix mall branch had good biryani and the staff mr Ilayaraja gave a humble service and was very cordial and helpful,Namma Veedu Vasanta Bhavan
Namma Veedu Vasanta Bhavan,Lot of confusion in allotment of seats during peak hrs. No token system. Can have better organized system. Food options also very limited even compared with other branches same food chain.  Better using the food court in the mall. Needs improvement.,Namma Veedu Vasanta Bhavan
Namma Veedu Vasanta Bhavan,Had a great meal here. Our server Jayakumar was very friendly and helpful in assisting here,Namma Veedu Vasanta Bhavan
Namma Veedu Vasanta Bhavan,"This is the first time, I have visited this restaurant to have our dinner. This restaurant was located in phoenix Market city. While entering the restaurant....we saw the crowd of people occupied all the tables. We found our table and …",Namma Veedu Vasanta Bhavan
Namma Veedu Vasanta Bhavan,"Long serving time, servers keep moving away once you have given the order. We ordered idly and was shocked to see it served in a plastic plate that was completely not clean too. Charging 85 rs per plate for this service is completely …",Namma Veedu Vasanta Bhavan
Namma Veedu Vasanta Bhavan,"We Went to this restaurant today and had the worst experience. after going in and after we were seated, they didn't even look at us for 20 minutes and we had to call them repeatedly and only after we went and asked in the billing counter …",Namma Veedu Vasanta Bhavan
Namma Veedu Vasanta Bhavan,"Date - Jan 02 2026 9.30 PM

Poor service, very disappointment. …",Namma Veedu Vasanta Bhavan
Namma Veedu Vasanta Bhavan,"Udaya was very helpful and considerate, helping with spilled juice as well. Patient and hospitable. Thanks to Vasanta bhavan for hiring such great staff.",Namma Veedu Vasanta Bhavan
Namma Veedu Vasanta Bhavan,"I generally like the taste and their services but this time I really got disappointed  in their quality of food. I ordered bonda , in which I saw hair on it.  I don't want to say this as a complaint but when you serve to people look into the  hygiene.",Namma Veedu Vasanta Bhavan
Namma Veedu Vasanta Bhavan,"Very Good Vegetarian Restaurant, especially non veg like taste for dishes",Namma Veedu Vasanta Bhavan
"Namma Veedu Vasanta Bhavan - Maduravoyal, Chennai","Namma Veedu Vasantha Bhavan on Poonamallee High Road, Chennai, is generally appreciated for its authentic South Indian vegetarian food, with good dosas, idly, and other traditional dishes. The ambiance is described as pleasant and suitable …",Namma Veedu Vasanta Bhavan
"Namma Veedu Vasanta Bhavan - Maduravoyal, Chennai","Very poor service. It took nearly 30 minutes just for the server to come and take our order, even after we complained. We ordered 7 veg meals, yet had to wait another 30 minutes for the food. There seems to be very little manpower, and …",Namma Veedu Vasanta Bhavan
"Namma Veedu Vasanta Bhavan - Maduravoyal, Chennai","Worst food, below average service and zero responsibility. Chilli Gobi full on sweet - roadside fast food serves better. Veg omlet is the biggest scam, Sambar is just a little better than local shops, rasam is good.",Namma Veedu Vasanta Bhavan
"VB World By Namma Veedu Vasanta Bhavan - Saligramam %28Vadapalani%29, Chennai","New dining experience in a massive atmosphere, excellent varities, mouth lingering and very good hospitality!!
To appreciate Jayanthi and Surya ( Sun) was taking care of us sincerely!!",Namma Veedu Vasanta Bhavan
"VB World By Namma Veedu Vasanta Bhavan - Saligramam %28Vadapalani%29, Chennai",They have recently opened here. Tried their meals and it's just waste of Money. They charge 300 for gold plate meal and nothing good in that. Only they made great ambience with huge seating capacity. Haven't tried their other items. This …,Namma Veedu Vasanta Bhavan
"VB World By Namma Veedu Vasanta Bhavan - Saligramam %28Vadapalani%29, Chennai","Went to this recently opened restaurant- quite an upscale place. They do have variety of food options and I wanted to give it a shot on their new line of culinary creations and dining,  it was scrumptious . I appreciate courteous service by …",Namma Veedu Vasanta Bhavan
"VB World By Namma Veedu Vasanta Bhavan - Saligramam %28Vadapalani%29, Chennai","Great food and exceptional service makes you feel good. Wonderful experience.

Courteous staff explains food menu in detail by Mr Shashikumar …",Namma Veedu Vasanta Bhavan
"VB World By Namma Veedu Vasanta Bhavan - Saligramam %28Vadapalani%29, Chennai","I had dinner with my family, over all good experience. Taste wise good, quantity is low, big parking space, luxury ambience, service also good.",Namma Veedu Vasanta Bhavan
"VB World By Namma Veedu Vasanta Bhavan - Saligramam %28Vadapalani%29, Chennai",It was a. Awesome experience dining in there. There was a waiter names sun who was very kind and did good service. Thankyou so much VB for giving a beautiful and memorable lunch experience,Namma Veedu Vasanta Bhavan
"VB World By Namma Veedu Vasanta Bhavan - Saligramam %28Vadapalani%29, Chennai","Had a dinner at vb world located near saligramam (1km from Vadapalani).We ordered Plain dosa,Parotta and Filter coffee.The dosa which I had in their Tambaram branch was very good but I was very disappointed at the taste of sambar in this …",Namma Veedu Vasanta Bhavan
"VB World By Namma Veedu Vasanta Bhavan - Saligramam %28Vadapalani%29, Chennai","Nice Ambience , food was okay .

We went for breakfast on a Sunday morning. The Ghee idly had very less sambhar . …",Namma Veedu Vasanta Bhavan
"VB World By Namma Veedu Vasanta Bhavan - Saligramam %28Vadapalani%29, Chennai","Excellent ambience and good food, quite a few variety. The service by Jayanthi and Rose needs special mention. Patient and professional.",Namma Veedu Vasanta Bhavan
"VB World By Namma Veedu Vasanta Bhavan - Saligramam %28Vadapalani%29, Chennai","Ample car parking, above average food quality and friendly service.
They have wide variety of food range and it's kind of luxury dining experience.
It's pretty new when I went and perhaps it will take couple of months to settle down.",Namma Veedu Vasanta Bhavan
"VB World By Namma Veedu Vasanta Bhavan - Saligramam %28Vadapalani%29, Chennai","We chose VB House Vadapalani for our event, and it was a fantastic decision. We were particularly impressed by the new, scenic party hall and the exceptional service provided by the management team. …",Namma Veedu Vasanta Bhavan
"VB World By Namma Veedu Vasanta Bhavan - Saligramam %28Vadapalani%29, Chennai","An absolute gem! The taste was top-notch, and every dish felt authentic and fresh. A huge shoutout to waiter Mr.Kandhan, whose service was attentive and genuinely friendly. The ambience created such a relaxing mood, and the best part? The pricing was very cozy and fair for the quality.",Namma Veedu Vasanta Bhavan
"VB World By Namma Veedu Vasanta Bhavan - Saligramam %28Vadapalani%29, Chennai",Went in for breakfast.excellent service by Mr. Rajendran and team. good quality food. Good ambience and background music,Namma Veedu Vasanta Bhavan
"VB World By Namma Veedu Vasanta Bhavan - Saligramam %28Vadapalani%29, Chennai",Atmosphere and service were excellent...one mr.ekra did a good job....food need improvement...soup can be better fried rice and manjurian was good....Good joint...large car parking,Namma Veedu Vasanta Bhavan
"VB World By Namma Veedu Vasanta Bhavan - Saligramam %28Vadapalani%29, Chennai",Good service Mr Rajendran excellent amazing place very beautiful,Namma Veedu Vasanta Bhavan
"VB World By Namma Veedu Vasanta Bhavan - Saligramam %28Vadapalani%29, Chennai","We recently visited VB World Vija, which has just opened and is being promoted as a destination for global cuisine alongside Indian favorites. Naturally, we went in with high expectations, especially given the hype around its concept and …",Namma Veedu Vasanta Bhavan
"VB World By Namma Veedu Vasanta Bhavan - Saligramam %28Vadapalani%29, Chennai",The food was exceptional with so many varieties and our waiters Ajay and Jayanthi were very helpful with suggestions and had great customer service skills! Really enjoyed the new Pongal release pistachio podi Idli!!,Namma Veedu Vasanta Bhavan
"VB World By Namma Veedu Vasanta Bhavan - Saligramam %28Vadapalani%29, Chennai","Honestly we came with lot of expectations… honestly food is so bad
Pain poori - god helps the person he or she should think in his or her mind that was pani poori, …",Namma Veedu Vasanta Bhavan
"VB World By Namma Veedu Vasanta Bhavan - Saligramam %28Vadapalani%29, Chennai","Recently I went here for lunch with my daughter, we had meals, the taste and quality of the food was good, there is not enough space to park two cars",Namma Veedu Vasanta Bhavan
"VB World By Namma Veedu Vasanta Bhavan - Saligramam %28Vadapalani%29, Chennai","⭐️⭐️☆☆☆

Visited the new Vasanta Bhavan  (VB WORLD( branch in Saligramam. While the …",Namma Veedu Vasanta Bhavan
"VB World By Namma Veedu Vasanta Bhavan - Saligramam %28Vadapalani%29, Chennai",Thanks. Need to improve food taste. Rest all best. Thanks AJAY for your patience and service quality.,Namma Veedu Vasanta Bhavan
"VB World By Namma Veedu Vasanta Bhavan - Saligramam %28Vadapalani%29, Chennai",Ekra Ahmed - Good service by him in VB world. Polite and humble person. VB world ambience is outstanding! The OG veg restaurant in saligramam. The most awaited one!!!,Namma Veedu Vasanta Bhavan
"VB World By Namma Veedu Vasanta Bhavan - Saligramam %28Vadapalani%29, Chennai","Expansive menu.
No prior table booking on weekends . First come first served . Minimum 10 mins wait time . …",Namma Veedu Vasanta Bhavan
"VB World By Namma Veedu Vasanta Bhavan - Saligramam %28Vadapalani%29, Chennai","Best food and service..
Must try food veg tawa fish fry and also best customer service given by jayanthi and chapao... Keep rocking with new varities",Namma Veedu Vasanta Bhavan
"VB World By Namma Veedu Vasanta Bhavan - Saligramam %28Vadapalani%29, Chennai",This boy made us feel a king service was top notch ..!! Felt no AC other thn that everything is was good,Namma Veedu Vasanta Bhavan
"VB World By Namma Veedu Vasanta Bhavan - Saligramam %28Vadapalani%29, Chennai",Very good service. Food suggestions by Ms. Jayanthi and Ms. Rose was very helpful. They were enthusiastic to make us satisfied with food choices. Very good training by the management. Kudos! Keep it up. God bless.,Namma Veedu Vasanta Bhavan
"VB World By Namma Veedu Vasanta Bhavan - Saligramam %28Vadapalani%29, Chennai","Excellent food, best place for veg and wonderful customer treatment by Jasmine, best staff for sure, made us feel lyk home",Namma Veedu Vasanta Bhavan
"VB World By Namma Veedu Vasanta Bhavan - Saligramam %28Vadapalani%29, Chennai",Today I happen to visit VB World Saligramam for Breakfast. Its a new and big place. Atmosphere is premium 👌 has  upmarket upholstery. Ample parking and good service. Plenty of food varieties both South and North Indian. Hope they maintain the shine and pristine condition for long time. …,Namma Veedu Vasanta Bhavan
"VB World By Namma Veedu Vasanta Bhavan - Saligramam %28Vadapalani%29, Chennai",South Indian fine. Other items not so good. Very costly. Service is very slow,Namma Veedu Vasanta Bhavan
"VB World By Namma Veedu Vasanta Bhavan - Saligramam %28Vadapalani%29, Chennai",Jeyanthi & Rose wer e so froendly and loved the whole service,Namma Veedu Vasanta Bhavan
"VB World By Namma Veedu Vasanta Bhavan - Saligramam %28Vadapalani%29, Chennai","Lovely new addition to the Vadapalani–Saligramam vegetarian food scene. Great ambience, very spacious. Easily handles 150+ covers. Ample parking, and even the waiting area is done well. …",Namma Veedu Vasanta Bhavan
"VB World By Namma Veedu Vasanta Bhavan - Saligramam %28Vadapalani%29, Chennai",Good vegetarian restaurant.  Hospitality of the staffs are excellent. Ample parking with extra drivers.,Namma Veedu Vasanta Bhavan
"VB World By Namma Veedu Vasanta Bhavan - Saligramam %28Vadapalani%29, Chennai","Excellent food and wonder atmosphere.
Rajendran provided the food service and made us feel at home. He’s been around for 20 years and he’s never failed to greet me once. Happy to see him here in VB world, with a modern twist",Namma Veedu Vasanta Bhavan
"VB World By Namma Veedu Vasanta Bhavan - Saligramam %28Vadapalani%29, Chennai","Right off the bat, the restaurant has great ambience and a dedicated living room with apt amount of seats. Despite the restaurant being insanely crowded, service was surprisingly fast. Kudos to the kitchen and service staff. Food wise, they …",Namma Veedu Vasanta Bhavan
"VB World By Namma Veedu Vasanta Bhavan - Saligramam %28Vadapalani%29, Chennai","Great food, wonderful atmosphere, excellent service. Will be back to enjoy this restaurant more!! Special mention to Ajay for his friendly service!!",Namma Veedu Vasanta Bhavan
"VB World By Namma Veedu Vasanta Bhavan - Saligramam %28Vadapalani%29, Chennai",Excellent Restaurant for the families.. Quality and tasty food..,Namma Veedu Vasanta Bhavan
"VB World By Namma Veedu Vasanta Bhavan - Saligramam %28Vadapalani%29, Chennai","Excellent ambiance, wonderful service done by Jeyanthi and Hridoy. Food is delicious and yummy.. Appreciate the entire team",Namma Veedu Vasanta Bhavan
"VB World By Namma Veedu Vasanta Bhavan - Saligramam %28Vadapalani%29, Chennai","The food was delicious.There were many varieties.All of them were tasty.The service was excellent.The waiter, Ajay was really nice to us and recommended few dishes which were delicious.He also served us the food faster.",Namma Veedu Vasanta Bhavan
"VB World By Namma Veedu Vasanta Bhavan - Saligramam %28Vadapalani%29, Chennai","Had an amazing Experience at the new Namma Veedu Vasanta Bhavan @ Saligramam.
Kushi was our host and had an awesome service .
Always Smiley face and friendly . Helps on tables. …",Namma Veedu Vasanta Bhavan
"VB World By Namma Veedu Vasanta Bhavan - Saligramam %28Vadapalani%29, Chennai","The transition from Namma Veedu Vasantha Bhavan to this new VB world has been truly impressive. From the thoughtfully designed parking space to the five-star-like interiors, this feels like a complete game changer in the vegetarian dining …",Namma Veedu Vasanta Bhavan
"VB World By Namma Veedu Vasanta Bhavan - Saligramam %28Vadapalani%29, Chennai","""Just had an amazing experience at your restaurant! 👌 Ajay, the service was top-notch – super attentive and made our dinner extra special. Loved the food too! 👍"" …",Namma Veedu Vasanta Bhavan
"VB World By Namma Veedu Vasanta Bhavan - Saligramam %28Vadapalani%29, Chennai","Jainthi superb service.. Nice products, various dishes to taste... Gud place to hang on",Namma Veedu Vasanta Bhavan
"VB World By Namma Veedu Vasanta Bhavan - Saligramam %28Vadapalani%29, Chennai","We had a wonderful dining experience thanks to Vindhiya. She was extremely kind, attentive, and made sure we were comfortable throughout our visit. Her polite behaviour, quick service, and friendly attitude truly stood out. It’s staff like her who make customers want to return again. Thank you, Vindhiya, for your excellent service!",Namma Veedu Vasanta Bhavan
"VB World By Namma Veedu Vasanta Bhavan - Saligramam %28Vadapalani%29, Chennai",The food was impeccable. Mr.Ajay's service was amazing and he explained the food items in clear detail. Great job!,Namma Veedu Vasanta Bhavan
"VB World By Namma Veedu Vasanta Bhavan - Saligramam %28Vadapalani%29, Chennai","Excellent service we enjoyed the day.
The captain CHAKRAWARTHY who serviced a young chap very enthusiasm best attitude. …",Namma Veedu Vasanta Bhavan
"VB World By Namma Veedu Vasanta Bhavan - Saligramam %28Vadapalani%29, Chennai",Extremely high price. Other than this everything is good.,Namma Veedu Vasanta Bhavan
"VB World By Namma Veedu Vasanta Bhavan - Saligramam %28Vadapalani%29, Chennai",Excellent service by Jasmine. Very polite and welcoming. Good food and varied options with an enticing ambience,Namma Veedu Vasanta Bhavan
"VB World By Namma Veedu Vasanta Bhavan - Saligramam %28Vadapalani%29, Chennai",Excellent service and ambience. Mr Ajay did an amazing job of serving us. His attitude was very good and positive. We enjoyed the food. Overall amazing experience 😀 …,Namma Veedu Vasanta Bhavan
"VB World By Namma Veedu Vasanta Bhavan - Saligramam %28Vadapalani%29, Chennai",Food was amazing. Good service provided by Mr.Ajay,Namma Veedu Vasanta Bhavan
"VB World By Namma Veedu Vasanta Bhavan - Saligramam %28Vadapalani%29, Chennai",Food was really good. Nice service. Jasmine helped with choosing the best choice for our taste.,Namma Veedu Vasanta Bhavan
Namma Veedu Vasanta Bhavan,"Very bad ambience.. lot of flies
Worst Maintenance of toilets
Old restaurant …",Namma Veedu Vasanta Bhavan
Namma Veedu Vasanta Bhavan,"Very disappointing experience at Namma Veedu Vasantha Bhavan, Vadapalani branch. …",Namma Veedu Vasanta Bhavan
Namma Veedu Vasanta Bhavan,"One of the worst experiences I’ve had here. I usually never give reviews like this, but this visit was a complete disappointment. There was no AC or even fan provision near my seat, which made it very uncomfortable. …",Namma Veedu Vasanta Bhavan
Namma Veedu Vasanta Bhavan,"Worst experience ever had. No air conditioning dinning,cooling water. Taste is not even upto mark but price is equal to other branches. Worst ambience and taste  when compared to namma veedu vasanta bhavan other branches",Namma Veedu Vasanta Bhavan
Namma Veedu Vasanta Bhavan,Not worth it for the cost paid. Overcharged for a poor quality food and services. Rs.150 for an onion dosa and rs. 120 for poori set. For extra sambhar need to plead. The restaurant was haunted and wornout. It's already evident why it is …,Namma Veedu Vasanta Bhavan
Namma Veedu Vasanta Bhavan,"Very bad restaurant in chennai i visited , i think they have lot of branches they All very busiest i visited here 7 am im a traveller i visited here due to mind of just refreshment but unfortunately they have oustside look only even there …",Namma Veedu Vasanta Bhavan
Namma Veedu Vasanta Bhavan,"The food was really nice. They have wide variety and many options. Many cousines are included.. the service to the dot. Many people were ready to serve you.. Rajendran was very kind and nice , he gave good quality suggestion on food as well",Namma Veedu Vasanta Bhavan
Namma Veedu Vasanta Bhavan,Very worst experience I have faced worst service waste of money no fans are working no responsible on staffs behaviour too many time waiting for chutney for more than half hrs very worst experience for ya single dosa,Namma Veedu Vasanta Bhavan
Namma Veedu Vasanta Bhavan,"Very worst, if you cannot maintain please close the shop. Very worst food quality. Zero maintenance, no AC in ac hall. Check the soup - sweet corn soup, served in ice cream bowl. …",Namma Veedu Vasanta Bhavan
Namma Veedu Vasanta Bhavan,"Loved the dip sambar vadai ,and also the podi dosa ,it was very tasty",Namma Veedu Vasanta Bhavan
Namma Veedu Vasanta Bhavan,The worst hotel ever I visited. We went to this hotel with the family. But there were no toilet availability and they navigated to another place but that toilet is not cleaned and not usable anymore. Even I complaint this worst behaviour to …,Namma Veedu Vasanta Bhavan
Namma Veedu Vasanta Bhavan,"Muruganandham is the one who services us, who did very well.

There were mosquitoes and the rest room is okay not that much good. The price is …",Namma Veedu Vasanta Bhavan
Namma Veedu Vasanta Bhavan,"Service was extremely bad. We were 4 people, and they didn't get 2 extra chairs for about 10 mins even though it was right there and the waiters were just standing there. Food took an extremely long time to arrive, and the idli was very …",Namma Veedu Vasanta Bhavan
Namma Veedu Vasanta Bhavan,Great food and excellent service! The staff were very polite and attentive. Had a wonderful experience. Especially Karpagam anad Sivaranjani are very polite and sweet behaviour 😊 …,Namma Veedu Vasanta Bhavan
Namma Veedu Vasanta Bhavan,"Honestly taste of the food is very normal.

We have to call for Sambar and Chutney, as no one is nearby. …",Namma Veedu Vasanta Bhavan
Namma Veedu Vasanta Bhavan,"Located in prime spot in Chennai at 100feet road Vadapalani.
Two halls with different seating capacity, one with 150 and another one is with around 50. Separate dining hall for both the party hall. The bigger one has some …",Namma Veedu Vasanta Bhavan
Namma Veedu Vasanta Bhavan,"Fell for the name 😂 the quality of this place sucks mann 🤣 the whole Ambience is bad , poorly lit.
I would not suggest you to have a nice family dinner in this place tbh. …",Namma Veedu Vasanta Bhavan
Namma Veedu Vasanta Bhavan,"We visited this place yesterday and honestly to say, the food was very normal. There was no Ac no proper working fans and waiting time for food was long.",Namma Veedu Vasanta Bhavan
Namma Veedu Vasanta Bhavan,Vasantha Bhavan nu nambi poneenganna Vasantham irukkadhu Varutham thaan da irukkum …,Namma Veedu Vasanta Bhavan
Namma Veedu Vasanta Bhavan,Such a wonderful experience in @nammaveeduvasantabhavan in their Koyambedu Branch. …,Namma Veedu Vasanta Bhavan
Namma Veedu Vasanta Bhavan,"Fantastic service staff Siva ranjani , she's very polite and full responsible women . She's taking special care of me and my friends in the food time feel like home.",Namma Veedu Vasanta Bhavan
Namma Veedu Vasanta Bhavan,Staying at Ginger Vadapalani Vasantha bhavan was our eat stop for 3 days. We had nice experience here 3-4 times we visited for both breakfast and dinner. The price were reasonable and the quality/quantity/taste were up to the mark. They …,Namma Veedu Vasanta Bhavan
Namma Veedu Vasanta Bhavan,"You offers a comforting South Indian vegetarian experience  it has become a go-to destination for those craving classic Tamil cuisine in a clean, family-friendly setting. …",Namma Veedu Vasanta Bhavan
Namma Veedu Vasanta Bhavan,Not value for money. No proper service and lot of food items not available there.  Not in good taste.,Namma Veedu Vasanta Bhavan
Namma Veedu Vasanta Bhavan,"Worst Ambience, No AC, no air circulation, worst food, costly food. No feedback book, online feedback not working, no response from cashier and Manager. Overall worst experience. Don't plan for this place.",Namma Veedu Vasanta Bhavan
Namma Veedu Vasanta Bhavan,"Recently had a function held there ,Service is wrost , people have no manners nd how to behave even if we are their coustomers pointing towards coustomers nd calling them in rude manner with no basic common sense or humanity,they had …",Namma Veedu Vasanta Bhavan
Namma Veedu Vasanta Bhavan,"We had a terrible dining experience. The food made us sick, and the prices were way too high. The place was poorly maintained - we noticed moisture on the walls. The water that offered us wasn't mineral water, and the handwashing water was yellow and dirty. After all this, the staff dared to ask us to leave a positive Google review 🤯 …",Namma Veedu Vasanta Bhavan
Namma Veedu Vasanta Bhavan,"Highly overpriced compared to similar restaurants. The ambience is poor, the service is disappointing, and the food is just average. Overall, it’s definitely not worth the money they are charging.",Namma Veedu Vasanta Bhavan
Namma Veedu Vasanta Bhavan,"Terrible atmosphere! no ac, no fans working its all empty. I came here for breakfast after watching the reviews. But to my suprise its not even close to one star ! Taste of the food is also terrible. …",Namma Veedu Vasanta Bhavan
Namma Veedu Vasanta Bhavan,Top restaurant in tamilnadu but doesn't have Airconditioner up and running. No AC was running during the afternoon time 😕 public upset. Hope the restaurant sort out this problem immediately …,Namma Veedu Vasanta Bhavan
Namma Veedu Vasanta Bhavan,"We visited as a family of 8 and ordered baby corn manchurian, mixed veg fried rice, parotta with kurma, and veg meals. …",Namma Veedu Vasanta Bhavan
Namma Veedu Vasanta Bhavan,Rats are running in the dining area there is no A/C and no lights and some lights are blinking atmosphere is bad maintaining but price are too high for that ambiance. And I had a bad experience in that hotel.,Namma Veedu Vasanta Bhavan
Namma Veedu Vasanta Bhavan,Worst maintenance by the team. No proper hand wash in the wash room and didn't have proper to serve the people. Taking and delivering the food took long time. Please refer the fotos where they served fruit salad for lunch which we ordered. …,Namma Veedu Vasanta Bhavan
Namma Veedu Vasanta Bhavan,"As expected the food was really very good. The service was also up to the mark... Only for the ambience which was really very old, it needs renovation... But otherwise full mark to them...
Keep up the good work....",Namma Veedu Vasanta Bhavan
Namma Veedu Vasanta Bhavan,"Everything is not worth. Food, service & Ambience. Non hygienic place. Will never visit again & will not refer also.
Location is plus point but everything else is waste.",Namma Veedu Vasanta Bhavan
Namma Veedu Vasanta Bhavan,"Our Lorry Owner Welfare association arranged a meeting today which turned out to be an amazing experience in Namma veedu vasantha bhavan. The name says it all, literally felt like namma veedu with their hospitality and their care towards …",Namma Veedu Vasanta Bhavan
Namma Veedu Vasanta Bhavan,Though the food was kinda average.The service provided by sivaranjini was very good ..,Namma Veedu Vasanta Bhavan
Namma Veedu Vasanta Bhavan,"The service of Mrs. Sivaranjani was really good. She served with smile and dedication.
She often asked about our order n taste of good. Really a pleasing personality.",Namma Veedu Vasanta Bhavan
Namma Veedu Vasanta Bhavan,"Price is too costly, instead kindly checkout other options. Some items in menu are not available on Sunday’s too. …",Namma Veedu Vasanta Bhavan
Namma Veedu Vasanta Bhavan,To I had a breakfast at Vadapalani 100 feet rd the masala dosa cost 135 but compared to local hotel Vasantha bhavan dosa can't come near by that the potato was not cooked and a normal road side dosa is better than this do think I will visit …,Namma Veedu Vasanta Bhavan
Namma Veedu Vasanta Bhavan,"We had good lunch on Saturday
The ambience needs improvement
Spacious car parking available",Namma Veedu Vasanta Bhavan
Namma Veedu Vasanta Bhavan,Worst ambience for such a famous restaurant..! Hated the experience. The taste was very okayish.. parotta tasted as if it's reheated.. bad pricing.. bad restrooms.. only decent service. Wish I haven't gone here,Namma Veedu Vasanta Bhavan
Namma Veedu Vasanta Bhavan,Food was very nice by service  karpagam,Namma Veedu Vasanta Bhavan
Namma Veedu Vasanta Bhavan,Very good service by Jayanthi and nice food also,Namma Veedu Vasanta Bhavan
Namma Veedu Vasanta Bhavan,"Ordered chilli parotta , gobi 65 , chapati, terrible taste and more salt in all dish ...Oil smell reflects in dish... My worst experience... Interior and ambient good place ... Quality of food is more important...",Namma Veedu Vasanta Bhavan
Namma Veedu Vasanta Bhavan,"Food is perfect, hospitality is amazing, good service but terrible atmosphere and ambience, the hotel is full of mosquitoes couldn't able to eat in peace.",Namma Veedu Vasanta Bhavan
Namma Veedu Vasanta Bhavan,Shivaranjani service was excellent. Food was nice I had podi uttappam also good taste.,Namma Veedu Vasanta Bhavan
Namma Veedu Vasanta Bhavan,This is the worst restaurant i have ever seen in my life time. They are not eligible to run a restaurant. They are very worst in attending customers. The manager is the person who doesnt know how to maintain a restaurant and the food is …,Namma Veedu Vasanta Bhavan
Namma Veedu Vasanta Bhavan,"My visit to Namma Veedu Vasanta B... was truly dismal 🤢. The food was unappetizing 🤢, and the service was beyond slow and inattentive 🐌. The atmosphere was unwelcoming and dreary 😩, making for an unpleasant meal overall. Please never visit this place. …",Namma Veedu Vasanta Bhavan
Namma Veedu Vasanta Bhavan,Food nice taste and awesome.service good calm mr.murugan,Namma Veedu Vasanta Bhavan
Namma Veedu Vasanta Bhavan,"I loved how the menu had all the South Indian classics, plus many things I've never heard of! …",Namma Veedu Vasanta Bhavan
Namma Veedu Vasanta Bhavan,Full of fraud.  Everywhere they mentioned 60 rupees for breakfast but while order the person said not available.  Then I asked for Masala dosa. He given one vada in the plate. …,Namma Veedu Vasanta Bhavan
Namma Veedu Vasanta Bhavan,"Quality of the place is deteriorating with time.
The way they had packed my food was so cheap.  Even a road side shop would do a better job. …",Namma Veedu Vasanta Bhavan
Namma Veedu Vasanta Bhavan,"Not even worth for single Star.
Not value for the money you spend.
Worst Service,  worst quality foods. …",Namma Veedu Vasanta Bhavan
Namma Veedu Vasanta Bhavan,Was an amazing experience at 5 am near the station. Mr.Esakimuthu served us well before the restaurant opened and does it with a welcoming smile ! Highly recommend this place !,Namma Veedu Vasanta Bhavan
Namma Veedu Vasanta Bhavan,The atmosphere was good and looked cool. It is located just in front of the Egmore railway station. …,Namma Veedu Vasanta Bhavan
Namma Veedu Vasanta Bhavan,"Mr. Selvam' s service is worth commendable with care and hospitality. Good food and traditional taste of tamilnadu, not too spicy. Just opposite to Egmore station, nice outlet to have goodvfood",Namma Veedu Vasanta Bhavan
Namma Veedu Vasanta Bhavan,Recently I have visited Vasantha bavan hotal near egmore railway station. The food was very tasty and the staff are very humble and serve very fastly.espasially the staff rathi who serve very humble and kind. You can food ask without hesitation in each and every staffs.,Namma Veedu Vasanta Bhavan
Namma Veedu Vasanta Bhavan,"WORST COFFEE EVER!

Please don't visit this restaurant if you are a morning coffee person. I never …",Namma Veedu Vasanta Bhavan
Namma Veedu Vasanta Bhavan,Good food staff behaviour also good servent Rahul did his job perfectly,Namma Veedu Vasanta Bhavan
Namma Veedu Vasanta Bhavan,l had a great time eating yummy all day breakfast here the waiters Rahul here are friendly I really like your interior design here reasonable price 🥰 …,Namma Veedu Vasanta Bhavan
Namma Veedu Vasanta Bhavan,Had Mini Tiffin at Egmore Outlet. Quality was excellent. Service by Mr. Rahul was exemplary. Keep it up. Happy Pongal. …,Namma Veedu Vasanta Bhavan
Namma Veedu Vasanta Bhavan,Good place to have some snacks. Incase you are coming for train. You can have your breakfast dinner lunch here.,Namma Veedu Vasanta Bhavan
Namma Veedu Vasanta Bhavan,I personally recommended this restaurant . Service person rathi treat friendly good experience in this restaurant …,Namma Veedu Vasanta Bhavan
Namma Veedu Vasanta Bhavan,"too high priced! Preparation is just ordinary. Staff behaviour is equally good..
Not recommended at all",Namma Veedu Vasanta Bhavan
Namma Veedu Vasanta Bhavan,Had a wonderful dining experience here.the food was flavourful and presented beautiful.Mr . Rahul was friendly & attentive . Definitely a place I will be coming back to and recommending to others.,Namma Veedu Vasanta Bhavan
Namma Veedu Vasanta Bhavan,"Coustomer service very nice
And atmospheric super
Opposit railway station
Good service selvam keep it up boy",Namma Veedu Vasanta Bhavan
Namma Veedu Vasanta Bhavan,Really total waste . Not even worth a single star . 2 old heated parotta costs Rs.100/- . Biggest scam happening here . I recommend no one to go here . Better search for some other hotel nearby,Namma Veedu Vasanta Bhavan
Namma Veedu Vasanta Bhavan,Stopped here after a day out my friend our waiter was great food was delicious will definitely be coming back,Namma Veedu Vasanta Bhavan
Namma Veedu Vasanta Bhavan,We ordered pongal and vada. The chutney was spoilt and sambar was not good.,Namma Veedu Vasanta Bhavan
Namma Veedu Vasanta Bhavan,"Today ordered 5 single idlies in namma vasantha bhavan opposite to Egmore station and they charged ₹130, so each cost ₹26. But in the parcel we had only 4 idlies. May be ₹26 is a less amount for you, but not for us. Please be careful and don't let this happen again.",Namma Veedu Vasanta Bhavan
Namma Veedu Vasanta Bhavan,"We had ""Chennai Meals"", taste wise it was good!

Varietes were limited. …",Namma Veedu Vasanta Bhavan
Namma Veedu Vasanta Bhavan,They take very good care of people. Things were fast and food was best,Namma Veedu Vasanta Bhavan
Namma Veedu Vasanta Bhavan,"Good service in this restaurant
Especially: Kadai paneer with Chappati taste wise too good & sweets also very nice",Namma Veedu Vasanta Bhavan
Namma Veedu Vasanta Bhavan,"I've had a great experience in here...and also the service was quite impressive..
And I thank mr selvam who is working in here served really good...",Namma Veedu Vasanta Bhavan
Namma Veedu Vasanta Bhavan,I went expecting good taste .but spoiled my taste. Chutney and dosa batter were old in taste . Sour,Namma Veedu Vasanta Bhavan
Namma Veedu Vasanta Bhavan,Such a great place with very friendly staff and of course excellent food coffee highly recommend this place for all visitors egmore station,Namma Veedu Vasanta Bhavan
Namma Veedu Vasanta Bhavan,We loved the service of Mr. Esakimuthu! He guided us nicely to select the best food option from the menu!!!,Namma Veedu Vasanta Bhavan
Namma Veedu Vasanta Bhavan,"Selvam services very nice
Selvam recommended sodhi idly
Semma taste …",Namma Veedu Vasanta Bhavan
Namma Veedu Vasanta Bhavan,Had a wonderful dining experience. Good service from Mr. Selvam,Namma Veedu Vasanta Bhavan
Namma Veedu Vasanta Bhavan,Food taste is good and amazing. Esaki Muthu Anna who’s at Egmore branch had served very politely.,Namma Veedu Vasanta Bhavan
Namma Veedu Vasanta Bhavan,"Bought veg pulav. Just average taste. No salt. Very mild. Quantity less. High price. Quantity for raita was very less.
Packing was good.",Namma Veedu Vasanta Bhavan
Namma Veedu Vasanta Bhavan,"Rathi service very good

Rathi madam recommended by idly with paya …",Namma Veedu Vasanta Bhavan
Namma Veedu Vasanta Bhavan,Service was very fast and good. Food too tastes good. Highly recommended!!,Namma Veedu Vasanta Bhavan
Namma Veedu Vasanta Bhavan,Mr Esaki muthu gave an excellent service. Family restaurant.. all are good.,Namma Veedu Vasanta Bhavan
Namma Veedu Vasanta Bhavan,"Server Esackymuthu did a excellent job.
Food was awesome.",Namma Veedu Vasanta Bhavan
Namma Veedu Vasanta Bhavan,Awesome food service very calm and good take care,Namma Veedu Vasanta Bhavan
Namma Veedu Vasanta Bhavan,Rahul had provide me good service alongwith a good hospitality.,Namma Veedu Vasanta Bhavan
Namma Veedu Vasanta Bhavan,It's delicious food and staff behaviour is very good specially esakimuthu,Namma Veedu Vasanta Bhavan
Namma Veedu Vasanta Bhavan,"Very bad food quality, service with don't care attitude, I will never again eat at this place!",Namma Veedu Vasanta Bhavan
Namma Veedu Vasanta Bhavan,"Food was Good, Atmosphere also good servant named Rahul was polite and kind very good service and tasty food❤️",Namma Veedu Vasanta Bhavan
Namma Veedu Vasanta Bhavan,"Good food, and Mr. Rahul was helpful and friendly. Overall, great service!",Namma Veedu Vasanta Bhavan
Namma Veedu Vasanta Bhavan,Rathi Good service best restaurant for nearby Egmore station,Namma Veedu Vasanta Bhavan
Namma Veedu Vasanta Bhavan,Sambar rice was nyc must try and lime juice also good tasty tqs to hala hala,Namma Veedu Vasanta Bhavan
Namma Veedu Vasanta Bhavan,Veg biryani is good but meals are not much tasty.service by rathi was good,Namma Veedu Vasanta Bhavan
Namma Veedu Vasanta Bhavan,"Good service by Mr selvam
Mix veg fried rice is soo good
Thank you selvam",Namma Veedu Vasanta Bhavan
Namma Veedu Vasanta Bhavan,Very good service Rathi mam idly and veg Paya is good and cleaning is very good,Namma Veedu Vasanta Bhavan
Namma Veedu Vasanta Bhavan,"Very good service and the taste was quite good
And the working staff was very attentive and fast. They filled my tummy , very much appreciated❤🙏 …",Namma Veedu Vasanta Bhavan
Namma Veedu Vasanta Bhavan,Rathi Good service friendly and sweet or very tasty 😋 …,Namma Veedu Vasanta Bhavan
Namma Veedu Vasanta Bhavan,Rathi serviced good . Water for washing is not available.,Namma Veedu Vasanta Bhavan
Namma Veedu Vasanta Bhavan - Hosur,"Located towards the Salem-side highway, this is one of the better vegetarian spots in the area with excellent interiors, comfortable seating, and a premium overall setup. …",Namma Veedu Vasanta Bhavan
Namma Veedu Vasanta Bhavan - Hosur,"Had a very good experience at Namma Veedu Vasanta Bhavan, Hosur. The restaurant was clean, spacious, and had a pleasant family-friendly atmosphere. Service was quick, polite, and well managed even though the place was busy. The food tasted …",Namma Veedu Vasanta Bhavan
Namma Veedu Vasanta Bhavan - Hosur,"Highway Star, EV Charger, and Heaven on a Plate! ⭐⭐⭐⭐⭐

Perfect roadside stop with plenty of car parking and EV charging (so both you …",Namma Veedu Vasanta Bhavan
Namma Veedu Vasanta Bhavan - Hosur,"Nama Veetu Saravana Bhavan is a must-visit!
I’m giving this an honest, no-lies review: you have to stop here. Their Mutton Sukha is incredible—the taste is exactly like something my mom would make at …",Namma Veedu Vasanta Bhavan
Namma Veedu Vasanta Bhavan - Hosur,"During our trips to Kerala, Saravana Bhavan was always our preferred choice for breakfast. However, this time we chose to try a newly opened restaurant instead and the experience was disappointing. Both the service and the quality and taste …",Namma Veedu Vasanta Bhavan
Namma Veedu Vasanta Bhavan - Hosur,"To start with the location.. located on the highway towards Krishnagiri. Plenty of parking space infront. Beautifully themed interiors. Staffs were polite, attentive and most importantly ever smiling.. taste was good and lot of options to attract non veg lovers too.. overall worth visiting",Namma Veedu Vasanta Bhavan
Namma Veedu Vasanta Bhavan - Hosur,Finally the regular travellers between Hosur and Krishnagiri are saddled with enough vegetarian food choices.   This famous madras hotel group has started recently here in the highway just before Paakashala whether it is intentional due to …,Namma Veedu Vasanta Bhavan
Namma Veedu Vasanta Bhavan - Hosur,"This hotel has a very unique ambience, well planned and nicely laid out. We tried multiple dishes, all of which were very tasty and served with a variety of chutneys and sambar. Overall, it was a very good food experience. Service is quick …",Namma Veedu Vasanta Bhavan
Namma Veedu Vasanta Bhavan - Hosur,"My usual breakfast stop on the Bangalore Hosur highway is Adyar Ananda Bhavan, which is next to Star Biryani. Today I decided to try something new, and seeing Namma Veedu Vasanta Bhavan made me quite excited. I have eaten at their Chennai …",Namma Veedu Vasanta Bhavan
Namma Veedu Vasanta Bhavan - Hosur,"I tried the Idly with Paya and honestly, it's the best I've ever had - absolutely my favourite! Their filter coffee is really good too. The staff are super friendly and welcoming which makes the experience even better. If you're travelling between Bangalore and Hosur, this place is a must stop - highly recommend it!",Namma Veedu Vasanta Bhavan
Namma Veedu Vasanta Bhavan - Hosur,"What a terrible experience and definitely not worth the money paid. I understand every new establishment has teething issues, this one is just with the attitude. …",Namma Veedu Vasanta Bhavan
Namma Veedu Vasanta Bhavan - Hosur,"Had a great lunch experience today! 😊

We ordered the mushroom varaval biryani and soybean veg chukka — both dishes …",Namma Veedu Vasanta Bhavan
Namma Veedu Vasanta Bhavan - Hosur,The staff was just amazing . The food can be better . The ambience is too good . Friendly staff .,Namma Veedu Vasanta Bhavan
Namma Veedu Vasanta Bhavan - Hosur,"This resturant serves good breakfast and has good restroom, next to it your can find starbucks, KFC …",Namma Veedu Vasanta Bhavan
Namma Veedu Vasanta Bhavan - Hosur,One of the most professional services by Kamal and Hussain.idly with veg paya must try and thalli vandi fried rice unique dish .i am very happy with them .best for family visits,Namma Veedu Vasanta Bhavan
Namma Veedu Vasanta Bhavan - Hosur,Extremely nice ambience but very very poorly managed. Sufficient staff is available but if its moderately crowded there is no proper process the restaurant tends to breakdown.  So let alone think if its crowded. Service is not managed …,Namma Veedu Vasanta Bhavan
Namma Veedu Vasanta Bhavan - Hosur,"Visited Vasantha Bhavan recently and had a really pleasant experience. The food was fresh, tasty, and served hot — classic South Indian flavours done right. Dosa, idli, and coffee were all spot on. …",Namma Veedu Vasanta Bhavan
Namma Veedu Vasanta Bhavan - Hosur,"Had a wonderful breakfast experience at Vasantha Bhavan. The food was truly authentic, comforting, and tasted just like a wholesome home-style South Indian meal. …",Namma Veedu Vasanta Bhavan
Namma Veedu Vasanta Bhavan - Hosur,"Next to highway, there is parking available. Has breakfast from here.restaurent is well furnished with good Seating and ambience . Ordered masala dosa and vada. Taste wise it was good and normal to what you would get in other good veg …",Namma Veedu Vasanta Bhavan
Namma Veedu Vasanta Bhavan - Hosur,"While still new and finishing work, this place has good ambience, food and service. Ghee podi idly was very good.
Only caveat is, They could have provided more toilets as mostly travellers have more need.",Namma Veedu Vasanta Bhavan
Namma Veedu Vasanta Bhavan - Hosur,"Food was good, though very expensive.
Manjula provided prompt service.
Dining ambience was good, but rating overall low on atmosphere as the ladies …",Namma Veedu Vasanta Bhavan
Namma Veedu Vasanta Bhavan - Hosur,"What a great place for a break on the highways! Very unique breakfast options, the ferry on top was their wonderful service. Every server would smile and be so friendly making the whole experience enjoyable! …",Namma Veedu Vasanta Bhavan
Namma Veedu Vasanta Bhavan - Hosur,"Nice ambience but not supported by good food.
Pongal was cold, chutney and sambhar provided along with it was too less. Had to ask for extra atleast twice. …",Namma Veedu Vasanta Bhavan
Namma Veedu Vasanta Bhavan - Hosur,Service was pathetic at 9am.All seats were occupied and everyone is waiting for the food to come. Ordered ghee Dosa and sambar Vada..both were cold and not good and time spent 1.15 minutes .,Namma Veedu Vasanta Bhavan
Namma Veedu Vasanta Bhavan - Hosur,Restaurants is very good..neat and clean..staff are very courteous. They have a variety of food options which suits all age groups.,Namma Veedu Vasanta Bhavan
Namma Veedu Vasanta Bhavan - Hosur,Good food. Slightly on spicy side. Pricy but good in taste. Service needs improvement for sure.,Namma Veedu Vasanta Bhavan
Namma Veedu Vasanta Bhavan - Hosur,"Manjula and Hema provide really excellent food service with great care and consistency.
The food is always freshly prepared and tastes truly homemade. …",Namma Veedu Vasanta Bhavan
Namma Veedu Vasanta Bhavan - Hosur,We had a wonderful experience at Namma Veedu Vasantha Bhavan. This is our 4th visit on way to Salem. Sasi and Prem were of great help today when we faced issues with our order. Wonderful staff with a great service mentality. Highly recommended 👍 🙂 …,Namma Veedu Vasanta Bhavan
Namma Veedu Vasanta Bhavan - Hosur,"Quick pit stop, focuses more on convenience and Comfort than volumes, good interiors and seating place.. makes it feel upmarket .. food combo is good though prices are on higher side but doesn’t matter .. loved the coffee it was great and perfect for straight out of cup temperature",Namma Veedu Vasanta Bhavan
Namma Veedu Vasanta Bhavan - Hosur,"Worst experience and bad food

Idly - Served cold …",Namma Veedu Vasanta Bhavan
Namma Veedu Vasanta Bhavan - Hosur,"This spot is a must-visit on the way to Salem. It offers fantastic flavors, a great atmosphere, and plenty of parking. The service is both clean and quick.",Namma Veedu Vasanta Bhavan
Namma Veedu Vasanta Bhavan - Hosur,"Nice atmosphere and service…
Went for lunch…need bit more south meal taste…
Appreciate service…thanks Staff service Ms.Manjula",Namma Veedu Vasanta Bhavan
Namma Veedu Vasanta Bhavan - Hosur,"Idli with veg paya, Guntur karam dosa and Pistachios podi idli were too good - Must try for sure... Little costly but worth the price. …",Namma Veedu Vasanta Bhavan
Namma Veedu Vasanta Bhavan - Hosur,"I didn't expect such a good n pleasant ambience and clean interiors on the roadside highway hotel near Shoolagiri.
At 6.00 pm we had idli, dosa , juice n coffee which was too good n fresh. …",Namma Veedu Vasanta Bhavan
Namma Veedu Vasanta Bhavan - Hosur,We had a breakfast here. Nice ambiance and nice good. Mrs.manjula served the food. She is very polite. But the food very costly. They suggested  their special pista podi idly so we ordered for taste. It's a normal taste nothing different but when we saw the bill the pista podi idly is 350₹. It's not that much worth.,Namma Veedu Vasanta Bhavan
Namma Veedu Vasanta Bhavan - Hosur,Other than Atmosphere nothing else is good. Unnecessarily charging more. Worst coffee and Dosa which I ever had.,Namma Veedu Vasanta Bhavan
Namma Veedu Vasanta Bhavan - Hosur,"I recently visited Hotel Vasanta Bhavan and had a wonderful experience. The food was absolutely delicious, especially the crispy dosa and flavorful sambar. Every dish tasted fresh and authentic, just like homemade South Indian food. …",Namma Veedu Vasanta Bhavan
Namma Veedu Vasanta Bhavan - Hosur,"Since my previous visit, this restaurant   giant changed awesome. Last 2 visits, I see less customers. But I was cherished to see so many customers during my visit on 17th Jan. I'm VB fan boy for their taste and hospitality.  Dosas are so nice.  Staffs are friendly. Cleaning lady akka was so polite and helping.",Namma Veedu Vasanta Bhavan
Namma Veedu Vasanta Bhavan - Hosur,"Visited Nammaveetu Vasanthabhavan in Hosur and absolutely loved the food! There are so many varieties, and each dish was fresh and delicious. Special thanks to Vinith for suggesting some amazing items — every recommendation was spot on. Great taste, good portions, and a satisfying experience overall. Will definitely visit again!",Namma Veedu Vasanta Bhavan
Namma Veedu Vasanta Bhavan - Hosur,Yummy food.  Different dishes in vegetarian equal to star hotel dishes..Good hospitality & ambience.. staffs were really friendly..,Namma Veedu Vasanta Bhavan
Namma Veedu Vasanta Bhavan - Hosur,"We recently stopped at Namma Veedu Vasantha Bhavan, which is now located right next to Starbucks on the Bangalore–Chennai highway, just before Shoolagiri. The location is extremely convenient since it is right beside a petrol bunk – making …",Namma Veedu Vasanta Bhavan
Namma Veedu Vasanta Bhavan - Hosur,"Probably the best veg restaurant in fine dine category that I have ever seen.

We tried Idli with paya, Veg chukka (way too tasty), Jackfruit biryani and …",Namma Veedu Vasanta Bhavan
Namma Veedu Vasanta Bhavan - Hosur,"The food was very tasty and the quantity served was sufficient and satisfying. The ambience of the restaurant was really good and created a pleasant dining experience. Special thanks to Manjula for the excellent service — she attended very nicely, was very kind, polite, and well-behaved throughout. Highly recommended!",Namma Veedu Vasanta Bhavan
Namma Veedu Vasanta Bhavan - Hosur,This has to be one of the world class restaurant in terms of service and  quality. Prema & Vicky were so sweet and caring. Loved it. Would highly recommend.,Namma Veedu Vasanta Bhavan
Namma Veedu Vasanta Bhavan - Hosur,"Delicious authentic food, beautiful ambience, and top-class, efficient service — an excellent choice for family dining.",Namma Veedu Vasanta Bhavan
Namma Veedu Vasanta Bhavan - Hosur,"Excellent breakfast and wonderful service

Had our breakfast today at Vasantha Bhavan – Hosur branch, and the experience …",Namma Veedu Vasanta Bhavan
Namma Veedu Vasanta Bhavan - Hosur,"Excellent taste. Great ambience. Ample parking space. Hygienic and prompt service. On the way towards chennai, make a pit stop and have your food here. Recommended!",Namma Veedu Vasanta Bhavan
Namma Veedu Vasanta Bhavan - Hosur,Excellent taste and good service. Staffs are very supportive and suggested to try nice food options,Namma Veedu Vasanta Bhavan
Namma Veedu Vasanta Bhavan - Hosur,"The restaurant is neat and clean., their service is really good.. food comes on time and tastes good.. especially, Manjula service and hospitality  is really good",Namma Veedu Vasanta Bhavan
Namma Veedu Vasanta Bhavan - Hosur,"Amazing Dosa’s is my absolute go-to spot whenever I’m craving authentic South Indian flavors. Their garlic dosa is hands down the star of the menu—perfectly crisp, generously coated with aromatic garlic, and bursting with flavor in every …",Namma Veedu Vasanta Bhavan
"VB World By Namma Veedu Vasanta Bhavan - Velachery, Chennai","⭐ VB World – A Detailed Review

We visited VB World last Saturday evening. As expected during weekends and the …",Namma Veedu Vasanta Bhavan
"VB World By Namma Veedu Vasanta Bhavan - Velachery, Chennai",This place has good food and ambience. Service is really good during the week but weekends r a bit disappointing as they bring in some untrained staffs and really long wait times... overall very good place to go with family or big friends …,Namma Veedu Vasanta Bhavan
"VB World By Namma Veedu Vasanta Bhavan - Velachery, Chennai","We had a great time having dinner at VB world. The ambience is fantastic for going out as a family. With a menu consisting of regional and global cuisine, it appeals to guests of all ages. The portions were good enough and filling. We tried …",Namma Veedu Vasanta Bhavan
"VB World By Namma Veedu Vasanta Bhavan - Velachery, Chennai","improvised version of normal vasantha bhavan.
Quick service. Good ambience and seating.Valet parking available.
Kids friendly place. Has wide range of cuisines starting with south Indian, …",Namma Veedu Vasanta Bhavan
"VB World By Namma Veedu Vasanta Bhavan - Velachery, Chennai","I visited this VB outlet on a Sunday for breakfast and was pleasantly surprised. The restaurant has a luxurious and elegant ambiance, which immediately creates a great first impression. The menu was another surprise — although it’s a pure …",Namma Veedu Vasanta Bhavan
"VB World By Namma Veedu Vasanta Bhavan - Velachery, Chennai","""Had an absolutely incredible dining experience at VB World! It is hands down one of the best restaurants I’ve visited. The food was simply awesome—every dish was packed with flavor and cooked to perfection. What really made the experience …",Namma Veedu Vasanta Bhavan
"VB World By Namma Veedu Vasanta Bhavan - Velachery, Chennai","I visited with my family for the first time and we ware not fully satisfied. Ambiance is good but it was overcrowded. The food taste is okay. We tried the mushroom soup, korean panner which was not hot when served, and the paneer burger, …",Namma Veedu Vasanta Bhavan
"VB World By Namma Veedu Vasanta Bhavan - Velachery, Chennai","Top Notch Veg Fine Dining Restaurant in Velachery. Definately a boon for veg multi cuisine food lovers. Mesmerizing Ambience and sitting arrangements. This restaurant offers south & north Indian, italian and chinese authentic cuisine. They …",Namma Veedu Vasanta Bhavan
"VB World By Namma Veedu Vasanta Bhavan - Velachery, Chennai","Had an amazing dining experience at this restaurant! The food was absolutely delicious with a wide variety of vegetarian dishes to choose from. Every item was fresh, flavorful, and beautifully prepared. The place is very spacious, making it …",Namma Veedu Vasanta Bhavan
"VB World By Namma Veedu Vasanta Bhavan - Velachery, Chennai",VB world is one of the finest restaurants in chennai. They have done lot of research and taken the Vegetarian dishes to class level. Initially I thought the dishes may not be equal to Non Vegetarian dishes but reality was different. Era …,Namma Veedu Vasanta Bhavan
"VB World By Namma Veedu Vasanta Bhavan - Velachery, Chennai",This is one of the restaurants which was in the list to go for a month. Finally decided to try out for Sunday dinner. I didn't have much of expectations as this is part of vasanth bhavan group and had it many times. …,Namma Veedu Vasanta Bhavan
"VB World By Namma Veedu Vasanta Bhavan - Velachery, Chennai","The 1st thing which was more attractive was interior. The menu and dishes was very unique in city. At most the most important thing is their service and personally AMIT, NIRUPATI was great in service and The incharge SASI DHARAN was very kind and informative.",Namma Veedu Vasanta Bhavan
"VB World By Namma Veedu Vasanta Bhavan - Velachery, Chennai","Great food and ambience. Tried coriander dosa, paneer bhurji dosa, ravan onion and chilli mini idli . We loved the taste, fried curry leaves and well made chutnies. Coffee was simple delicious and rightly priced.",Namma Veedu Vasanta Bhavan
"VB World By Namma Veedu Vasanta Bhavan - Velachery, Chennai",I fell for the beautiful interiors. Very spacious ! So many Waiters and u r attended to immediately.  Quick service. I had south Indian meals. I have  had tastier meals . There's room to make it the best. Especially when u see such …,Namma Veedu Vasanta Bhavan
"VB World By Namma Veedu Vasanta Bhavan - Velachery, Chennai","The menu is creative and diverse, with flavors that transport you. This place is a hidden gem with amazing flavors. Every bite was a delight, bursting with flavor. Sister Thamarai who attended us has a good knowledge of the menu…",Namma Veedu Vasanta Bhavan
"VB World By Namma Veedu Vasanta Bhavan - Velachery, Chennai","Reached slightly early for lunch around 1145. We were told Lunch order can be placed only at 12 and we could wait.
Appreciate the service of the staff, promptly gave us a table.. …",Namma Veedu Vasanta Bhavan
"VB World By Namma Veedu Vasanta Bhavan - Velachery, Chennai","We went around 6:30 pm ..It had valet parking which is a good thing..

When we went inside the ambience and the vibes were warm,woody and inexplicable …",Namma Veedu Vasanta Bhavan
"VB World By Namma Veedu Vasanta Bhavan - Velachery, Chennai","Karthi and Aniruth’s service was amazing. The food was great, we loved the Vp special masala paneer was very good, with each bite we felt the South Indian plus North Indian taste which was unexplainable. Lovely service! The ambiance was also really great! Definitively coming again for trying more varieties!",Namma Veedu Vasanta Bhavan
"VB World By Namma Veedu Vasanta Bhavan - Velachery, Chennai","Really this place is awesome , such a lovely and tasty food , specially ambience is outstanding, completely changed my view of Vasanth Bhavan , quick service must try , even though weekend crowd , well managed , surely visit again , see you guys 👍🏻👍🏻👍🏻👍🏻👍🏻👍🏻👍🏻 …",Namma Veedu Vasanta Bhavan
"VB World By Namma Veedu Vasanta Bhavan - Velachery, Chennai","The ambience is so good, the food is very hygienic and tasty. I love the service done by the staffs especially Mr. Dhana. He is the one who served us , he is a nice person  and humble . The bathroom is very neat and hygienic. Overall everything is very nice.",Namma Veedu Vasanta Bhavan
"VB World By Namma Veedu Vasanta Bhavan - Velachery, Chennai","Awesome set up. Tastefully decorated.

Nice place to hang out and also good food. …",Namma Veedu Vasanta Bhavan
"VB World By Namma Veedu Vasanta Bhavan - Velachery, Chennai","VB World in Velachery is a casual restaurant with a lively, welcoming atmosphere that sets it apart from your usual dine-in spot. The menu blends familiar comfort dishes with creative twists, and portions are generous without feeling heavy. …",Namma Veedu Vasanta Bhavan
"VB World By Namma Veedu Vasanta Bhavan - Velachery, Chennai","Amazing food to try for all vegiees who have not done non vegetarian the taste is so real we did quite a variety and all were amazing
Specific mention DSP man too good and the new today Pista podi idly suggested by …",Namma Veedu Vasanta Bhavan
"VB World By Namma Veedu Vasanta Bhavan - Velachery, Chennai","Atmosphere is good and spacious. Can accommodate more people. Looks like an ellite place to eat. But crowd noise will be there.
Food is really good. …",Namma Veedu Vasanta Bhavan
"VB World By Namma Veedu Vasanta Bhavan - Velachery, Chennai","One of the best veg fine dining restaurants in Chennai. It’s on prime location, has a huge space. Karthik and Anirudh’s service is on point. They are very kind and friendly; suggested so many options to try and everything was very delicious. Loved the food, ambience and service!",Namma Veedu Vasanta Bhavan
"VB World By Namma Veedu Vasanta Bhavan - Velachery, Chennai","I had requested hot drinking water at the beginning of my dinner as I was feeling a light cold. I asked twice—first to the staff member who served our food, and again to the manager when he checked on us midway through the meal while we …",Namma Veedu Vasanta Bhavan
"VB World By Namma Veedu Vasanta Bhavan - Velachery, Chennai","I recently visited Namma Veedu Vasantha Bhavan – VB World, and it was an outstanding experience! The ambience is truly excellent—spacious, modern, and very welcoming. It has a warm vibe that makes you instantly feel comfortable. …",Namma Veedu Vasanta Bhavan
"VB World By Namma Veedu Vasanta Bhavan - Velachery, Chennai","Swadisht food. So many recipes available but we had only starters as varities of them were mouth watering. Specifically must say about ""Vegjaram Tawa fry"" as it was sooo good so we ordered it again. Service delivery person Mr. Boobalan & …",Namma Veedu Vasanta Bhavan
"VB World By Namma Veedu Vasanta Bhavan - Velachery, Chennai","Within a week of opening, I visited this restaurant for lunch with family.  As we went in early, we got to the table immediately.  Wide menu that contains South Indian, North Indian, Oriental, Thai and Italian.  Ordered Tom Yum Soup, Crispy …",Namma Veedu Vasanta Bhavan
"VB World By Namma Veedu Vasanta Bhavan - Velachery, Chennai","Their food, service, atmosphere all too good and friendly at the same time elite. They have their special lotus stem dish too. You can jist try it once. I enjoyed their pizza, spegatti, and desserts. Their ice creams were bit disappointed for me. But food 😋 *their pizza must try* …",Namma Veedu Vasanta Bhavan
"VB World By Namma Veedu Vasanta Bhavan - Velachery, Chennai","Dhana and Nirupati were very courteous in serving us dinner. Recommend this place for food, ambience and service. I also have breakfast almost daily. Mugila is very courteous and helpful. Overall experience with VB World is awesome. Food, ambience and staff",Namma Veedu Vasanta Bhavan
"VB World By Namma Veedu Vasanta Bhavan - Velachery, Chennai","Here food is awesome and very tasty, Very good Ambience and good hospitality. Karishma Neeraj served us the food today. She was very sweet and polite 😊 …",Namma Veedu Vasanta Bhavan
"VB World By Namma Veedu Vasanta Bhavan - Velachery, Chennai",Food very good.Vast food menu and dessert menu.Price reasonable.Liked their prawn imitated dishes-dynamite prawn and Veg erra thokku.Mac and cheese balls ok.Honey chilli Lotus stem was very sweet.LitchiChat was extraordinarily good.Saffron …,Namma Veedu Vasanta Bhavan
"VB World By Namma Veedu Vasanta Bhavan - Velachery, Chennai",nirupathi was a great server. recommend getting the assorted dimsum platter. the best dish we tried. overall nice ambience and great food,Namma Veedu Vasanta Bhavan
"VB World By Namma Veedu Vasanta Bhavan - Velachery, Chennai",Recently went to this place for dinner. Ambiance was too good. They had all varieties of vegetarian food. We started with South Indian food. Sambar vadai and dosa items tasted too good. Idiyappam Sodhi tasted too good. It’s a must try dish …,Namma Veedu Vasanta Bhavan
"VB World By Namma Veedu Vasanta Bhavan - Velachery, Chennai","Had dinner over here, tried special paneer masala and Amritsari kulcha. The food was good. The interiors are quite good but the place is crowded, it feels like you are sitting in a chaotic environment. The crowd also affects the service. It …",Namma Veedu Vasanta Bhavan
"VB World By Namma Veedu Vasanta Bhavan - Velachery, Chennai","Newly opened VB WORLD at velachery next to gurunanak college. Good parking space and valet parking service is good. They have a cafe at the entrance for quick chit chat coffee, snacks and pastry. Variety of cakes for small gathering. And …",Namma Veedu Vasanta Bhavan
"VB World By Namma Veedu Vasanta Bhavan - Velachery, Chennai","Great ambience service, innovative awesome and tasty food. Authentic Thoroughly enjoyed as a family. Must try for vegetarians",Namma Veedu Vasanta Bhavan
"VB World By Namma Veedu Vasanta Bhavan - Velachery, Chennai","I recently dined at VB- Vasantha Bhawan, and it was an absolute delight from start to finish. The ambiance is cozy with lush green decor that instantly transports you to a serene garden oasis—perfect for a relaxed dinning experience.",Namma Veedu Vasanta Bhavan
"VB World By Namma Veedu Vasanta Bhavan - Velachery, Chennai",Delicious food at a good price. Great quality products and our waitress Karishma was super friendly and knowledgeable. Will come back,Namma Veedu Vasanta Bhavan
"VB World By Namma Veedu Vasanta Bhavan - Velachery, Chennai","We had an amazing experience at VB World Velachery. The food was absolutely fantastic. The best part is the Multi cuisine Menu. Every person in my family prefers different cuisine when eating out. We order North Indian, South Indian, …",Namma Veedu Vasanta Bhavan
"VB World By Namma Veedu Vasanta Bhavan - Velachery, Chennai","Had a wonderful experience at Vasantha Bhavan. The food was absolutely awesome – fresh, tasty, and perfectly served. A special mention to Mr. Dhana for the excellent service. He was very polite, attentive, and made sure we were comfortable throughout. Really happy with the overall experience. Highly recommended! 😊 …",Namma Veedu Vasanta Bhavan
"VB World By Namma Veedu Vasanta Bhavan - Velachery, Chennai",It was a wonderful experience.. worth for money..mainly the waiters mr.sakkarai and ms.Anju were extremely good in serving with patience courtesy and smile.. many a thanks to the managers  mr. Anbalagan and mr. Daniel for the overall service experience .. totally worth spending time and money👌👌👌 …,Namma Veedu Vasanta Bhavan
"VB World By Namma Veedu Vasanta Bhavan - Velachery, Chennai","I recently visited this restaurant and had a wonderful experience! The food was fresh, flavorful, and beautifully presented,  every dish we tried was delicious. …",Namma Veedu Vasanta Bhavan
"VB World By Namma Veedu Vasanta Bhavan - Velachery, Chennai","I visited early in the morning because they open at 7am, but meals are only available from 1 PM, so I could only order dosa. It was crispy and tasty, but I still had to go back home hungry. I’ll visit again when full meals are available.",Namma Veedu Vasanta Bhavan
"VB World By Namma Veedu Vasanta Bhavan - Velachery, Chennai","Great place with wide variety of vegetarian dishes across the globe.
This place is great addition to the Velachery food scene.
It scores high on food and service. …",Namma Veedu Vasanta Bhavan
"VB World By Namma Veedu Vasanta Bhavan - Velachery, Chennai","The interiors have been very tastefully done. Minus the dessert (ice creams), the food was great. Loved the Tawa fry fish, chicken tikka, prawns. Very close representations to actual Non-Veg items.",Namma Veedu Vasanta Bhavan
"VB World By Namma Veedu Vasanta Bhavan - Velachery, Chennai","Special occasions,we planned to visit VB WORLD Velachery. Had already been to their Anna nagar spot. But this is bigger and spacious.
We arrived at around 10pm. …",Namma Veedu Vasanta Bhavan
"VB World By Namma Veedu Vasanta Bhavan - Velachery, Chennai","There are already thousands of reviews about VB World, so let me cover the least talked-about part.
This restaurant mainly focuses on North Indian, Chinese, and Western cuisines …",Namma Veedu Vasanta Bhavan
"VB World By Namma Veedu Vasanta Bhavan - Velachery, Chennai","Super quick service, the table service is so fast. As we ordered food in weekend, it just reached our table in 5 to 7 mins.
Quality of food is great, Kongu Vellai Biryani was hand licking. …",Namma Veedu Vasanta Bhavan
Namma Veedu Vasanta Bhavan Nexus Vijaya Mall,"Taste and all is great but they need work on hygiene. Found a dead cockroach in chutney. And the server was so casual about like I will change it, I saw this almost after eating entire thing🥲. …",Namma Veedu Vasanta Bhavan
Namma Veedu Vasanta Bhavan Nexus Vijaya Mall,I recently visit to vasanta bhavan feel very special...😊the food is fresh and flowerful and purely vegetarian with stop and target success likea real family.... …,Namma Veedu Vasanta Bhavan
Namma Veedu Vasanta Bhavan Nexus Vijaya Mall,Ordered Ghee roast at Forum Mall Namma Veedu Vasantha Bhavan. But it was not roast enough (crispy). …,Namma Veedu Vasanta Bhavan
Namma Veedu Vasanta Bhavan Nexus Vijaya Mall,"👌😋“I recently tried the Sodhi Idly at Vasanta Bhavan, and it was absolutely delicious! The idly was soft and fluffy, and the Sodhi (coconut milk gravy) added a rich, flavorful taste that perfectly complemented it. The dish truly reflects …",Namma Veedu Vasanta Bhavan
Namma Veedu Vasanta Bhavan Nexus Vijaya Mall,I had ordered Parotta and kuruma. Sadly the Parotta was re heated notbfreshly made. The kutuma was cold..when I complained..they said that the kuruma is always hot kept in a hot vessel...but on enquiry the sales girl admitted that the …,Namma Veedu Vasanta Bhavan
Namma Veedu Vasanta Bhavan Nexus Vijaya Mall,I am ordering chilli gobi and paneer 65 and ghee dosa is very tasty and healthy I need to anytime only vegetarian for Vasantha Bhavan nesux small...selva biller is very polite good service,Namma Veedu Vasanta Bhavan
Namma Veedu Vasanta Bhavan Nexus Vijaya Mall,A perfect place for traditional south indian foods and Chinese foods...i want to garlic Naan and paneer butter masala....😋 Kal Dosa....teste is One of the best Experience...🫓🍛 …,Namma Veedu Vasanta Bhavan
Namma Veedu Vasanta Bhavan Nexus Vijaya Mall,"""Vasantha Bhavan sets the standard for pure vegetarian restaurants — great taste, respectful service, and a true spirit of Tamil culture.”
I am ordered by Sodhi idly 🍽️🍥 …",Namma Veedu Vasanta Bhavan
Namma Veedu Vasanta Bhavan Nexus Vijaya Mall,An employee here ruined my evening!  I ordered rava dosai and clearly mentioned to not add any onions or pepper corns. The cashier agreed to make it plain and placed the order. But I received just the opposite to what i ordered and i was …,Namma Veedu Vasanta Bhavan
Namma Veedu Vasanta Bhavan Nexus Vijaya Mall,"I ordered just curd rice for my kid, but they served it along with Gobi 65 and fryums. The curd rice didn’t look fresh or warm — it was very cold, and even the Gobi 65 was dry, hard, and cold. I immediately went and informed them; they …",Namma Veedu Vasanta Bhavan
Namma Veedu Vasanta Bhavan Nexus Vijaya Mall,☕ coffee is Nice...Iam resently view to VB hotals .... evening was handling prepared food...👍 …,Namma Veedu Vasanta Bhavan
Namma Veedu Vasanta Bhavan Nexus Vijaya Mall,Schezwan fried rice and chilly paneer dry was really excellent and very tasty then I'm asking for hot water we provide this  good service the staff thank you so much vb,Namma Veedu Vasanta Bhavan
Namma Veedu Vasanta Bhavan Nexus Vijaya Mall,I want to  veg rice and paneer 65 a good test and nice service....♥️💯 …,Namma Veedu Vasanta Bhavan
Namma Veedu Vasanta Bhavan Nexus Vijaya Mall,Yes❤️ delicious food prepared…North Indian combo😋 …,Namma Veedu Vasanta Bhavan
Namma Veedu Vasanta Bhavan Nexus Vijaya Mall,Iam order to Chola poori...🥰☺️the service is best one and truly wonderful service....and try this one of the best poori... In vasata bhavan …,Namma Veedu Vasanta Bhavan
Namma Veedu Vasanta Bhavan Nexus Vijaya Mall,I ordered mushroom masala dosai 😋😋😋...ya the best quick service....tasty dishes...🍥🍙 …,Namma Veedu Vasanta Bhavan
Namma Veedu Vasanta Bhavan Nexus Vijaya Mall,"Food quantity was not worth for the money I bought,

Display panel different price for the foods,and billing different money …",Namma Veedu Vasanta Bhavan
Namma Veedu Vasanta Bhavan Nexus Vijaya Mall,We ordered onion podi masala dosa for lunch and shockingly we got cold dosa and chill chutneys. Shocking in heart of Chennai we get this kind of  food.,Namma Veedu Vasanta Bhavan
Namma Veedu Vasanta Bhavan Nexus Vijaya Mall,"Paneer TIkka (malai/spicy)...Ya the taste was superb...❤😍🍲""The food was delicious, the service was excellent, and every guest was treated with great respect.” …",Namma Veedu Vasanta Bhavan
Namma Veedu Vasanta Bhavan Nexus Vijaya Mall,Kya I am added family roast is very taste and good price for Vasantha Bhavan good service...💕🙂 …,Namma Veedu Vasanta Bhavan
Namma Veedu Vasanta Bhavan Nexus Vijaya Mall,"Very worst experience with extremely rude staff. He did not even pay attention to the order properly and blaming on me, he was shouting very rude and harsh",Namma Veedu Vasanta Bhavan
Namma Veedu Vasanta Bhavan Nexus Vijaya Mall,Chilly parota....food is fresh and flavorful...😍 …,Namma Veedu Vasanta Bhavan
Namma Veedu Vasanta Bhavan Nexus Vijaya Mall,The every food is Excellent and veg briyani teste is delicious,Namma Veedu Vasanta Bhavan
Namma Veedu Vasanta Bhavan Nexus Vijaya Mall,Gopi 65....is very tasty ang crypts and nice service 😍😍😍 …,Namma Veedu Vasanta Bhavan
Namma Veedu Vasanta Bhavan Nexus Vijaya Mall,I want to onion masala dosai....teste is one of the best....and good service...❤️,Namma Veedu Vasanta Bhavan
Namma Veedu Vasanta Bhavan Nexus Vijaya Mall,Food is very tasty...panneer is so soft... Service is incredible super... Muruganatham sir service good...,Namma Veedu Vasanta Bhavan
Namma Veedu Vasanta Bhavan Nexus Vijaya Mall,We tried Mysore Masala Dosa & Business Lunch ⚡️🔥 Renudme Pakka Mass and Andha Lunch I'd say it's Value for Money especially in a Mall 🐒🙌🏻 …,Namma Veedu Vasanta Bhavan
Namma Veedu Vasanta Bhavan Nexus Vijaya Mall,"Waiting for a single dosa for nearly more than 15 min in a less crowded space, everyone after us was given except us. Told him we will not be coming to this stall again . He replied “ ok mam”. Amazing staff",Namma Veedu Vasanta Bhavan
Namma Veedu Vasanta Bhavan Nexus Vijaya Mall,Infested with roaches! Yet they serve all sorts of food. Beware!,Namma Veedu Vasanta Bhavan
Namma Veedu Vasanta Bhavan Nexus Vijaya Mall,236 for mini meals. Absolutely Pathetic taste and quality.,Namma Veedu Vasanta Bhavan
Namma Veedu Vasanta Bhavan Nexus Vijaya Mall,The only place in Forum Vijay mall food court where you get good vegetarian food @ a very reasonable cost.,Namma Veedu Vasanta Bhavan
Namma Veedu Vasanta Bhavan Nexus Vijaya Mall,Dosa teste is good... Service is best... ❤️👌 …,Namma Veedu Vasanta Bhavan
Namma Veedu Vasanta Bhavan Nexus Vijaya Mall,"The onion rava dosa was very good. The way the cashier said it was good, what's going on with them, they said it well.the cashier there, Vinoth provided Good service.",Namma Veedu Vasanta Bhavan
Namma Veedu Vasanta Bhavan Nexus Vijaya Mall,Very poor service and they haven’t delivered the ordered food (chola Poori) for 35 mins. Hotel had no crowd at all. After asking they said they are making still. …,Namma Veedu Vasanta Bhavan
Namma Veedu Vasanta Bhavan Nexus Vijaya Mall,Ghee pongal...is very tasty 😋 and good service …,Namma Veedu Vasanta Bhavan
Namma Veedu Vasanta Bhavan Nexus Vijaya Mall,"Pandit fried rice ,chilli baby corn, butter roti and crispy mushroom everything is good. Cashier explanation is good. Cashier Vinoth services good.",Namma Veedu Vasanta Bhavan
Namma Veedu Vasanta Bhavan Nexus Vijaya Mall,Ya....pannier butter masala / butter naan want to best feel....to taste 😋  and staff who treated guests like a family...😇😇😇 …,Namma Veedu Vasanta Bhavan
Namma Veedu Vasanta Bhavan Nexus Vijaya Mall,"I like it idly with veg paya at vasanta bhavan,the Vijay mall i go to.I feel like a non veg when I eat it.thank you very much manoj good service.",Namma Veedu Vasanta Bhavan
Namma Veedu Vasanta Bhavan Nexus Vijaya Mall,Worst idiyappam  and coconut milk (white water) .waste of money,Namma Veedu Vasanta Bhavan
Namma Veedu Vasanta Bhavan Nexus Vijaya Mall,"Nexus mall vasanta bhavan I order  to Mix veg fried rice and gobi manchurian dry very good and tasty 😋😋 💯 Not only that, the person there explained the menu items very clearly to me, which I really liked. …",Namma Veedu Vasanta Bhavan
Namma Veedu Vasanta Bhavan Nexus Vijaya Mall,Truly satisfied experience 😃...medu vadai …,Namma Veedu Vasanta Bhavan
Namma Veedu Vasanta Bhavan Nexus Vijaya Mall,Vasanta bhavan Lunch paneer fried rice and gobi manchurian dry was very good taste and very good service.,Namma Veedu Vasanta Bhavan
Namma Veedu Vasanta Bhavan Nexus Vijaya Mall,"The Food  was very worst
we order Gobi manchurian which is very salty….",Namma Veedu Vasanta Bhavan
Namma Veedu Vasanta Bhavan Nexus Vijaya Mall,Good service by Mr.Pandi durai & highly recommended food mysore masala dosa & Paneer noodles,Namma Veedu Vasanta Bhavan
Namma Veedu Vasanta Bhavan Nexus Vijaya Mall,We ordered onion rava dosa at Vijaya mall which was too salty! I should have returned it right away but I didn’t.  I don’t recommend this location. Hope they improve it.,Namma Veedu Vasanta Bhavan
Namma Veedu Vasanta Bhavan Nexus Vijaya Mall,I have not ate so far the worst business lunch and Rava Dosai so far. Now I have done with it in your hotel at Nexus Vijaya Mall. Thank you for your hospitality.,Namma Veedu Vasanta Bhavan
Namma Veedu Vasanta Bhavan Nexus Vijaya Mall,"This was my deleted review which I published on 6th February 2-24 :-
Check the screenshots attached. …",Namma Veedu Vasanta Bhavan
Namma Veedu Vasanta Bhavan Nexus Vijaya Mall,Panner Briyani and crispy honey baby corn was excellent and very tasty 😋 self service but the staff was good service. …,Namma Veedu Vasanta Bhavan
Namma Veedu Vasanta Bhavan Nexus Vijaya Mall,"Worst ever food . The service was not good.  I was really surprised to see such bad quality of food, as I had eaten several times before 4 years it was simple awesome. When I enquired why it was so bad the supervisor told it  all comes from …",Namma Veedu Vasanta Bhavan
Namma Veedu Vasanta Bhavan Nexus Vijaya Mall,Nexus mall vasanta bhavan min meals and gobi manchurian dry very good and tasty 😋😋 💯 …,Namma Veedu Vasanta Bhavan
Namma Veedu Vasanta Bhavan,"Going to this restaurant was such a big mistake.

Ordered a North Indian Thali. …",Namma Veedu Vasanta Bhavan
Namma Veedu Vasanta Bhavan,I ordered gobi fried rice.. food was very less salt.. not that much tasty. Quantity was very less. Bill amount was Rs.268 (not worth) Ambience was clean in dining area. Toilet was nasty. Security helped for parking.,Namma Veedu Vasanta Bhavan
Namma Veedu Vasanta Bhavan,"Had a great experience. Staffs were so polite and service was great, Especially selvakumari akka did a very good job. Highly recommended.",Namma Veedu Vasanta Bhavan
Namma Veedu Vasanta Bhavan,"I had a wonderful experience at Vasantha Bhavan. The food was delicious, fresh, and served on time, making the whole dining experience very satisfying. …",Namma Veedu Vasanta Bhavan
Namma Veedu Vasanta Bhavan,"Went on april 12th Sunday morning.
Ac was not working …",Namma Veedu Vasanta Bhavan
Namma Veedu Vasanta Bhavan,"Been here on Sunday night for dinner. Food quality & quantity wise is good. Must try podi idly, chilly parotta. Service is need to improve not even peak time or rush. Ambience need to focus. Parking on road. Overall I will recommend",Namma Veedu Vasanta Bhavan
Namma Veedu Vasanta Bhavan,Stumbled upon this restaurant by chance and so glad that i did.. super service and great food.. ms Manjula was really good at the service..will visit again,Namma Veedu Vasanta Bhavan
Namma Veedu Vasanta Bhavan,"Recently, I visited the barn, and the service was excellent. The food was delicious, and they even offered complimentary ice cream, which was a nice gesture. The place was clean and had a pleasant atmosphere. Dhanalakshmi treated us very well from start to finish, and I truly appreciate her hospitality.",Namma Veedu Vasanta Bhavan
Namma Veedu Vasanta Bhavan,"The native touch of vasantha Bhavan maintained well , food quality is good.
But better than the food the service of Mr. Parthasarathy was fantastic and commandable with the patience and observation in serving the need of customer is …",Namma Veedu Vasanta Bhavan
Namma Veedu Vasanta Bhavan,"Today I visited this hotel. I took wheat paroto, kothu paratha and dosai. All the items were good and tasty. The person named Mr. Mari served perfectly and his approach was good. Good hospitality and taste.",Namma Veedu Vasanta Bhavan
Namma Veedu Vasanta Bhavan,Topnotch service given by one uncle. He gives fatherly care while serving food. Food is good. We ate mini tiffin & ghee dosa. Previously we had ada dosa & rava one day last year.... Every food here is price worthy. So go for it.,Namma Veedu Vasanta Bhavan
Namma Veedu Vasanta Bhavan,"A great place to try out South Indian tiffins—highly recommend their idli, idiappam, and parotta. Special mention to the ghee podi idli, which was especially tasty. The packaging was neat and well done too.",Namma Veedu Vasanta Bhavan
Namma Veedu Vasanta Bhavan,"Worst experience of handling customers..

Running without Ac,, not informing to customers till taking orders..",Namma Veedu Vasanta Bhavan
Namma Veedu Vasanta Bhavan,We were at the restaurant for breakfast. Ghee idli was of good quality so as mini tiffin. Coffee had authentic South Indian flavour. Breakfast for 2 coated 300. Value for money. Service was very good. Really liked the taste of everything. Looks normal but this is a good restaurant,Namma Veedu Vasanta Bhavan
Namma Veedu Vasanta Bhavan,"Today we had dinner at Vasantha bhavan medavakkam. We have been regularly visiting this restaurant but AC is not working and is suffocating sitting there ,understaffed and also the hand wash area has so many cockroaches. Did not expect such …",Namma Veedu Vasanta Bhavan
Namma Veedu Vasanta Bhavan,"We had a wonderful dining experience at Vasantha Bhavan. The mushroom dosa was flavourful and perfectly cooked, with a generous filling. The paneer dosa was soft, rich, and tasted absolutely fresh. The ghee roast was crispy, aromatic, and …",Namma Veedu Vasanta Bhavan
Namma Veedu Vasanta Bhavan,"We were at the restaurant for breakfast. Iddli, Pongal, Vada and Sambar was of good quality. Coffee had authentic South Indian flavour. Breakfast for 3 costed Rs 500. Value for money. Service was good. Downside: the rest rooms were run …",Namma Veedu Vasanta Bhavan
Namma Veedu Vasanta Bhavan,"Food is good. We tried meals and fried rice.
The varutha kolumbu is too yummy.
The fried rice is average. …",Namma Veedu Vasanta Bhavan
Namma Veedu Vasanta Bhavan,"We had a fantastic experience,thanks to our server Arvind Kumar bro! He was incredibly active ,attentive, and very pleasing. Employees like him are a True asset to Vasantha Bhavan. Thanks for a
great service.",Namma Veedu Vasanta Bhavan
Namma Veedu Vasanta Bhavan,"Very worst experience.went for family dinner,ordered ghee roast for my baby ,but the dosa was highly overcooked like black colour and my baby refuse to eat.we ordered garlic naan and butter naan with kadai paneer, wwoovak,🥴 The naan was …",Namma Veedu Vasanta Bhavan
Namma Veedu Vasanta Bhavan,Today I came here for lunch. I tasted  Chennai meals it's very tasty and Mrs Selvakumar very Humble and service smile person given one Soup very very tasty thanks for Namma Veedu Vasanta Bhavan and Selvakumari akka,Namma Veedu Vasanta Bhavan
Namma Veedu Vasanta Bhavan,"We visit these restaurants only for their service despite of heavy pricing, went on peak hour sat in a table where 2 more customers were sitting. The waiter was blindly delivering orders no patience to get orders and finally he was adamant …",Namma Veedu Vasanta Bhavan
Namma Veedu Vasanta Bhavan,"I have ordered multiple times in Swiggy from this restaurant, food quality is always top class and lunch comes with banana leaf. This is definitely a high class veg restaurant. I never had a dine in experience the location is at the main area and metro work is going on, so I guess the experience may be mixed.",Namma Veedu Vasanta Bhavan
Namma Veedu Vasanta Bhavan,"Today i ate lunch. Really it was awesome and delicious. We enjoyed with our family with real taste. Particularly Mr. Romeo was carring us was super. The way he spoke, the way he care us it was admirable one today.",Namma Veedu Vasanta Bhavan
Namma Veedu Vasanta Bhavan,"The food at the hotel was very tasty and well prepared. The service was also good and timely. Mr. Parthasarathy was very polite, friendly, and helpful throughout our visit. Overall, a pleasant dining experience.",Namma Veedu Vasanta Bhavan
Namma Veedu Vasanta Bhavan,Had Meals and Gobi fried rice form here. The food was very good and the services were also prompt and quick. Selvakumari had attended us and was very efficient in  providing the the services.,Namma Veedu Vasanta Bhavan
Namma Veedu Vasanta Bhavan,"Aravind Kumar did excellent service, on time and good response. Food is very good 👍 …",Namma Veedu Vasanta Bhavan
Namma Veedu Vasanta Bhavan,"Good ambience with tasty food.. we ordered ghee thattu idly, Mysore masala dosa, onion rava dosa and panneer tikka All items were good only panneer was not that much soft to taste..rest was good . Special mention to the waiter who served fast . The cost of but high comparatively with other restaurants.But worth for the taste.",Namma Veedu Vasanta Bhavan
Namma Veedu Vasanta Bhavan,"The party hall is good really and cost is very reasonable. Mr.Munusamy, the party hall manager is co-ordinating nicely and organising the event in excellent manner. With the optional menu choices we can get tastier food.",Namma Veedu Vasanta Bhavan
Namma Veedu Vasanta Bhavan,I ordered chole bhature the taste was so delicious especially the channa masala. The waiter ramammoorthy service was soo friendly and professional. Overall a good restaurant to have good food with family.,Namma Veedu Vasanta Bhavan
Namma Veedu Vasanta Bhavan,Food is good. Service needs improvement though many work on it. Cost is  on the higher end like that of the so called big and better veg restaurants.,Namma Veedu Vasanta Bhavan
Namma Veedu Vasanta Bhavan,"Very bad experience. I ordered 3 ghee roast and 1 ghee masala dosa. Instead, I received normal dosa instead. Even I contacted the restaurant, the cashier lady told me to bring back the dosa and she would make me speak to the dosa master. What the hell.Ordering from vasanth Bhavan online is not recommended",Namma Veedu Vasanta Bhavan
Namma Veedu Vasanta Bhavan,"I have ordered ghee sambar idly and received this creation. Due to high demand when I ordered, they watered the sambar and sent it to me. It is like water idly not like sambar idly. If they cancelled my order I would be more than happy that …",Namma Veedu Vasanta Bhavan
Namma Veedu Vasanta Bhavan,Service is so good by aravind Kumar. Food tastes best quality.,Namma Veedu Vasanta Bhavan
Namma Veedu Vasanta Bhavan,"Good food and service. Party hall price was reasonable.  But we were foreced to have decoration from one person who was costly and bit rude
There was water dripping. So avoid in rainy season",Namma Veedu Vasanta Bhavan
Namma Veedu Vasanta Bhavan,"Had a wonderful experience at Namma Veedu Vasantha Bhavan! The food was delicious, especially the sambar rice.Service was quick and friendly, thanks to Selvakumari and the team. Ambiance was clean and cozy.",Namma Veedu Vasanta Bhavan
Namma Veedu Vasanta Bhavan,"Beautiful ambience and amazing service by staff

Menu has varieties of items at nominal of pricing …",Namma Veedu Vasanta Bhavan
Namma Veedu Vasanta Bhavan,"Had a good south indian breakfast Idli,  pongal,  and service person Mari is really a wonderful person takes extra care and always recognize customers. Keep him motivate.❤",Namma Veedu Vasanta Bhavan
Namma Veedu Vasanta Bhavan,"Issue1:
Best place to eat cow dung varatti.
If you order chappathi, they will deliver varatti. Don’t forget to see the image …",Namma Veedu Vasanta Bhavan
Namma Veedu Vasanta Bhavan,Good service provided by Dhanalakshmi.. food was tastier.. had mini idly and worth the money..,Namma Veedu Vasanta Bhavan
Namma Veedu Vasanta Bhavan,"I came across visiting vasantha bhavan hotel at medavakkam branch and person name called Selva kumari she is one of the best service she will provide , she always welcome with smile and her respect towards customers is so kind and happy face also her service is so professional .",Namma Veedu Vasanta Bhavan
Namma Veedu Vasanta Bhavan,"Everything was good. Veg summa food is very good.

Service person Mr.Mari given idea about food taste.",Namma Veedu Vasanta Bhavan
Namma Veedu Vasanta Bhavan,"Namma Veedu Vasanta Bhavan in Medavakkam truly delivers a delightful dining experience. The food was authentic, flavorful, and freshly prepared, capturing the real taste of South Indian cuisine. Every dish was well-balanced and satisfying, …",Namma Veedu Vasanta Bhavan
Namma Veedu Vasanta Bhavan,We had a wonderful & delicious lunch here today. The service was too good by Mr Partha Sarathi.. extremely satisfied,Namma Veedu Vasanta Bhavan
Namma Veedu Vasanta Bhavan,Had mushroom dosa was really awesome. Mr.Mari hospitality was very impressive.. The way he greeted and served food was excellent and he made sure we are comfortable and feel at home..,Namma Veedu Vasanta Bhavan
Namma Veedu Vasanta Bhavan,Pramod Kumar did a very good service today he served the special Tamil Puthandu thali along with Fried rice and Paneer Manchurian. He was quick and prompt to take care of our requirements. Kudos to him.,Namma Veedu Vasanta Bhavan
Namma Veedu Vasanta Bhavan,"Very good food. Good dosai types
Excellent service by Mr Aravind Kumar in Medavakkam branch",Namma Veedu Vasanta Bhavan
Namma Veedu Vasanta Bhavan,"Over the last five years, we've been visiting Vasantha Bhavan, and each time has been a great experience. Yesterday, we ordered the veg chukka, and it was absolutely fantastic! The food was delicious, and the customer service, especially from Mr. Dinakaran, was excellent. The quality and taste of the food were top-notch.",Namma Veedu Vasanta Bhavan
Namma Veedu Vasanta Bhavan,"30nos mini tiffin at 6.30pm we ordered. Coconut chutney, potato masala bad smell came, all other items found dry which was seems to made in morning they provide in evening. …",Namma Veedu Vasanta Bhavan
Namma Veedu Vasanta Bhavan,I Ordered meals box via swiggy quality of the food was okay but package worst it's like a econamy meals. …,Namma Veedu Vasanta Bhavan
VB World by Namma Veedu Vasanta Bhavan,"Here is a ~500-character human-style Google review:

Tried the fusion menu at Namma Veedu Vasantha Bhavan and it was quite an …",Namma Veedu Vasanta Bhavan
VB World by Namma Veedu Vasanta Bhavan,"A great place to hang out with friends and family. The ambience is pleasant, with spacious and comfortable seating that makes for a relaxed dining experience. The service is quick and efficient, which adds to the overall experience. …",Namma Veedu Vasanta Bhavan
VB World by Namma Veedu Vasanta Bhavan,"VB World in Anna Nagar is a fantastic place for authentic Indian vegetarian food. The taste truly stands out — every dish feels fresh, flavorful, and prepared with great care. From classic South Indian staples to a wide variety of North …",Namma Veedu Vasanta Bhavan
VB World by Namma Veedu Vasanta Bhavan,"We visited this branch in Velachery a month ago and found it a decent, if not a great experience. The place was crowded and we had to wait for a table. They have an electronic token system where waiting customers are given out tokens that …",Namma Veedu Vasanta Bhavan
VB World by Namma Veedu Vasanta Bhavan,"I had no issues with Valet. Super helpful they are.

But the Host skipped my name, I was waiting for a long time. I had to ask again …",Namma Veedu Vasanta Bhavan
VB World by Namma Veedu Vasanta Bhavan,Love the ambience and food and today had casually dropped in after a late morning walk with family and service and suggestion provided by Kousalya from start to until we left was very good. My wife was little unwell and unable to walk by …,Namma Veedu Vasanta Bhavan
VB World by Namma Veedu Vasanta Bhavan,Super place for all Veg food enthusiasts with a fantastic ambience to boot. Really good variety of Indian and Asian food. Must try out the desserts.,Namma Veedu Vasanta Bhavan
VB World by Namma Veedu Vasanta Bhavan,"Variety in the menu is amazing, however it is like a jack of all trades and master of none.
The desserts and ice cream are very good. …",Namma Veedu Vasanta Bhavan
VB World by Namma Veedu Vasanta Bhavan,"We came for breakfast and were warmly welcomed and served by Aishwarya. Our order was taken promptly, and the food arrived right on time. The taste was really good overall. The VegJaram dish was especially impressive it had a flavour similar to fish and was very enjoyable. I believe this dish will be a great hit among customers.",Namma Veedu Vasanta Bhavan
VB World by Namma Veedu Vasanta Bhavan,"I love the way, Namma Veedu Vasantha Bhavan has re-invented itself, keeping in heart, the core traditional South Indian dish in its menu. The ambience ,the service /hospitality is fantastic. Thanks to Kalai the waitress who explained each …",Namma Veedu Vasanta Bhavan
VB World by Namma Veedu Vasanta Bhavan,"We enjoyed our lunch here.
We celebrated my sister birthday. Sumathi was very friendly and kind. She  suggestted many new dishes and we tried that too. Especially the desert was too good. She suggestted to try that.",Namma Veedu Vasanta Bhavan
VB World by Namma Veedu Vasanta Bhavan,We were catered by Ms Kausalya! She was very friendly and good with the recommendations! Had a good lunch,Namma Veedu Vasanta Bhavan
VB World by Namma Veedu Vasanta Bhavan,I was pretty impressed by this restaurant. It serves multiple cuisines and is famous for its pizzas too. The ambience sets the mood and we were ready to try their offerings. We started with cheese balls and that was ok. Next we tried their …,Namma Veedu Vasanta Bhavan
VB World by Namma Veedu Vasanta Bhavan,"VB World offers a wide range of menu varieties - North Indian, South Indian, Chinese, European, etc.
Good ambience. Family friendly. Valet parking available. …",Namma Veedu Vasanta Bhavan
VB World by Namma Veedu Vasanta Bhavan,"Since yesterday, two to three managers have personally apologized for my bad experience at VB World Vasantha Bhavan. I am truly amazed that they took each and every word of my feedback seriously. …",Namma Veedu Vasanta Bhavan
VB World by Namma Veedu Vasanta Bhavan,Tried this place with friends by late evening. Parking is a bit difficult in the area and they have Valet to handle this. Walkin has to give the names and wait for the seating to get allotted. The place is big and has different types of …,Namma Veedu Vasanta Bhavan
VB World by Namma Veedu Vasanta Bhavan,"I’m extremely disappointed with my experience at Vasanth Bhavan today. We visited expecting basic service, but something as simple as mini idli with sambar took over 30 minutes and still wasn’t served. What’s more concerning is the …",Namma Veedu Vasanta Bhavan
VB World by Namma Veedu Vasanta Bhavan,Came here during Lunch time for this place. Its in the Main Anna Nagar with a lot of great restaurants nearby. The menu is just huge and you would everything you could imagine off. We ordered Thalis and it was very sumptuous.,Namma Veedu Vasanta Bhavan
VB World by Namma Veedu Vasanta Bhavan,"VB World is a great place if you're looking to enjoy authentic South Indian cuisine. The ambience was impressive — warm, inviting, and beautifully designed interiors that set the mood just right. …",Namma Veedu Vasanta Bhavan
VB World by Namma Veedu Vasanta Bhavan,"The place is vibrant, clean and well kept. Meals are served stylishly but the waiter served rice from a height sprinkling rice all around the plate. That did not augur well with the premium look of the restaurant.",Namma Veedu Vasanta Bhavan
VB World by Namma Veedu Vasanta Bhavan,"Vasantha Bhavan is one of the best places to enjoy authentic South Indian vegetarian food. The ambiance is clean and welcoming, and the staff is courteous and attentive. Their menu offers a wide variety of dishes, from classic dosas and …",Namma Veedu Vasanta Bhavan
VB World by Namma Veedu Vasanta Bhavan,One of the best places opened in Velachery. It's very spacious has a world class cuisine suiting everyone's taste palette. The ambience is also very beautiful. Service is extremely fast so make sure to have a good appetite while you go …,Namma Veedu Vasanta Bhavan
VB World by Namma Veedu Vasanta Bhavan,"Recently, I've visited this place for breakfast and was truly impressed by the ambience. The washrooms were exceptionally clean and well-maintained, which is always a plus. …",Namma Veedu Vasanta Bhavan
VB World by Namma Veedu Vasanta Bhavan,"Hi all, here’s my honest review.

Today, I visited this hotel for lunch after seeing many positive Google reviews. …",Namma Veedu Vasanta Bhavan
VB World by Namma Veedu Vasanta Bhavan,"A gem of a restaurant in Anna Nagar! The waitress, Aishwarya recommended some delicious dishes and drinks. The food quality, presentation and taste was excellent. The restaurant has a lovely atmosphere and the decor is beautiful. This place has easily become our new favourite restaurant in Anna Nagar… can’t wait to visit again.",Namma Veedu Vasanta Bhavan
VB World by Namma Veedu Vasanta Bhavan,"We have wait minimum 15 - 20 mins in peak hours
Hi-Fi veg hotel with lots of menu options
Coin parota with chukka top notch we couldn't believe the chukka is veg …",Namma Veedu Vasanta Bhavan
VB World by Namma Veedu Vasanta Bhavan,"We had the opportunity to enjoy breakfast at Namma Veedu Vasantha Bhavan, Anna Nagar, and it turned out to be a delightful experience. The interiors gave the impression of stepping into a fine-dine international café, creating a welcoming …",Namma Veedu Vasanta Bhavan
VB World by Namma Veedu Vasanta Bhavan,"The hotel features a refined and welcoming ambience, complemented by tasteful interiors and a calm atmosphere. Service standards are excellent, with staff demonstrating professionalism, efficiency, and attention to detail. Together, the environment and hospitality ensure a comfortable and memorable stay.",Namma Veedu Vasanta Bhavan
VB World by Namma Veedu Vasanta Bhavan,Yesterday had evening snacks at this hotel.   First and foremost there is vallet parking free of cost.  There is a lounge to sit even if you arrive early till your friends come.  The hotel is spacious luxurious and there is absolutely no …,Namma Veedu Vasanta Bhavan
VB World by Namma Veedu Vasanta Bhavan,"Washing area should be cleaned often and they should have refreshner spray like ecolab will do. Floor area in the hand washing should be clean and dry also
Innovative menu and great atmosphere.
Well done to the architect and the owner",Namma Veedu Vasanta Bhavan
VB World by Namma Veedu Vasanta Bhavan,Visited Vasantha Bhavan in Velachery and ordered parcel. The packing was very poor — the food was not hot even though I reached home within 10 minutes. They also didn’t provide proper covers for the chappathi and appalam. The taste was …,Namma Veedu Vasanta Bhavan
VB World by Namma Veedu Vasanta Bhavan,"Same restaurant, new branch, same happiness! Evening chats were crispy, tangy, and oh-so addictive. Consistency never tasted this good!",Namma Veedu Vasanta Bhavan
VB World by Namma Veedu Vasanta Bhavan,"We visited VB worlf restaurant recently and had a great experience. Tried the honey chilli lotus stem, sushi, and Thai curry – everything tasted really good and fresh. The ambience was very pleasant and added to the overall vibe. Pricing …",Namma Veedu Vasanta Bhavan
VB World by Namma Veedu Vasanta Bhavan,"Had a wonderful experience at Vasantha Bhavan Veg. The food was fresh, delicious, and served hot. The taste was authentic, and the quality was excellent. A special thanks to Deepa for her friendly attitude and excellent service. She handled …",Namma Veedu Vasanta Bhavan
VB World by Namma Veedu Vasanta Bhavan,"Superb ambience. Very expensive.
Very tasty food.
Honey chilli lotus stem- overhyped dish in Google reviews. Very very crispy and …",Namma Veedu Vasanta Bhavan
VB World by Namma Veedu Vasanta Bhavan,"Very good ambience. Food is good, prices are little higher than other places.",Namma Veedu Vasanta Bhavan
VB World by Namma Veedu Vasanta Bhavan,Big Kudos to someone thought like this. Everything is in premium range and Big Feast for Non veg lovers as many items gives the feeling of eating like non veg foods. Dynamite Prawns highly recommended.,Namma Veedu Vasanta Bhavan
VB World by Namma Veedu Vasanta Bhavan,VB world has a very good ambience and the interiors are done tastefully. The prices are on the higher side when compared to other veg restaurants. Food arrived quickly and the service was good. But taste is very average. They can definitely do better for the prices they charge.,Namma Veedu Vasanta Bhavan
VB World by Namma Veedu Vasanta Bhavan,"What a disastrous Pani Puri, honestly I shouldn't have ordered this at VB world knowing their culinary strengths... first bit a large size puri pre filled with the savory making it soggy.. who does that? I had to break the puri into two …",Namma Veedu Vasanta Bhavan
VB World by Namma Veedu Vasanta Bhavan,"We ordered for coconut milk idyiappam which was okaish as it did not have much flavours. Mysore masala dosa and plain masala dosa were too good.
Medu vada batter was not fresh and was little sour. Overall still a good place to visit as the place setting and ambience were like a fine dining.",Namma Veedu Vasanta Bhavan
VB World by Namma Veedu Vasanta Bhavan,"I had an amazing dining experience at Nama Veetu Vasanta Bhavan! The ambiance was warm and inviting, perfect for a family outing. The food was absolutely delicious – every dish was bursting with authentic flavors. The service was top-notch; …",Namma Veedu Vasanta Bhavan
VB World by Namma Veedu Vasanta Bhavan,"The place looks nice but ambience is not that great. Imagine an open hall with 50 people talking in groups, the chatter and sounds all around. Need to mention that the food was good well made/cooked and tasty. All items we ordered were …",Namma Veedu Vasanta Bhavan
VB World by Namma Veedu Vasanta Bhavan,"It’s a great place for vegetarians who wanna try n explore global cuisine with wide choice :)
Mr Arunkumar was kind , courteous and helpful with the order. …",Namma Veedu Vasanta Bhavan
VB World by Namma Veedu Vasanta Bhavan,"We had a fantastic dinner last night! The food was excellent, and their new additions like Veg Prawns and Veg Chukka were next level! …",Namma Veedu Vasanta Bhavan
VB World by Namma Veedu Vasanta Bhavan,Deepa is excellent and did a great job suggesting dishes. It was a wonderful experience. One big suggestion is that pls get a ramp for special people to get inside ur restaurant. Dishes are pricy.,Namma Veedu Vasanta Bhavan
VB World by Namma Veedu Vasanta Bhavan,"My experience at VB World by Namma Veedu Vasanta Bhavan has been consistently amazing. Every time I visit, I'm treated to a culinary delight – fresh ingredients, bold flavors and beautiful presentation. If you're a veg food lover like me, this is a must-visit spot!",Namma Veedu Vasanta Bhavan
VB World by Namma Veedu Vasanta Bhavan,"For many customers, one of the biggest expectations while visiting a restaurant is to receive food that is served hot and fresh. Restaurants are places where people come not only to eat, but also to relax, spend time with family and …",Namma Veedu Vasanta Bhavan
VB World by Namma Veedu Vasanta Bhavan,Had a great time her Mr. M Arun kumar was the incharge for our table was very polite and attentive overall great experience in having food here,Namma Veedu Vasanta Bhavan
VB World by Namma Veedu Vasanta Bhavan,"One of the best vegetarian restaurants in the city, with hospitality that exceeded our expectations. Vijay, who served our table, was very polite and friendly. The signature dish, “Veg Chukka”, which he recommended, was absolutely top-notch.",Namma Veedu Vasanta Bhavan
VB World by Namma Veedu Vasanta Bhavan,"Worst service ever, they took the menu even when we were ordering food. Many foods were not available, they weren't ice cubes available like seriously. The ones which would be given as compliment according to them are said that it can only …",Namma Veedu Vasanta Bhavan
